id,domain,intent,user_query,response,source,split,intent_id,domain_id
1,E-commerce,wrong_product,My order contains a different product.,Start a return or replacement request for the incorrect item and follow the seller's instructions.,curated_project_dataset,validation,30,0
2,E-commerce,cancel_order,Please cancel my order (request 91),I can guide you through cancellation. Check your order details for the Cancel Order option.,curated_project_dataset,train,6,0
3,E-commerce,wrong_product,I want to know: My order contains a different product.,Start a return or replacement request for the incorrect item and follow the seller's instructions.,curated_project_dataset,train,30,0
4,Healthcare,appointment_reschedule,How can I change my consultation date? (request 52),Use the reschedule option in your appointment details and select a new available date.,curated_project_dataset,test,3,2
5,Finance,cash_withdrawal,The ATM did not give me cash. Can you guide me?,"If your account was debited, keep the ATM receipt or transaction details and contact your bank immediately for investigation.",curated_project_dataset,train,8,1
6,E-commerce,cancel_order,Can you help me with this? Can I cancel my purchase?,Cancellation depends on the order status. Please open the order details and check whether the cancellation option is available.,curated_project_dataset,train,6,0
7,E-commerce,payment_failed,I need help with this: My card payment did not go through.,Please verify your card details and contact your bank if the transaction continues to be declined.,curated_project_dataset,train,20,0
8,Finance,transfer_failed,I want to know: Why did my transfer fail? Can you guide me?,"Transfers can fail because of incorrect details, account restrictions, insufficient funds, or bank-side issues. Check the transaction information and contact your bank if needed.",curated_project_dataset,train,28,1
9,Healthcare,medication_information,Please help me: What is this medicine used for?,Medication uses depend on the specific medicine and your circumstances. Check the medicine label or consult a pharmacist or doctor for reliable guidance.,curated_project_dataset,train,19,2
10,Finance,cash_withdrawal,My ATM transaction failed (request 80),Check your account and ATM transaction status. Contact your bank if money was debited or the issue continues.,curated_project_dataset,train,8,1
11,Finance,balance_inquiry,I want to know my bank balance (request 55),Please check the balance section of your official banking app or online banking account.,curated_project_dataset,train,4,1
12,Healthcare,appointment_booking,How can I book a doctor appointment? (request 53),"You can book an appointment by selecting a doctor, choosing an available date and time, and confirming the booking.",curated_project_dataset,train,1,2
13,Healthcare,lab_test,How do I book a lab test? (request 45),"Select the required test, choose an available laboratory or collection service, and confirm the appointment if booking is available.",curated_project_dataset,train,15,2
14,E-commerce,damaged_product,The package arrived damaged (request 64),Document the package condition and contact customer support or the seller with your order number and photos.,curated_project_dataset,train,10,0
15,Finance,loan_information,How can I apply for a loan? (request 77),"Loan eligibility, documents, interest rates, and application procedures vary by lender. Check the lender's official application process.",curated_project_dataset,train,16,1
16,Healthcare,emergency_guidance,What should I do in a medical emergency?,"For a serious or life-threatening emergency, seek immediate emergency medical care or contact your local emergency service. Do not rely on a chatbot for emergency treatment.",curated_project_dataset,test,12,2
17,E-commerce,track_order,How can I track my package? (request 74),Use the tracking link in your order details or provide your order number to check the shipment status.,curated_project_dataset,train,26,0
18,Healthcare,medication_information,What is this medicine used for? (request 73),Medication uses depend on the specific medicine and your circumstances. Check the medicine label or consult a pharmacist or doctor for reliable guidance.,curated_project_dataset,train,19,2
19,Finance,loan_information,What documents are required for a loan? (request 39),"Requirements depend on the lender and loan type. Commonly requested documents may include identity, income, and address information.",curated_project_dataset,train,16,1
20,Finance,cash_withdrawal,Why did my cash withdrawal fail? (request 47),"A withdrawal may fail because of insufficient funds, card restrictions, ATM issues, or withdrawal limits.",curated_project_dataset,test,8,1
21,Healthcare,appointment_booking,How can I book a doctor appointment? (request 45),"You can book an appointment by selecting a doctor, choosing an available date and time, and confirming the booking.",curated_project_dataset,train,1,2
22,Healthcare,appointment_reschedule,I need to reschedule my doctor's visit (request 90),"Open your appointment and select Reschedule, then choose another available date and time.",curated_project_dataset,train,3,2
23,Healthcare,emergency_guidance,I want to know: What should I do in a medical emergency?,"For a serious or life-threatening emergency, seek immediate emergency medical care or contact your local emergency service. Do not rely on a chatbot for emergency treatment.",curated_project_dataset,validation,12,2
24,Finance,transfer_pending,When will my pending transfer be completed? (request 84),Processing time varies by bank and transfer type. Check the transaction status for the latest update.,curated_project_dataset,train,29,1
25,E-commerce,refund,When will I get my refund? (request 61),Refund timing depends on the payment method and seller's processing time. Check your order's refund status for the latest update.,curated_project_dataset,train,23,0
26,Finance,credit_card,I need help with my credit card (request 96),"Please specify whether you need help with payments, limits, transactions, fees, or card access so the appropriate guidance can be provided.",curated_project_dataset,train,9,1
27,Finance,bank_account,Can I open a bank account online?,"Many banks offer online account opening, subject to eligibility and verification requirements. Check your bank's official website.",curated_project_dataset,validation,5,1
28,E-commerce,return_order,Can I return my product? (request 27),"Return eligibility depends on the product, seller policy, and purchase date. Check the return policy associated with your order.",curated_project_dataset,train,24,0
29,Healthcare,appointment_reschedule,Can I change my appointment time? (request 97),"Yes. If another slot is available, you can reschedule the appointment from your booking details.",curated_project_dataset,train,3,2
30,E-commerce,return_order,I want to return something I bought (request 42),You can request a return from the order details if the item meets the seller's return conditions.,curated_project_dataset,test,24,0
31,E-commerce,track_order,Please help me: How can I track my package?,Use the tracking link in your order details or provide your order number to check the shipment status.,curated_project_dataset,train,26,0
32,E-commerce,delivery_time,How long does delivery take? (request 66),"Delivery time varies by location, seller, and shipping option. Check the estimated delivery date shown during checkout or in your order.",curated_project_dataset,train,11,0
33,Healthcare,medical_report,I received my test report. What does it mean? (request 47),"Please discuss the report with your healthcare professional, who can interpret the findings using your clinical history and examination.",curated_project_dataset,train,18,2
34,Finance,credit_card,I need help with my credit card (request 52),"Please specify whether you need help with payments, limits, transactions, fees, or card access so the appropriate guidance can be provided.",curated_project_dataset,train,9,1
35,Healthcare,appointment_reschedule,How can I change my consultation date? (request 92),Use the reschedule option in your appointment details and select a new available date.,curated_project_dataset,train,3,2
36,Healthcare,medical_report,Can you explain my medical report? (request 82),"I can explain general medical terminology, but a healthcare professional should interpret your results in the context of your symptoms and medical history.",curated_project_dataset,train,18,2
37,Finance,transfer_failed,My money transfer failed (request 45),"Please check the transfer details and your account status. If the problem persists, contact your bank for the specific reason for failure.",curated_project_dataset,train,28,1
38,Healthcare,symptoms_information,Please help me: I have been feeling unwell. What should I do?,"If symptoms are mild, monitor them and consider contacting a healthcare professional. Seek urgent medical care if symptoms are severe or rapidly worsening.",curated_project_dataset,train,25,2
39,Healthcare,appointment_reschedule,Can I move my appointment to next week? (request 99),You can reschedule if the provider has an available slot next week.,curated_project_dataset,train,3,2
40,E-commerce,return_order,Can I return my product? (request 99),"Return eligibility depends on the product, seller policy, and purchase date. Check the return policy associated with your order.",curated_project_dataset,train,24,0
41,Healthcare,appointment_cancel,Can I cancel my appointment today? (request 95),"Yes, if cancellation is allowed by the provider. Please check your appointment details for the applicable cancellation policy.",curated_project_dataset,train,2,2
42,Healthcare,appointment_booking,I want to see a doctor (request 64),I can help you schedule a consultation. Please provide the medical specialty or doctor you want to visit.,curated_project_dataset,train,1,2
43,Healthcare,symptoms_information,Can you tell me what my symptoms mean? (request 94),Symptoms can have many possible causes. Please consult a healthcare professional for an appropriate evaluation rather than relying on a chatbot for diagnosis.,curated_project_dataset,test,25,2
44,Healthcare,medical_report,How do I download my lab report? (request 28),"If online access is provided, sign in to the patient portal and look under reports or test results.",curated_project_dataset,train,18,2
45,E-commerce,product_information,Is this item available? (request 84),Check the product page for the latest stock status. Availability can change quickly.,curated_project_dataset,train,22,0
46,E-commerce,product_information,Is this item available? (request 48),Check the product page for the latest stock status. Availability can change quickly.,curated_project_dataset,train,22,0
47,Finance,card_payment,Why did my card payment fail? (request 26),"A card payment may fail because of insufficient funds, incorrect details, security checks, or merchant restrictions.",curated_project_dataset,validation,7,1
48,Healthcare,appointment_booking,Please help me: Can I make an appointment for tomorrow?,"Yes, if appointments are available. Please select the doctor and check tomorrow's available time slots.",curated_project_dataset,train,1,2
49,Finance,cash_withdrawal,My ATM transaction failed (request 68),Check your account and ATM transaction status. Contact your bank if money was debited or the issue continues.,curated_project_dataset,train,8,1
50,E-commerce,delivery_time,When will my order be delivered?,The estimated delivery date is usually shown in your order details and may depend on your location and shipping method.,curated_project_dataset,train,11,0
51,E-commerce,track_order,What is the status of my order? (request 91),Please provide your order number so the current delivery status can be checked.,curated_project_dataset,train,26,0
52,Finance,transfer_failed,Can you help me with this? The transfer was unsuccessful. Can you guide me?,Please review the transaction details and any error message. Your bank can provide the exact reason if the transaction was rejected.,curated_project_dataset,train,28,1
53,Healthcare,appointment_reschedule,How can I change my consultation date?,Use the reschedule option in your appointment details and select a new available date.,curated_project_dataset,train,3,2
54,Finance,card_payment,Please help me: I cannot pay with my card. Can you guide me?,"Verify that your card is active and has sufficient funds. If payments continue to fail, contact your card issuer.",curated_project_dataset,train,7,1
55,Healthcare,appointment_cancel,How do I cancel my appointment? (request 53),"You can cancel the appointment from your booking details. If cancellation is unavailable online, contact the healthcare provider.",curated_project_dataset,train,2,2
56,Finance,fraud_transaction,Someone may have used my card.,"Contact your card issuer immediately using the official number or app, secure your account, and follow the issuer's instructions for reporting suspected fraud.",curated_project_dataset,train,13,1
57,E-commerce,refund,I want to know my refund status (request 60),Please provide your order details or check the refund section of your account for the latest status.,curated_project_dataset,test,23,0
58,Healthcare,medical_report,Where can I see my medical report? (request 73),"If digital records are available, check your healthcare account or patient portal. Otherwise, contact the healthcare provider that performed the test.",curated_project_dataset,train,18,2
59,Finance,bank_account,I want to open a new bank account (request 79),Choose an appropriate account type and follow the bank's official application process. You may need identity and address documents.,curated_project_dataset,train,5,1
60,E-commerce,track_order,How can I track my package?,Use the tracking link in your order details or provide your order number to check the shipment status.,curated_project_dataset,train,26,0
61,Healthcare,medical_report,Can you help me with this? I received my test report. What does it mean?,"Please discuss the report with your healthcare professional, who can interpret the findings using your clinical history and examination.",curated_project_dataset,train,18,2
62,Healthcare,lab_test,I want to know: How do I book a lab test?,"Select the required test, choose an available laboratory or collection service, and confirm the appointment if booking is available.",curated_project_dataset,train,15,2
63,Healthcare,health_insurance,Can I use insurance for my hospital visit? (request 43),This depends on your plan and the healthcare provider. Confirm eligibility and any pre-authorization requirements with your insurer.,curated_project_dataset,train,14,2
64,Healthcare,appointment_reschedule,Can I move my appointment to next week? (request 67),You can reschedule if the provider has an available slot next week.,curated_project_dataset,train,3,2
65,Healthcare,appointment_booking,I want to see a doctor (request 52),I can help you schedule a consultation. Please provide the medical specialty or doctor you want to visit.,curated_project_dataset,train,1,2
66,E-commerce,cancel_order,How do I stop an order before it ships? (request 96),Open your order details and select cancellation if the option is still available.,curated_project_dataset,train,6,0
67,E-commerce,return_order,Can I return my product? (request 71),"Return eligibility depends on the product, seller policy, and purchase date. Check the return policy associated with your order.",curated_project_dataset,train,24,0
68,E-commerce,payment_failed,My card payment did not go through (request 92),Please verify your card details and contact your bank if the transaction continues to be declined.,curated_project_dataset,test,20,0
69,E-commerce,product_information,Where can I find product specifications? (request 83),Product specifications are usually listed on the product page under the description or specifications section.,curated_project_dataset,train,22,0
70,Healthcare,prescription,Can I get a copy of my prescription? (request 22),"You can request a copy from your prescribing doctor or healthcare provider, subject to their procedures.",curated_project_dataset,validation,21,2
71,E-commerce,delivery_time,Can I know the expected delivery date? (request 95),Yes. Check your order details for the current estimated delivery date.,curated_project_dataset,validation,11,0
72,Finance,bank_account,Can I open a bank account online? (request 64),"Many banks offer online account opening, subject to eligibility and verification requirements. Check your bank's official website.",curated_project_dataset,train,5,1
73,Finance,loan_information,How can I apply for a loan? (request 49),"Loan eligibility, documents, interest rates, and application procedures vary by lender. Check the lender's official application process.",curated_project_dataset,train,16,1
74,E-commerce,account_issue,Please help me: I forgot my account password.,Use the password-reset option associated with your account email or phone number.,curated_project_dataset,test,0,0
75,Healthcare,appointment_cancel,Can I cancel my appointment today?,"Yes, if cancellation is allowed by the provider. Please check your appointment details for the applicable cancellation policy.",curated_project_dataset,train,2,2
76,Healthcare,lab_test,I need information about a medical test (request 96),"Please provide the test name. Preparation, timing, and interpretation can vary by test.",curated_project_dataset,train,15,2
77,Finance,transaction_issue,There is a problem with my transaction (request 33),"Review the transaction details and status in your banking account. If the issue is unresolved, contact your bank with the transaction reference.",curated_project_dataset,train,27,1
78,Finance,loan_information,How can I apply for a loan? (request 25),"Loan eligibility, documents, interest rates, and application procedures vary by lender. Check the lender's official application process.",curated_project_dataset,train,16,1
79,Finance,balance_inquiry,What is my account balance? (request 73),"You can check your current balance through your bank's official mobile app, online banking portal, ATM, or branch.",curated_project_dataset,train,4,1
80,Finance,card_payment,I cannot pay with my card (request 83),"Verify that your card is active and has sufficient funds. If payments continue to fail, contact your card issuer.",curated_project_dataset,train,7,1
81,E-commerce,wrong_product,The product I received is not what I ordered (request 43),Please report the mismatch through customer support or the order return process so the issue can be investigated.,curated_project_dataset,train,30,0
82,E-commerce,wrong_product,The product I received is not what I ordered (request 31),Please report the mismatch through customer support or the order return process so the issue can be investigated.,curated_project_dataset,train,30,0
83,Healthcare,medical_report,I received my test report. What does it mean? (request 95),"Please discuss the report with your healthcare professional, who can interpret the findings using your clinical history and examination.",curated_project_dataset,train,18,2
84,E-commerce,wrong_product,Can you help me with this? I received the wrong item.,Please report the issue through your order details and provide the order number and photos of the received product if requested.,curated_project_dataset,train,30,0
85,Finance,transfer_pending,Why is my transfer still pending?,A transfer may remain pending while the bank processes or verifies it. Check the transaction details for the expected processing time.,curated_project_dataset,validation,29,1
86,Healthcare,appointment_cancel,How do I cancel my appointment? (request 45),"You can cancel the appointment from your booking details. If cancellation is unavailable online, contact the healthcare provider.",curated_project_dataset,train,2,2
87,Finance,cash_withdrawal,The ATM did not give me cash (request 26),"If your account was debited, keep the ATM receipt or transaction details and contact your bank immediately for investigation.",curated_project_dataset,train,8,1
88,E-commerce,refund,How does a product refund work? (request 31),"After the return or cancellation is approved, the refund is generally processed to the original payment method, subject to the seller's policy.",curated_project_dataset,train,23,0
89,Finance,card_payment,Why did my card payment fail? (request 78),"A card payment may fail because of insufficient funds, incorrect details, security checks, or merchant restrictions.",curated_project_dataset,train,7,1
90,Finance,credit_card,What is my credit card limit? (request 82),"Your current credit limit is available through your card issuer's official app, online account, statement, or customer service.",curated_project_dataset,test,9,1
91,Healthcare,symptoms_information,Can you help me with this? Can you tell me what my symptoms mean?,Symptoms can have many possible causes. Please consult a healthcare professional for an appropriate evaluation rather than relying on a chatbot for diagnosis.,curated_project_dataset,train,25,2
92,E-commerce,return_order,I want to return something I bought (request 62),You can request a return from the order details if the item meets the seller's return conditions.,curated_project_dataset,train,24,0
93,Finance,card_payment,I want to know: I cannot pay with my card. Can you guide me?,"Verify that your card is active and has sufficient funds. If payments continue to fail, contact your card issuer.",curated_project_dataset,test,7,1
94,E-commerce,return_order,I want to return something I bought (request 70),You can request a return from the order details if the item meets the seller's return conditions.,curated_project_dataset,train,24,0
95,E-commerce,damaged_product,My product arrived damaged (request 61),"Please take photos of the damaged item and packaging, then report the issue through the order's return or support process as soon as possible.",curated_project_dataset,validation,10,0
96,Healthcare,medication_information,What is this medicine used for? (request 17),Medication uses depend on the specific medicine and your circumstances. Check the medicine label or consult a pharmacist or doctor for reliable guidance.,curated_project_dataset,validation,19,2
97,Finance,bank_account,Can I open a bank account online? (request 32),"Many banks offer online account opening, subject to eligibility and verification requirements. Check your bank's official website.",curated_project_dataset,train,5,1
98,Finance,balance_inquiry,Can I check my balance online? (request 92),Yes. Most banks provide balance information through their official online banking or mobile application.,curated_project_dataset,train,4,1
99,Healthcare,appointment_cancel,Can I cancel my appointment today? (request 75),"Yes, if cancellation is allowed by the provider. Please check your appointment details for the applicable cancellation policy.",curated_project_dataset,train,2,2
100,E-commerce,damaged_product,What should I do if my item is damaged? (request 26),"Keep the product and packaging, document the damage with photos, and submit a damage claim or return request through the order details.",curated_project_dataset,train,10,0
101,Finance,transfer_failed,The transfer was unsuccessful (request 76),Please review the transaction details and any error message. Your bank can provide the exact reason if the transaction was rejected.,curated_project_dataset,train,28,1
102,Healthcare,appointment_booking,I need to schedule a consultation (request 46),Sure. Please choose the required doctor or specialty and select an available appointment slot.,curated_project_dataset,train,1,2
103,Healthcare,lab_test,Where can I get my blood test done? (request 86),You can use an authorized laboratory or collection center. Follow the test-specific preparation instructions provided by your healthcare provider.,curated_project_dataset,train,15,2
104,E-commerce,delivery_time,I want to know: Do you offer fast delivery?,"Available delivery speeds depend on the product, seller, location, and shipping options shown at checkout.",curated_project_dataset,train,11,0
105,E-commerce,return_order,What is the process for returning an item? (request 32),"Start a return request from your order details, select the reason, and follow the packaging and pickup or drop-off instructions.",curated_project_dataset,train,24,0
106,Healthcare,health_insurance,Can I use insurance for my hospital visit? (request 63),This depends on your plan and the healthcare provider. Confirm eligibility and any pre-authorization requirements with your insurer.,curated_project_dataset,train,14,2
107,E-commerce,account_issue,I forgot my account password (request 66),Use the password-reset option associated with your account email or phone number.,curated_project_dataset,train,0,0
108,Healthcare,symptoms_information,I want information about my symptoms (request 32),"I can provide general health information, but a clinician should evaluate symptoms to determine the appropriate diagnosis and treatment.",curated_project_dataset,train,25,2
109,Healthcare,appointment_booking,I need to schedule a consultation (request 94),Sure. Please choose the required doctor or specialty and select an available appointment slot.,curated_project_dataset,test,1,2
110,E-commerce,delivery_time,How long does delivery take? (request 42),"Delivery time varies by location, seller, and shipping option. Check the estimated delivery date shown during checkout or in your order.",curated_project_dataset,train,11,0
111,Finance,fraud_transaction,There is a suspicious transaction on my account (request 87),Review the transaction and report it to your bank promptly if you did not authorize it. Use only official banking contact channels.,curated_project_dataset,train,13,1
112,Healthcare,prescription,I lost my prescription. What should I do? (request 7),Contact the prescribing healthcare provider or pharmacist. They can advise whether a replacement or copy can be issued.,curated_project_dataset,train,21,2
113,Finance,fraud_transaction,I want to know: Someone may have used my card. Can you guide me?,"Contact your card issuer immediately using the official number or app, secure your account, and follow the issuer's instructions for reporting suspected fraud.",curated_project_dataset,train,13,1
114,Finance,transfer_pending,Why is my transfer still pending? (request 46),A transfer may remain pending while the bank processes or verifies it. Check the transaction details for the expected processing time.,curated_project_dataset,train,29,1
115,Healthcare,medication_information,I want information about my medication (request 96),Please share the medicine name if you want general information. Do not change the prescribed dose without consulting your healthcare professional.,curated_project_dataset,train,19,2
116,Finance,transfer_failed,My money transfer failed (request 33),"Please check the transfer details and your account status. If the problem persists, contact your bank for the specific reason for failure.",curated_project_dataset,train,28,1
117,Healthcare,appointment_booking,How can I book a doctor appointment?,"You can book an appointment by selecting a doctor, choosing an available date and time, and confirming the booking.",curated_project_dataset,train,1,2
118,Healthcare,symptoms_information,I need help with this: I have been feeling unwell. What should I do?,"If symptoms are mild, monitor them and consider contacting a healthcare professional. Seek urgent medical care if symptoms are severe or rapidly worsening.",curated_project_dataset,train,25,2
119,E-commerce,return_order,How do I return a product? (request 73),"Open your order details, select the return option if eligible, choose a return reason, and follow the provided instructions.",curated_project_dataset,validation,24,0
120,E-commerce,account_issue,I forgot my account password (request 42),Use the password-reset option associated with your account email or phone number.,curated_project_dataset,test,0,0
121,Finance,fraud_transaction,I think my account has been compromised (request 68),"Contact your bank immediately through an official channel, secure your account credentials, and follow its instructions for protecting the account.",curated_project_dataset,train,13,1
122,E-commerce,refund,I want to know: When will I get my refund?,Refund timing depends on the payment method and seller's processing time. Check your order's refund status for the latest update.,curated_project_dataset,train,23,0
123,Healthcare,medical_report,How do I download my lab report? (request 56),"If online access is provided, sign in to the patient portal and look under reports or test results.",curated_project_dataset,train,18,2
124,E-commerce,damaged_product,I received a broken product (request 71),Please report the issue promptly through your order support or return process and provide clear photos of the damage.,curated_project_dataset,train,10,0
125,E-commerce,return_order,How do I return a product?,"Open your order details, select the return option if eligible, choose a return reason, and follow the provided instructions.",curated_project_dataset,train,24,0
126,Finance,transfer_failed,I cannot send money (request 75),"Verify the recipient details and available balance, then try again. If the transfer still fails, contact your bank.",curated_project_dataset,train,28,1
127,E-commerce,account_issue,My account is not working (request 92),"Try signing out and back in or resetting your password. If the problem continues, contact customer support.",curated_project_dataset,train,0,0
128,Healthcare,health_insurance,I need information about health insurance (request 80),"Please specify whether you need help with coverage, claims, eligibility, or policy information so the appropriate guidance can be provided.",curated_project_dataset,train,14,2
129,Healthcare,medical_report,Can you explain my medical report? (request 66),"I can explain general medical terminology, but a healthcare professional should interpret your results in the context of your symptoms and medical history.",curated_project_dataset,train,18,2
130,Healthcare,emergency_guidance,This feels like an emergency (request 28),"Please seek immediate emergency medical assistance. If possible, have someone stay with you while help is arranged.",curated_project_dataset,train,12,2
131,Finance,transaction_issue,My transaction looks incorrect (request 78),"Please verify the amount, date, and transaction details. If you do not recognize or agree with the transaction, contact your bank promptly.",curated_project_dataset,train,27,1
132,E-commerce,refund,How does a product refund work? (request 75),"After the return or cancellation is approved, the refund is generally processed to the original payment method, subject to the seller's policy.",curated_project_dataset,train,23,0
133,E-commerce,wrong_product,The product I received is not what I ordered (request 15),Please report the mismatch through customer support or the order return process so the issue can be investigated.,curated_project_dataset,train,30,0
134,E-commerce,damaged_product,I received a broken product (request 99),Please report the issue promptly through your order support or return process and provide clear photos of the damage.,curated_project_dataset,train,10,0
135,Healthcare,emergency_guidance,I have a severe medical problem. What should I do? (request 30),"Seek urgent medical attention immediately, especially if symptoms are severe, sudden, or life-threatening.",curated_project_dataset,train,12,2
136,Healthcare,medication_information,What is this medicine used for? (request 37),Medication uses depend on the specific medicine and your circumstances. Check the medicine label or consult a pharmacist or doctor for reliable guidance.,curated_project_dataset,train,19,2
137,Healthcare,appointment_cancel,How do I cancel my appointment? (request 97),"You can cancel the appointment from your booking details. If cancellation is unavailable online, contact the healthcare provider.",curated_project_dataset,train,2,2
138,E-commerce,damaged_product,I received a broken product (request 63),Please report the issue promptly through your order support or return process and provide clear photos of the damage.,curated_project_dataset,validation,10,0
139,E-commerce,track_order,Where is my order? (request 65),I can help with order tracking. Please provide your order number or tracking details.,curated_project_dataset,train,26,0
140,Finance,transaction_issue,Why is my transaction not showing? (request 43),Transaction updates can take time depending on the transaction type. Check again later and contact your bank if the expected posting time has passed.,curated_project_dataset,validation,27,1
141,Finance,cash_withdrawal,I could not withdraw cash (request 29),"Check whether your card is active and whether you have sufficient available balance. If the ATM charged you without dispensing cash, contact your bank promptly.",curated_project_dataset,train,8,1
142,E-commerce,return_order,How do I return a product? (request 69),"Open your order details, select the return option if eligible, choose a return reason, and follow the provided instructions.",curated_project_dataset,train,24,0
143,Finance,transaction_issue,Please help me: I need help with a bank transaction. Can you guide me?,Please check the transaction status and reference number. Your bank can investigate account-specific transaction issues.,curated_project_dataset,validation,27,1
144,Finance,loan_information,How do I check loan eligibility? (request 80),"Eligibility depends on the lender's criteria, which may include income, credit history, employment, and existing obligations.",curated_project_dataset,train,16,1
145,Finance,balance_inquiry,How can I check my balance? (request 26),Use your bank's official app or online banking service to view your current account balance.,curated_project_dataset,validation,4,1
146,Healthcare,medication_information,How should I learn about my prescribed medicine? (request 51),"Review the prescription and medication leaflet, and ask your doctor or pharmacist about dosage, interactions, and precautions.",curated_project_dataset,train,19,2
147,Finance,transfer_failed,My money transfer failed (request 65),"Please check the transfer details and your account status. If the problem persists, contact your bank for the specific reason for failure.",curated_project_dataset,train,28,1
148,Finance,transaction_issue,There is a problem with my transaction (request 73),"Review the transaction details and status in your banking account. If the issue is unresolved, contact your bank with the transaction reference.",curated_project_dataset,train,27,1
149,Finance,transfer_pending,I need help with this: My money transfer is pending. Can you guide me?,Pending transfers can take time depending on the bank and transfer type. Please check the transaction status and contact your bank if it remains pending beyond the expected processing period.,curated_project_dataset,train,29,1
150,Healthcare,appointment_reschedule,Can I move my appointment to next week? (request 71),You can reschedule if the provider has an available slot next week.,curated_project_dataset,train,3,2
151,E-commerce,wrong_product,I received the wrong item (request 41),Please report the issue through your order details and provide the order number and photos of the received product if requested.,curated_project_dataset,train,30,0
152,Finance,fraud_transaction,There is a suspicious transaction on my account (request 35),Review the transaction and report it to your bank promptly if you did not authorize it. Use only official banking contact channels.,curated_project_dataset,validation,13,1
153,Healthcare,emergency_guidance,When should I seek emergency care? (request 79),"Emergency care may be needed for severe or rapidly worsening symptoms. When in doubt about a potentially serious condition, seek immediate professional medical help.",curated_project_dataset,train,12,2
154,Finance,transfer_failed,I cannot send money (request 67),"Verify the recipient details and available balance, then try again. If the transfer still fails, contact your bank.",curated_project_dataset,train,28,1
155,Healthcare,symptoms_information,I have been feeling unwell. What should I do? (request 55),"If symptoms are mild, monitor them and consider contacting a healthcare professional. Seek urgent medical care if symptoms are severe or rapidly worsening.",curated_project_dataset,train,25,2
156,E-commerce,wrong_product,I received the wrong item (request 77),Please report the issue through your order details and provide the order number and photos of the received product if requested.,curated_project_dataset,test,30,0
157,Healthcare,appointment_cancel,How do I cancel my appointment? (request 85),"You can cancel the appointment from your booking details. If cancellation is unavailable online, contact the healthcare provider.",curated_project_dataset,train,2,2
158,Finance,loan_information,How can I apply for a loan? (request 45),"Loan eligibility, documents, interest rates, and application procedures vary by lender. Check the lender's official application process.",curated_project_dataset,train,16,1
159,E-commerce,delivery_time,Can I know the expected delivery date? (request 15),Yes. Check your order details for the current estimated delivery date.,curated_project_dataset,train,11,0
160,Finance,loan_information,How do I check loan eligibility? (request 60),"Eligibility depends on the lender's criteria, which may include income, credit history, employment, and existing obligations.",curated_project_dataset,train,16,1
161,E-commerce,damaged_product,Can you help me with this? I received a broken product.,Please report the issue promptly through your order support or return process and provide clear photos of the damage.,curated_project_dataset,train,10,0
162,E-commerce,wrong_product,My order contains a different product (request 62),Start a return or replacement request for the incorrect item and follow the seller's instructions.,curated_project_dataset,train,30,0
163,Healthcare,appointment_reschedule,Can I move my appointment to next week? (request 47),You can reschedule if the provider has an available slot next week.,curated_project_dataset,validation,3,2
164,Healthcare,prescription,How do I view my prescription? (request 56),"If your provider offers online records, sign in to your healthcare account and open the prescription or medication section.",curated_project_dataset,train,21,2
165,E-commerce,damaged_product,My product arrived damaged (request 53),"Please take photos of the damaged item and packaging, then report the issue through the order's return or support process as soon as possible.",curated_project_dataset,train,10,0
166,E-commerce,refund,When will I get my refund? (request 65),Refund timing depends on the payment method and seller's processing time. Check your order's refund status for the latest update.,curated_project_dataset,test,23,0
167,Healthcare,appointment_booking,I want to see a doctor (request 68),I can help you schedule a consultation. Please provide the medical specialty or doctor you want to visit.,curated_project_dataset,train,1,2
168,Finance,bank_account,Please help me: I want to open a new bank account. Can you guide me?,Choose an appropriate account type and follow the bank's official application process. You may need identity and address documents.,curated_project_dataset,train,5,1
169,Finance,balance_inquiry,What is my account balance? (request 85),"You can check your current balance through your bank's official mobile app, online banking portal, ATM, or branch.",curated_project_dataset,train,4,1
170,Healthcare,prescription,Where can I find my prescription? (request 33),Your prescription may be available in your healthcare account or provided by your doctor. Check your medical records or contact the clinic.,curated_project_dataset,train,21,2
171,Finance,credit_card,What is my credit card limit? (request 74),"Your current credit limit is available through your card issuer's official app, online account, statement, or customer service.",curated_project_dataset,validation,9,1
172,Finance,loan_information,Please help me: I need information about a personal loan. Can you guide me?,"Personal-loan terms vary by lender, including eligibility, interest rate, tenure, and fees. Review the lender's official terms before applying.",curated_project_dataset,train,16,1
173,E-commerce,product_information,Where can I find product specifications?,Product specifications are usually listed on the product page under the description or specifications section.,curated_project_dataset,train,22,0
174,Healthcare,medical_report,Can you explain my medical report? (request 62),"I can explain general medical terminology, but a healthcare professional should interpret your results in the context of your symptoms and medical history.",curated_project_dataset,train,18,2
175,Finance,loan_information,How can I apply for a loan? (request 53),"Loan eligibility, documents, interest rates, and application procedures vary by lender. Check the lender's official application process.",curated_project_dataset,train,16,1
176,E-commerce,return_order,What is the process for returning an item? (request 12),"Start a return request from your order details, select the reason, and follow the packaging and pickup or drop-off instructions.",curated_project_dataset,test,24,0
177,Finance,balance_inquiry,Can I check my balance online? (request 44),Yes. Most banks provide balance information through their official online banking or mobile application.,curated_project_dataset,train,4,1
178,E-commerce,damaged_product,What should I do if my item is damaged? (request 94),"Keep the product and packaging, document the damage with photos, and submit a damage claim or return request through the order details.",curated_project_dataset,train,10,0
179,Healthcare,prescription,How do I view my prescription? (request 36),"If your provider offers online records, sign in to your healthcare account and open the prescription or medication section.",curated_project_dataset,train,21,2
180,E-commerce,damaged_product,I received a broken product (request 47),Please report the issue promptly through your order support or return process and provide clear photos of the damage.,curated_project_dataset,train,10,0
181,Healthcare,medication_information,I want information about my medication (request 64),Please share the medicine name if you want general information. Do not change the prescribed dose without consulting your healthcare professional.,curated_project_dataset,train,19,2
182,Finance,bank_account,What documents are needed to open an account? (request 78),Requirements vary by bank and account type. Check the bank's official documentation for current identity and address requirements.,curated_project_dataset,test,5,1
183,E-commerce,wrong_product,I got the wrong product. What should I do? (request 40),"Keep the item and packaging, then submit an incorrect-item request through your order details.",curated_project_dataset,train,30,0
184,Finance,credit_card,How do I pay my credit card bill? (request 63),"You can usually pay through the issuer's official app, online banking, bank transfer, or another supported payment method.",curated_project_dataset,train,9,1
185,Healthcare,appointment_cancel,How do I cancel my appointment? (request 25),"You can cancel the appointment from your booking details. If cancellation is unavailable online, contact the healthcare provider.",curated_project_dataset,train,2,2
186,Healthcare,appointment_cancel,Can I cancel my appointment today? (request 79),"Yes, if cancellation is allowed by the provider. Please check your appointment details for the applicable cancellation policy.",curated_project_dataset,train,2,2
187,Healthcare,appointment_cancel,How do I cancel my appointment? (request 93),"You can cancel the appointment from your booking details. If cancellation is unavailable online, contact the healthcare provider.",curated_project_dataset,train,2,2
188,Finance,transaction_issue,Can you help me with this? I need help with a bank transaction. Can you guide me?,Please check the transaction status and reference number. Your bank can investigate account-specific transaction issues.,curated_project_dataset,train,27,1
189,E-commerce,payment_failed,Why was my online payment declined? (request 30),"A payment can fail because of incorrect details, bank restrictions, insufficient funds, or security checks. Contact your bank if the problem continues.",curated_project_dataset,train,20,0
190,E-commerce,delivery_time,Do you offer fast delivery? (request 92),"Available delivery speeds depend on the product, seller, location, and shipping options shown at checkout.",curated_project_dataset,train,11,0
191,Healthcare,medical_report,Can you explain my medical report? (request 42),"I can explain general medical terminology, but a healthcare professional should interpret your results in the context of your symptoms and medical history.",curated_project_dataset,train,18,2
192,E-commerce,track_order,What is the status of my order? (request 35),Please provide your order number so the current delivery status can be checked.,curated_project_dataset,train,26,0
193,E-commerce,account_issue,How do I update my account details? (request 67),"Open your account settings and edit the available profile information, then save the changes.",curated_project_dataset,train,0,0
194,Healthcare,medication_information,How should I learn about my prescribed medicine? (request 79),"Review the prescription and medication leaflet, and ask your doctor or pharmacist about dosage, interactions, and precautions.",curated_project_dataset,train,19,2
195,E-commerce,track_order,My order has not arrived yet (request 28),"Please check the latest tracking update first. If the expected delivery date has passed, contact customer support with your order number.",curated_project_dataset,train,26,0
196,Finance,bank_account,What documents are needed to open an account?,Requirements vary by bank and account type. Check the bank's official documentation for current identity and address requirements.,curated_project_dataset,train,5,1
197,Healthcare,symptoms_information,What should I do about these symptoms? (request 69),"I can provide general information, but symptoms alone cannot establish a diagnosis. For persistent, severe, or worrying symptoms, consult a qualified healthcare professional.",curated_project_dataset,train,25,2
198,Finance,cash_withdrawal,I want to know: My ATM transaction failed. Can you guide me?,Check your account and ATM transaction status. Contact your bank if money was debited or the issue continues.,curated_project_dataset,train,8,1
199,Healthcare,health_insurance,How can I check my medical insurance coverage? (request 46),Review your policy documents or contact the insurer using the official customer-service channel to confirm coverage.,curated_project_dataset,train,14,2
200,Healthcare,appointment_reschedule,Can I change my appointment time? (request 57),"Yes. If another slot is available, you can reschedule the appointment from your booking details.",curated_project_dataset,train,3,2
201,E-commerce,return_order,Can you help me with this? Can I return my product?,"Return eligibility depends on the product, seller policy, and purchase date. Check the return policy associated with your order.",curated_project_dataset,train,24,0
202,E-commerce,account_issue,I cannot access my shopping account (request 93),"Use the account recovery or password-reset option. If you still cannot sign in, contact customer support through the official channel.",curated_project_dataset,validation,0,0
203,Healthcare,appointment_reschedule,How can I change my consultation date? (request 12),Use the reschedule option in your appointment details and select a new available date.,curated_project_dataset,train,3,2
204,Finance,bank_account,What documents are needed to open an account? (request 90),Requirements vary by bank and account type. Check the bank's official documentation for current identity and address requirements.,curated_project_dataset,train,5,1
205,E-commerce,account_issue,I forgot my account password (request 50),Use the password-reset option associated with your account email or phone number.,curated_project_dataset,train,0,0
206,E-commerce,refund,How does a product refund work? (request 63),"After the return or cancellation is approved, the refund is generally processed to the original payment method, subject to the seller's policy.",curated_project_dataset,train,23,0
207,Finance,transfer_failed,The transfer was unsuccessful (request 52),Please review the transaction details and any error message. Your bank can provide the exact reason if the transaction was rejected.,curated_project_dataset,train,28,1
208,Finance,transfer_failed,Why did my transfer fail? (request 54),"Transfers can fail because of incorrect details, account restrictions, insufficient funds, or bank-side issues. Check the transaction information and contact your bank if needed.",curated_project_dataset,train,28,1
209,Healthcare,prescription,How do I view my prescription? (request 68),"If your provider offers online records, sign in to your healthcare account and open the prescription or medication section.",curated_project_dataset,train,21,2
210,Finance,balance_inquiry,Can you help me with this? I want to know my bank balance. Can you guide me?,Please check the balance section of your official banking app or online banking account.,curated_project_dataset,train,4,1
211,Finance,transfer_pending,Why is my transfer still pending? (request 94),A transfer may remain pending while the bank processes or verifies it. Check the transaction details for the expected processing time.,curated_project_dataset,train,29,1
212,E-commerce,damaged_product,I received a broken product (request 11),Please report the issue promptly through your order support or return process and provide clear photos of the damage.,curated_project_dataset,train,10,0
213,E-commerce,return_order,What is the process for returning an item? (request 64),"Start a return request from your order details, select the reason, and follow the packaging and pickup or drop-off instructions.",curated_project_dataset,train,24,0
214,Finance,transfer_failed,I want to know: The transfer was unsuccessful. Can you guide me?,Please review the transaction details and any error message. Your bank can provide the exact reason if the transaction was rejected.,curated_project_dataset,train,28,1
215,Healthcare,medical_report,I received my test report. What does it mean? (request 99),"Please discuss the report with your healthcare professional, who can interpret the findings using your clinical history and examination.",curated_project_dataset,train,18,2
216,Healthcare,appointment_booking,How can I book a doctor appointment? (request 81),"You can book an appointment by selecting a doctor, choosing an available date and time, and confirming the booking.",curated_project_dataset,validation,1,2
217,Healthcare,appointment_booking,How can I book a doctor appointment? (request 33),"You can book an appointment by selecting a doctor, choosing an available date and time, and confirming the booking.",curated_project_dataset,train,1,2
218,Healthcare,medication_information,I want to know: How should I learn about my prescribed medicine?,"Review the prescription and medication leaflet, and ask your doctor or pharmacist about dosage, interactions, and precautions.",curated_project_dataset,validation,19,2
219,E-commerce,wrong_product,I received the wrong item (request 5),Please report the issue through your order details and provide the order number and photos of the received product if requested.,curated_project_dataset,validation,30,0
220,Finance,balance_inquiry,I want to know: How can I check my balance? Can you guide me?,Use your bank's official app or online banking service to view your current account balance.,curated_project_dataset,train,4,1
221,E-commerce,refund,I want to know: My refund has not arrived.,"Please check the refund status and original payment method. If the stated processing period has passed, contact customer support with your order details.",curated_project_dataset,validation,23,0
222,E-commerce,product_information,Is this item available? (request 68),Check the product page for the latest stock status. Availability can change quickly.,curated_project_dataset,train,22,0
223,Healthcare,medical_report,How do I download my lab report? (request 84),"If online access is provided, sign in to the patient portal and look under reports or test results.",curated_project_dataset,validation,18,2
224,Finance,fraud_transaction,I think my account has been compromised (request 92),"Contact your bank immediately through an official channel, secure your account credentials, and follow its instructions for protecting the account.",curated_project_dataset,train,13,1
225,E-commerce,payment_failed,My payment failed (request 13),"Please verify your payment details, available funds, and any bank authentication requirements, then try again.",curated_project_dataset,train,20,0
226,Healthcare,medication_information,Can you give me information about a medicine? (request 58),"Please provide the medicine name. I can give general information, but medication decisions should be confirmed with a qualified healthcare professional.",curated_project_dataset,train,19,2
227,Healthcare,appointment_cancel,Please cancel my consultation (request 40),I can guide you through cancellation. Open the appointment record and choose Cancel Appointment.,curated_project_dataset,train,2,2
228,Finance,balance_inquiry,I want to know my bank balance (request 31),Please check the balance section of your official banking app or online banking account.,curated_project_dataset,train,4,1
229,E-commerce,track_order,How can I track my package? (request 26),Use the tracking link in your order details or provide your order number to check the shipment status.,curated_project_dataset,train,26,0
230,Healthcare,appointment_booking,How can I book a doctor appointment? (request 89),"You can book an appointment by selecting a doctor, choosing an available date and time, and confirming the booking.",curated_project_dataset,train,1,2
231,E-commerce,payment_failed,I cannot complete my payment (request 43),"Check the payment method and billing details, then retry. If it still fails, try another supported payment method.",curated_project_dataset,train,20,0
232,E-commerce,wrong_product,I got the wrong product. What should I do? (request 32),"Keep the item and packaging, then submit an incorrect-item request through your order details.",curated_project_dataset,train,30,0
233,Finance,cash_withdrawal,I could not withdraw cash (request 77),"Check whether your card is active and whether you have sufficient available balance. If the ATM charged you without dispensing cash, contact your bank promptly.",curated_project_dataset,train,8,1
234,Healthcare,appointment_reschedule,Can I move my appointment to next week? (request 55),You can reschedule if the provider has an available slot next week.,curated_project_dataset,train,3,2
235,Healthcare,lab_test,Can you help me with this? Where can I get my blood test done?,You can use an authorized laboratory or collection center. Follow the test-specific preparation instructions provided by your healthcare provider.,curated_project_dataset,train,15,2
236,E-commerce,track_order,Where is my order? (request 45),I can help with order tracking. Please provide your order number or tracking details.,curated_project_dataset,train,26,0
237,Healthcare,prescription,Where can I find my prescription? (request 69),Your prescription may be available in your healthcare account or provided by your doctor. Check your medical records or contact the clinic.,curated_project_dataset,train,21,2
238,E-commerce,damaged_product,My product arrived damaged (request 33),"Please take photos of the damaged item and packaging, then report the issue through the order's return or support process as soon as possible.",curated_project_dataset,train,10,0
239,Finance,cash_withdrawal,Why did my cash withdrawal fail? (request 43),"A withdrawal may fail because of insufficient funds, card restrictions, ATM issues, or withdrawal limits.",curated_project_dataset,train,8,1
240,Healthcare,health_insurance,How can I check my medical insurance coverage? (request 58),Review your policy documents or contact the insurer using the official customer-service channel to confirm coverage.,curated_project_dataset,train,14,2
241,Finance,card_payment,My card payment was declined (request 73),"Check your card status, available funds, payment details, and any bank security restrictions. Contact your bank if the decline continues.",curated_project_dataset,train,7,1
242,Healthcare,health_insurance,I need help with this: How can I check my medical insurance coverage?,Review your policy documents or contact the insurer using the official customer-service channel to confirm coverage.,curated_project_dataset,train,14,2
243,Finance,transfer_pending,My bank transfer has not completed (request 31),"Please check the transfer status and expected processing time. If it remains pending longer than expected, contact your bank.",curated_project_dataset,validation,29,1
244,E-commerce,wrong_product,My order contains a different product (request 78),Start a return or replacement request for the incorrect item and follow the seller's instructions.,curated_project_dataset,train,30,0
245,Healthcare,appointment_cancel,I need to cancel my doctor's appointment (request 42),Please open your appointment details and select the cancellation option. Check the provider's cancellation policy for any applicable conditions.,curated_project_dataset,train,2,2
246,Healthcare,medication_information,I want information about my medication (request 44),Please share the medicine name if you want general information. Do not change the prescribed dose without consulting your healthcare professional.,curated_project_dataset,validation,19,2
247,E-commerce,cancel_order,Please cancel my order (request 75),I can guide you through cancellation. Check your order details for the Cancel Order option.,curated_project_dataset,train,6,0
248,Healthcare,medication_information,How should I learn about my prescribed medicine? (request 87),"Review the prescription and medication leaflet, and ask your doctor or pharmacist about dosage, interactions, and precautions.",curated_project_dataset,train,19,2
249,Healthcare,health_insurance,How can I check my medical insurance coverage? (request 82),Review your policy documents or contact the insurer using the official customer-service channel to confirm coverage.,curated_project_dataset,train,14,2
250,Finance,cash_withdrawal,I could not withdraw cash (request 65),"Check whether your card is active and whether you have sufficient available balance. If the ATM charged you without dispensing cash, contact your bank promptly.",curated_project_dataset,validation,8,1
251,E-commerce,track_order,Where is my order? (request 85),I can help with order tracking. Please provide your order number or tracking details.,curated_project_dataset,test,26,0
252,E-commerce,return_order,What is the process for returning an item? (request 100),"Start a return request from your order details, select the reason, and follow the packaging and pickup or drop-off instructions.",curated_project_dataset,train,24,0
253,Healthcare,appointment_cancel,Please cancel my consultation (request 76),I can guide you through cancellation. Open the appointment record and choose Cancel Appointment.,curated_project_dataset,train,2,2
254,E-commerce,track_order,What is the status of my order? (request 95),Please provide your order number so the current delivery status can be checked.,curated_project_dataset,train,26,0
255,Finance,loan_information,How can I apply for a loan?,"Loan eligibility, documents, interest rates, and application procedures vary by lender. Check the lender's official application process.",curated_project_dataset,train,16,1
256,Finance,credit_card,How do I pay my credit card bill? (request 47),"You can usually pay through the issuer's official app, online banking, bank transfer, or another supported payment method.",curated_project_dataset,train,9,1
257,E-commerce,account_issue,My account is not working (request 64),"Try signing out and back in or resetting your password. If the problem continues, contact customer support.",curated_project_dataset,train,0,0
258,Finance,bank_account,What documents are needed to open an account? (request 82),Requirements vary by bank and account type. Check the bank's official documentation for current identity and address requirements.,curated_project_dataset,train,5,1
259,Finance,transfer_pending,Why is my transfer still pending? (request 98),A transfer may remain pending while the bank processes or verifies it. Check the transaction details for the expected processing time.,curated_project_dataset,train,29,1
260,Finance,transfer_failed,The transfer was unsuccessful (request 56),Please review the transaction details and any error message. Your bank can provide the exact reason if the transaction was rejected.,curated_project_dataset,train,28,1
261,E-commerce,product_information,How can I get information about a product? (request 57),"Open the product page to view its description, specifications, availability, price, and seller information.",curated_project_dataset,train,22,0
262,E-commerce,delivery_time,Can I know the expected delivery date? (request 71),Yes. Check your order details for the current estimated delivery date.,curated_project_dataset,test,11,0
263,Healthcare,appointment_cancel,I need to cancel my doctor's appointment (request 78),Please open your appointment details and select the cancellation option. Check the provider's cancellation policy for any applicable conditions.,curated_project_dataset,train,2,2
264,E-commerce,track_order,What is the status of my order? (request 79),Please provide your order number so the current delivery status can be checked.,curated_project_dataset,validation,26,0
265,Healthcare,prescription,I lost my prescription. What should I do? (request 99),Contact the prescribing healthcare provider or pharmacist. They can advise whether a replacement or copy can be issued.,curated_project_dataset,validation,21,2
266,Finance,transfer_failed,I cannot send money (request 91),"Verify the recipient details and available balance, then try again. If the transfer still fails, contact your bank.",curated_project_dataset,train,28,1
267,Finance,cash_withdrawal,My ATM transaction failed (request 32),Check your account and ATM transaction status. Contact your bank if money was debited or the issue continues.,curated_project_dataset,train,8,1
268,Finance,bank_account,Can I open a bank account online? (request 68),"Many banks offer online account opening, subject to eligibility and verification requirements. Check your bank's official website.",curated_project_dataset,train,5,1
269,Finance,loan_information,What documents are required for a loan? (request 87),"Requirements depend on the lender and loan type. Commonly requested documents may include identity, income, and address information.",curated_project_dataset,train,16,1
270,Healthcare,medication_information,I want information about my medication (request 80),Please share the medicine name if you want general information. Do not change the prescribed dose without consulting your healthcare professional.,curated_project_dataset,train,19,2
271,E-commerce,account_issue,My account is not working (request 68),"Try signing out and back in or resetting your password. If the problem continues, contact customer support.",curated_project_dataset,test,0,0
272,E-commerce,track_order,How can I track my package? (request 58),Use the tracking link in your order details or provide your order number to check the shipment status.,curated_project_dataset,test,26,0
273,Finance,balance_inquiry,What is my account balance? (request 69),"You can check your current balance through your bank's official mobile app, online banking portal, ATM, or branch.",curated_project_dataset,train,4,1
274,Healthcare,prescription,Can I get a copy of my prescription? (request 34),"You can request a copy from your prescribing doctor or healthcare provider, subject to their procedures.",curated_project_dataset,test,21,2
275,E-commerce,cancel_order,How do I stop an order before it ships?,Open your order details and select cancellation if the option is still available.,curated_project_dataset,train,6,0
276,E-commerce,cancel_order,Please cancel my order (request 7),I can guide you through cancellation. Check your order details for the Cancel Order option.,curated_project_dataset,validation,6,0
277,Finance,fraud_transaction,I think my account has been compromised (request 28),"Contact your bank immediately through an official channel, secure your account credentials, and follow its instructions for protecting the account.",curated_project_dataset,train,13,1
278,E-commerce,cancel_order,Please help me: How do I stop an order before it ships?,Open your order details and select cancellation if the option is still available.,curated_project_dataset,train,6,0
279,Healthcare,emergency_guidance,When should I seek emergency care? (request 43),"Emergency care may be needed for severe or rapidly worsening symptoms. When in doubt about a potentially serious condition, seek immediate professional medical help.",curated_project_dataset,train,12,2
280,Healthcare,appointment_cancel,Can I cancel my appointment today? (request 63),"Yes, if cancellation is allowed by the provider. Please check your appointment details for the applicable cancellation policy.",curated_project_dataset,train,2,2
281,E-commerce,product_information,Is this item available? (request 52),Check the product page for the latest stock status. Availability can change quickly.,curated_project_dataset,train,22,0
282,Healthcare,emergency_guidance,I have a severe medical problem. What should I do? (request 66),"Seek urgent medical attention immediately, especially if symptoms are severe, sudden, or life-threatening.",curated_project_dataset,train,12,2
283,Healthcare,medication_information,I want information about my medication (request 72),Please share the medicine name if you want general information. Do not change the prescribed dose without consulting your healthcare professional.,curated_project_dataset,test,19,2
284,Healthcare,health_insurance,Does my health insurance cover this treatment? (request 45),"Coverage depends on your insurance plan, provider network, and policy terms. Check your policy or contact your insurer for confirmation.",curated_project_dataset,validation,14,2
285,Healthcare,emergency_guidance,When should I seek emergency care? (request 99),"Emergency care may be needed for severe or rapidly worsening symptoms. When in doubt about a potentially serious condition, seek immediate professional medical help.",curated_project_dataset,train,12,2
286,E-commerce,account_issue,I cannot access my shopping account (request 5),"Use the account recovery or password-reset option. If you still cannot sign in, contact customer support through the official channel.",curated_project_dataset,train,0,0
287,Healthcare,appointment_booking,Can I make an appointment for tomorrow? (request 31),"Yes, if appointments are available. Please select the doctor and check tomorrow's available time slots.",curated_project_dataset,train,1,2
288,Finance,credit_card,How do I pay my credit card bill? (request 91),"You can usually pay through the issuer's official app, online banking, bank transfer, or another supported payment method.",curated_project_dataset,train,9,1
289,Healthcare,medication_information,Please help me: I want information about my medication.,Please share the medicine name if you want general information. Do not change the prescribed dose without consulting your healthcare professional.,curated_project_dataset,train,19,2
290,Healthcare,prescription,How do I view my prescription? (request 12),"If your provider offers online records, sign in to your healthcare account and open the prescription or medication section.",curated_project_dataset,validation,21,2
291,Finance,loan_information,What documents are required for a loan? (request 59),"Requirements depend on the lender and loan type. Commonly requested documents may include identity, income, and address information.",curated_project_dataset,train,16,1
292,Finance,loan_information,I need information about a personal loan (request 38),"Personal-loan terms vary by lender, including eligibility, interest rate, tenure, and fees. Review the lender's official terms before applying.",curated_project_dataset,train,16,1
293,E-commerce,refund,My refund has not arrived (request 94),"Please check the refund status and original payment method. If the stated processing period has passed, contact customer support with your order details.",curated_project_dataset,train,23,0
294,E-commerce,product_information,Where can I find product specifications? (request 87),Product specifications are usually listed on the product page under the description or specifications section.,curated_project_dataset,train,22,0
295,E-commerce,account_issue,I forgot my account password (request 30),Use the password-reset option associated with your account email or phone number.,curated_project_dataset,train,0,0
296,Finance,card_payment,Why did my card payment fail? (request 98),"A card payment may fail because of insufficient funds, incorrect details, security checks, or merchant restrictions.",curated_project_dataset,train,7,1
297,Healthcare,medical_report,How do I download my lab report? (request 88),"If online access is provided, sign in to the patient portal and look under reports or test results.",curated_project_dataset,train,18,2
298,Finance,bank_account,How do I open a bank account? (request 37),"Account-opening requirements vary by bank. Check the bank's official website or branch for eligibility, documents, and application steps.",curated_project_dataset,train,5,1
299,Finance,cash_withdrawal,Why did my cash withdrawal fail? (request 39),"A withdrawal may fail because of insufficient funds, card restrictions, ATM issues, or withdrawal limits.",curated_project_dataset,train,8,1
300,Healthcare,medication_information,How should I learn about my prescribed medicine?,"Review the prescription and medication leaflet, and ask your doctor or pharmacist about dosage, interactions, and precautions.",curated_project_dataset,test,19,2
301,Healthcare,medication_information,Can you give me information about a medicine? (request 34),"Please provide the medicine name. I can give general information, but medication decisions should be confirmed with a qualified healthcare professional.",curated_project_dataset,train,19,2
302,E-commerce,cancel_order,How do I stop an order before it ships? (request 52),Open your order details and select cancellation if the option is still available.,curated_project_dataset,train,6,0
303,Healthcare,appointment_booking,I need to schedule a consultation (request 74),Sure. Please choose the required doctor or specialty and select an available appointment slot.,curated_project_dataset,train,1,2
304,E-commerce,product_information,How can I get information about a product? (request 37),"Open the product page to view its description, specifications, availability, price, and seller information.",curated_project_dataset,validation,22,0
305,Finance,loan_information,Can you help me with this? I need information about a personal loan. Can you guide me?,"Personal-loan terms vary by lender, including eligibility, interest rate, tenure, and fees. Review the lender's official terms before applying.",curated_project_dataset,train,16,1
306,Healthcare,lab_test,Please help me: Where can I get my blood test done?,You can use an authorized laboratory or collection center. Follow the test-specific preparation instructions provided by your healthcare provider.,curated_project_dataset,train,15,2
307,E-commerce,payment_failed,Why was my online payment declined? (request 38),"A payment can fail because of incorrect details, bank restrictions, insufficient funds, or security checks. Contact your bank if the problem continues.",curated_project_dataset,train,20,0
308,E-commerce,product_information,Is this item available? (request 60),Check the product page for the latest stock status. Availability can change quickly.,curated_project_dataset,train,22,0
309,E-commerce,product_information,Where can I find product specifications? (request 67),Product specifications are usually listed on the product page under the description or specifications section.,curated_project_dataset,train,22,0
310,Healthcare,symptoms_information,What should I do about these symptoms? (request 25),"I can provide general information, but symptoms alone cannot establish a diagnosis. For persistent, severe, or worrying symptoms, consult a qualified healthcare professional.",curated_project_dataset,train,25,2
311,Healthcare,symptoms_information,What should I do about these symptoms? (request 33),"I can provide general information, but symptoms alone cannot establish a diagnosis. For persistent, severe, or worrying symptoms, consult a qualified healthcare professional.",curated_project_dataset,test,25,2
312,E-commerce,refund,When will I get my refund? (request 93),Refund timing depends on the payment method and seller's processing time. Check your order's refund status for the latest update.,curated_project_dataset,test,23,0
313,Healthcare,lab_test,Do I need an appointment for a lab test? (request 51),It depends on the laboratory and test. Check the laboratory's booking requirements before visiting.,curated_project_dataset,train,15,2
314,Finance,balance_inquiry,What is my account balance? (request 37),"You can check your current balance through your bank's official mobile app, online banking portal, ATM, or branch.",curated_project_dataset,train,4,1
315,E-commerce,product_information,Does this product have the features I need? (request 34),"Please check the product specifications and description. If a required feature is unclear, contact the seller for confirmation.",curated_project_dataset,train,22,0
316,Finance,transfer_failed,The transfer was unsuccessful (request 64),Please review the transaction details and any error message. Your bank can provide the exact reason if the transaction was rejected.,curated_project_dataset,train,28,1
317,Healthcare,prescription,How do I view my prescription? (request 44),"If your provider offers online records, sign in to your healthcare account and open the prescription or medication section.",curated_project_dataset,test,21,2
318,Finance,fraud_transaction,There is a suspicious transaction on my account (request 59),Review the transaction and report it to your bank promptly if you did not authorize it. Use only official banking contact channels.,curated_project_dataset,train,13,1
319,E-commerce,wrong_product,I need help with this: The product I received is not what I ordered.,Please report the mismatch through customer support or the order return process so the issue can be investigated.,curated_project_dataset,train,30,0
320,E-commerce,delivery_time,When will my order be delivered? (request 25),The estimated delivery date is usually shown in your order details and may depend on your location and shipping method.,curated_project_dataset,train,11,0
321,E-commerce,cancel_order,Can I cancel my purchase? (request 78),Cancellation depends on the order status. Please open the order details and check whether the cancellation option is available.,curated_project_dataset,train,6,0
322,Healthcare,lab_test,I need information about a medical test (request 80),"Please provide the test name. Preparation, timing, and interpretation can vary by test.",curated_project_dataset,validation,15,2
323,Finance,transfer_pending,My money transfer is pending (request 97),Pending transfers can take time depending on the bank and transfer type. Please check the transaction status and contact your bank if it remains pending beyond the expected processing period.,curated_project_dataset,train,29,1
324,Finance,transfer_pending,Why is my transfer still pending? (request 30),A transfer may remain pending while the bank processes or verifies it. Check the transaction details for the expected processing time.,curated_project_dataset,test,29,1
325,E-commerce,delivery_time,Do you offer fast delivery? (request 60),"Available delivery speeds depend on the product, seller, location, and shipping options shown at checkout.",curated_project_dataset,train,11,0
326,E-commerce,delivery_time,How long does delivery take? (request 38),"Delivery time varies by location, seller, and shipping option. Check the estimated delivery date shown during checkout or in your order.",curated_project_dataset,validation,11,0
327,Healthcare,appointment_reschedule,How can I change my consultation date? (request 40),Use the reschedule option in your appointment details and select a new available date.,curated_project_dataset,train,3,2
328,Finance,transfer_failed,My money transfer failed (request 25),"Please check the transfer details and your account status. If the problem persists, contact your bank for the specific reason for failure.",curated_project_dataset,train,28,1
329,Finance,bank_account,I want to know: Can I open a bank account online? Can you guide me?,"Many banks offer online account opening, subject to eligibility and verification requirements. Check your bank's official website.",curated_project_dataset,test,5,1
330,Finance,balance_inquiry,I want to know my bank balance (request 91),Please check the balance section of your official banking app or online banking account.,curated_project_dataset,train,4,1
331,Healthcare,medical_report,Where can I see my medical report? (request 65),"If digital records are available, check your healthcare account or patient portal. Otherwise, contact the healthcare provider that performed the test.",curated_project_dataset,train,18,2
332,E-commerce,cancel_order,I want to cancel my order (request 29),"If the order has not shipped, you may be able to cancel it from your order details. Once shipped, cancellation may no longer be available.",curated_project_dataset,train,6,0
333,E-commerce,wrong_product,My order contains a different product (request 86),Start a return or replacement request for the incorrect item and follow the seller's instructions.,curated_project_dataset,train,30,0
334,E-commerce,cancel_order,I want to cancel my order (request 17),"If the order has not shipped, you may be able to cancel it from your order details. Once shipped, cancellation may no longer be available.",curated_project_dataset,train,6,0
335,E-commerce,cancel_order,Please cancel my order.,I can guide you through cancellation. Check your order details for the Cancel Order option.,curated_project_dataset,train,6,0
336,Finance,credit_card,I need help with my credit card (request 48),"Please specify whether you need help with payments, limits, transactions, fees, or card access so the appropriate guidance can be provided.",curated_project_dataset,train,9,1
337,Finance,transaction_issue,Why is my transaction not showing? (request 31),Transaction updates can take time depending on the transaction type. Check again later and contact your bank if the expected posting time has passed.,curated_project_dataset,train,27,1
338,E-commerce,refund,My refund has not arrived (request 62),"Please check the refund status and original payment method. If the stated processing period has passed, contact customer support with your order details.",curated_project_dataset,train,23,0
339,Finance,transaction_issue,There is a problem with my transaction. Can you guide me?,"Review the transaction details and status in your banking account. If the issue is unresolved, contact your bank with the transaction reference.",curated_project_dataset,train,27,1
340,E-commerce,payment_failed,My card payment did not go through (request 8),Please verify your card details and contact your bank if the transaction continues to be declined.,curated_project_dataset,validation,20,0
341,Finance,cash_withdrawal,The ATM did not give me cash (request 30),"If your account was debited, keep the ATM receipt or transaction details and contact your bank immediately for investigation.",curated_project_dataset,train,8,1
342,Healthcare,symptoms_information,I want information about my symptoms (request 44),"I can provide general health information, but a clinician should evaluate symptoms to determine the appropriate diagnosis and treatment.",curated_project_dataset,train,25,2
343,E-commerce,cancel_order,I need help with this: Can I cancel my purchase?,Cancellation depends on the order status. Please open the order details and check whether the cancellation option is available.,curated_project_dataset,train,6,0
344,Finance,cash_withdrawal,I could not withdraw cash (request 93),"Check whether your card is active and whether you have sufficient available balance. If the ATM charged you without dispensing cash, contact your bank promptly.",curated_project_dataset,train,8,1
345,Healthcare,prescription,Can I get a copy of my prescription? (request 58),"You can request a copy from your prescribing doctor or healthcare provider, subject to their procedures.",curated_project_dataset,train,21,2
346,E-commerce,payment_failed,My card payment did not go through (request 76),Please verify your card details and contact your bank if the transaction continues to be declined.,curated_project_dataset,test,20,0
347,Finance,loan_information,How do I check loan eligibility?,"Eligibility depends on the lender's criteria, which may include income, credit history, employment, and existing obligations.",curated_project_dataset,test,16,1
348,Healthcare,prescription,I lost my prescription. What should I do? (request 95),Contact the prescribing healthcare provider or pharmacist. They can advise whether a replacement or copy can be issued.,curated_project_dataset,train,21,2
349,E-commerce,product_information,Does this product have the features I need? (request 58),"Please check the product specifications and description. If a required feature is unclear, contact the seller for confirmation.",curated_project_dataset,train,22,0
350,Healthcare,medication_information,I want information about my medication (request 12),Please share the medicine name if you want general information. Do not change the prescribed dose without consulting your healthcare professional.,curated_project_dataset,train,19,2
351,E-commerce,track_order,My order has not arrived yet (request 56),"Please check the latest tracking update first. If the expected delivery date has passed, contact customer support with your order number.",curated_project_dataset,train,26,0
352,Finance,card_payment,Why did my card payment fail? (request 74),"A card payment may fail because of insufficient funds, incorrect details, security checks, or merchant restrictions.",curated_project_dataset,train,7,1
353,Healthcare,appointment_cancel,I need help with this: How do I cancel my appointment?,"You can cancel the appointment from your booking details. If cancellation is unavailable online, contact the healthcare provider.",curated_project_dataset,train,2,2
354,Finance,transfer_pending,Why is my transfer still pending? (request 26),A transfer may remain pending while the bank processes or verifies it. Check the transaction details for the expected processing time.,curated_project_dataset,train,29,1
355,Finance,loan_information,I want to know: What documents are required for a loan? Can you guide me?,"Requirements depend on the lender and loan type. Commonly requested documents may include identity, income, and address information.",curated_project_dataset,train,16,1
356,Healthcare,symptoms_information,I want to know: I have been feeling unwell. What should I do?,"If symptoms are mild, monitor them and consider contacting a healthcare professional. Seek urgent medical care if symptoms are severe or rapidly worsening.",curated_project_dataset,train,25,2
357,Finance,loan_information,What documents are required for a loan? Can you guide me?,"Requirements depend on the lender and loan type. Commonly requested documents may include identity, income, and address information.",curated_project_dataset,train,16,1
358,Healthcare,health_insurance,Does my health insurance cover this treatment? (request 41),"Coverage depends on your insurance plan, provider network, and policy terms. Check your policy or contact your insurer for confirmation.",curated_project_dataset,validation,14,2
359,Finance,fraud_transaction,Someone may have used my card (request 58),"Contact your card issuer immediately using the official number or app, secure your account, and follow the issuer's instructions for reporting suspected fraud.",curated_project_dataset,train,13,1
360,E-commerce,refund,I want to know my refund status (request 52),Please provide your order details or check the refund section of your account for the latest status.,curated_project_dataset,train,23,0
361,Finance,credit_card,What is my credit card limit? (request 26),"Your current credit limit is available through your card issuer's official app, online account, statement, or customer service.",curated_project_dataset,train,9,1
362,Finance,transaction_issue,Why is my transaction not showing? (request 67),Transaction updates can take time depending on the transaction type. Check again later and contact your bank if the expected posting time has passed.,curated_project_dataset,train,27,1
363,E-commerce,wrong_product,The product I received is not what I ordered (request 83),Please report the mismatch through customer support or the order return process so the issue can be investigated.,curated_project_dataset,train,30,0
364,Healthcare,lab_test,How do I book a lab test? (request 81),"Select the required test, choose an available laboratory or collection service, and confirm the appointment if booking is available.",curated_project_dataset,train,15,2
365,Healthcare,medical_report,Can you explain my medical report? (request 30),"I can explain general medical terminology, but a healthcare professional should interpret your results in the context of your symptoms and medical history.",curated_project_dataset,train,18,2
366,Healthcare,medical_report,Can you explain my medical report? (request 90),"I can explain general medical terminology, but a healthcare professional should interpret your results in the context of your symptoms and medical history.",curated_project_dataset,train,18,2
367,E-commerce,wrong_product,I need help with this: My order contains a different product.,Start a return or replacement request for the incorrect item and follow the seller's instructions.,curated_project_dataset,train,30,0
368,E-commerce,refund,My refund has not arrived (request 46),"Please check the refund status and original payment method. If the stated processing period has passed, contact customer support with your order details.",curated_project_dataset,validation,23,0
369,E-commerce,wrong_product,I received the wrong item (request 69),Please report the issue through your order details and provide the order number and photos of the received product if requested.,curated_project_dataset,train,30,0
370,Finance,transfer_pending,Why is my transfer still pending? (request 70),A transfer may remain pending while the bank processes or verifies it. Check the transaction details for the expected processing time.,curated_project_dataset,train,29,1
371,Healthcare,medication_information,What is this medicine used for? (request 33),Medication uses depend on the specific medicine and your circumstances. Check the medicine label or consult a pharmacist or doctor for reliable guidance.,curated_project_dataset,test,19,2
372,Healthcare,prescription,Where can I find my prescription? (request 65),Your prescription may be available in your healthcare account or provided by your doctor. Check your medical records or contact the clinic.,curated_project_dataset,train,21,2
373,E-commerce,damaged_product,My product arrived damaged (request 49),"Please take photos of the damaged item and packaging, then report the issue through the order's return or support process as soon as possible.",curated_project_dataset,train,10,0
374,E-commerce,damaged_product,My product arrived damaged (request 77),"Please take photos of the damaged item and packaging, then report the issue through the order's return or support process as soon as possible.",curated_project_dataset,test,10,0
375,Healthcare,appointment_booking,Can I make an appointment for tomorrow? (request 71),"Yes, if appointments are available. Please select the doctor and check tomorrow's available time slots.",curated_project_dataset,train,1,2
376,E-commerce,damaged_product,My product arrived damaged (request 89),"Please take photos of the damaged item and packaging, then report the issue through the order's return or support process as soon as possible.",curated_project_dataset,train,10,0
377,E-commerce,return_order,I want to return something I bought (request 30),You can request a return from the order details if the item meets the seller's return conditions.,curated_project_dataset,validation,24,0
378,E-commerce,product_information,How can I get information about a product? (request 13),"Open the product page to view its description, specifications, availability, price, and seller information.",curated_project_dataset,train,22,0
379,Healthcare,appointment_booking,How can I book a doctor appointment? (request 57),"You can book an appointment by selecting a doctor, choosing an available date and time, and confirming the booking.",curated_project_dataset,validation,1,2
380,E-commerce,delivery_time,How long does delivery take?,"Delivery time varies by location, seller, and shipping option. Check the estimated delivery date shown during checkout or in your order.",curated_project_dataset,train,11,0
381,Healthcare,lab_test,I need information about a medical test (request 52),"Please provide the test name. Preparation, timing, and interpretation can vary by test.",curated_project_dataset,test,15,2
382,Finance,transfer_failed,My money transfer failed (request 77),"Please check the transfer details and your account status. If the problem persists, contact your bank for the specific reason for failure.",curated_project_dataset,test,28,1
383,Healthcare,health_insurance,How can I check my medical insurance coverage? (request 98),Review your policy documents or contact the insurer using the official customer-service channel to confirm coverage.,curated_project_dataset,test,14,2
384,Healthcare,medical_report,Can you explain my medical report? (request 86),"I can explain general medical terminology, but a healthcare professional should interpret your results in the context of your symptoms and medical history.",curated_project_dataset,train,18,2
385,Healthcare,symptoms_information,I need help with this: Can you tell me what my symptoms mean?,Symptoms can have many possible causes. Please consult a healthcare professional for an appropriate evaluation rather than relying on a chatbot for diagnosis.,curated_project_dataset,test,25,2
386,Finance,card_payment,I want to know: My card payment was declined. Can you guide me?,"Check your card status, available funds, payment details, and any bank security restrictions. Contact your bank if the decline continues.",curated_project_dataset,test,7,1
387,E-commerce,damaged_product,What should I do if my item is damaged? (request 42),"Keep the product and packaging, document the damage with photos, and submit a damage claim or return request through the order details.",curated_project_dataset,validation,10,0
388,Healthcare,emergency_guidance,I want to know: This feels like an emergency.,"Please seek immediate emergency medical assistance. If possible, have someone stay with you while help is arranged.",curated_project_dataset,train,12,2
389,Healthcare,lab_test,Do I need an appointment for a lab test?,It depends on the laboratory and test. Check the laboratory's booking requirements before visiting.,curated_project_dataset,train,15,2
390,E-commerce,cancel_order,Please cancel my order (request 79),I can guide you through cancellation. Check your order details for the Cancel Order option.,curated_project_dataset,train,6,0
391,Finance,balance_inquiry,How can I check my balance? (request 98),Use your bank's official app or online banking service to view your current account balance.,curated_project_dataset,validation,4,1
392,E-commerce,damaged_product,What should I do if my item is damaged? (request 46),"Keep the product and packaging, document the damage with photos, and submit a damage claim or return request through the order details.",curated_project_dataset,train,10,0
393,E-commerce,cancel_order,Can I cancel my purchase? (request 62),Cancellation depends on the order status. Please open the order details and check whether the cancellation option is available.,curated_project_dataset,train,6,0
394,E-commerce,product_information,Please help me: Does this product have the features I need?,"Please check the product specifications and description. If a required feature is unclear, contact the seller for confirmation.",curated_project_dataset,test,22,0
395,Finance,transfer_pending,When will my pending transfer be completed? (request 96),Processing time varies by bank and transfer type. Check the transaction status for the latest update.,curated_project_dataset,train,29,1
396,E-commerce,product_information,Does this product have the features I need? (request 78),"Please check the product specifications and description. If a required feature is unclear, contact the seller for confirmation.",curated_project_dataset,train,22,0
397,Healthcare,prescription,Where can I find my prescription? (request 73),Your prescription may be available in your healthcare account or provided by your doctor. Check your medical records or contact the clinic.,curated_project_dataset,train,21,2
398,Healthcare,prescription,I lost my prescription. What should I do? (request 55),Contact the prescribing healthcare provider or pharmacist. They can advise whether a replacement or copy can be issued.,curated_project_dataset,train,21,2
399,Healthcare,emergency_guidance,I have a severe medical problem. What should I do? (request 46),"Seek urgent medical attention immediately, especially if symptoms are severe, sudden, or life-threatening.",curated_project_dataset,train,12,2
400,Finance,fraud_transaction,I do not recognize a transaction (request 97),"If you do not recognize a transaction, contact your bank or card issuer through its official channel immediately and follow its fraud-reporting process.",curated_project_dataset,train,13,1
401,Healthcare,health_insurance,Can I use insurance for my hospital visit? (request 75),This depends on your plan and the healthcare provider. Confirm eligibility and any pre-authorization requirements with your insurer.,curated_project_dataset,validation,14,2
402,Finance,fraud_transaction,There is a suspicious transaction on my account (request 95),Review the transaction and report it to your bank promptly if you did not authorize it. Use only official banking contact channels.,curated_project_dataset,train,13,1
403,E-commerce,product_information,Does this product have the features I need? (request 70),"Please check the product specifications and description. If a required feature is unclear, contact the seller for confirmation.",curated_project_dataset,train,22,0
404,Finance,bank_account,How do I open a bank account? (request 69),"Account-opening requirements vary by bank. Check the bank's official website or branch for eligibility, documents, and application steps.",curated_project_dataset,train,5,1
405,Finance,bank_account,Can I open a bank account online? (request 28),"Many banks offer online account opening, subject to eligibility and verification requirements. Check your bank's official website.",curated_project_dataset,train,5,1
406,E-commerce,product_information,Does this product have the features I need? (request 54),"Please check the product specifications and description. If a required feature is unclear, contact the seller for confirmation.",curated_project_dataset,train,22,0
407,Healthcare,appointment_cancel,Can you help me with this? How do I cancel my appointment?,"You can cancel the appointment from your booking details. If cancellation is unavailable online, contact the healthcare provider.",curated_project_dataset,train,2,2
408,Finance,bank_account,Can I open a bank account online? (request 60),"Many banks offer online account opening, subject to eligibility and verification requirements. Check your bank's official website.",curated_project_dataset,train,5,1
409,Healthcare,health_insurance,Can you help me with this? How can I check my medical insurance coverage?,Review your policy documents or contact the insurer using the official customer-service channel to confirm coverage.,curated_project_dataset,train,14,2
410,Finance,transfer_failed,I cannot send money (request 87),"Verify the recipient details and available balance, then try again. If the transfer still fails, contact your bank.",curated_project_dataset,validation,28,1
411,E-commerce,delivery_time,I need help with this: Can I know the expected delivery date?,Yes. Check your order details for the current estimated delivery date.,curated_project_dataset,validation,11,0
412,Healthcare,symptoms_information,I want to know: Can you tell me what my symptoms mean?,Symptoms can have many possible causes. Please consult a healthcare professional for an appropriate evaluation rather than relying on a chatbot for diagnosis.,curated_project_dataset,train,25,2
413,E-commerce,product_information,Where can I find product specifications? (request 63),Product specifications are usually listed on the product page under the description or specifications section.,curated_project_dataset,train,22,0
414,Healthcare,appointment_reschedule,I need to reschedule my doctor's visit (request 34),"Open your appointment and select Reschedule, then choose another available date and time.",curated_project_dataset,train,3,2
415,Healthcare,prescription,Can you help me with this? How do I view my prescription?,"If your provider offers online records, sign in to your healthcare account and open the prescription or medication section.",curated_project_dataset,train,21,2
416,E-commerce,refund,When will I get my refund? (request 37),Refund timing depends on the payment method and seller's processing time. Check your order's refund status for the latest update.,curated_project_dataset,train,23,0
417,E-commerce,refund,My refund has not arrived (request 86),"Please check the refund status and original payment method. If the stated processing period has passed, contact customer support with your order details.",curated_project_dataset,train,23,0
418,Healthcare,appointment_cancel,Please help me: Please cancel my consultation.,I can guide you through cancellation. Open the appointment record and choose Cancel Appointment.,curated_project_dataset,train,2,2
419,E-commerce,product_information,Where can I find product specifications? (request 79),Product specifications are usually listed on the product page under the description or specifications section.,curated_project_dataset,train,22,0
420,Healthcare,medication_information,I need help with this: How should I learn about my prescribed medicine?,"Review the prescription and medication leaflet, and ask your doctor or pharmacist about dosage, interactions, and precautions.",curated_project_dataset,train,19,2
421,Healthcare,appointment_reschedule,Please help me: Can I move my appointment to next week?,You can reschedule if the provider has an available slot next week.,curated_project_dataset,train,3,2
422,Finance,transfer_failed,I need help with this: I cannot send money. Can you guide me?,"Verify the recipient details and available balance, then try again. If the transfer still fails, contact your bank.",curated_project_dataset,train,28,1
423,E-commerce,refund,I need help with this: I want to know my refund status.,Please provide your order details or check the refund section of your account for the latest status.,curated_project_dataset,train,23,0
424,E-commerce,track_order,Where is my order? (request 81),I can help with order tracking. Please provide your order number or tracking details.,curated_project_dataset,train,26,0
425,Healthcare,medical_report,How do I download my lab report? (request 60),"If online access is provided, sign in to the patient portal and look under reports or test results.",curated_project_dataset,validation,18,2
426,Healthcare,emergency_guidance,Please help me: This feels like an emergency.,"Please seek immediate emergency medical assistance. If possible, have someone stay with you while help is arranged.",curated_project_dataset,train,12,2
427,Healthcare,health_insurance,I need help with this: I need information about health insurance.,"Please specify whether you need help with coverage, claims, eligibility, or policy information so the appropriate guidance can be provided.",curated_project_dataset,train,14,2
428,Healthcare,medication_information,I want information about my medication (request 40),Please share the medicine name if you want general information. Do not change the prescribed dose without consulting your healthcare professional.,curated_project_dataset,train,19,2
429,Healthcare,prescription,Where can I find my prescription? (request 45),Your prescription may be available in your healthcare account or provided by your doctor. Check your medical records or contact the clinic.,curated_project_dataset,test,21,2
430,Healthcare,medication_information,Can you give me information about a medicine? (request 86),"Please provide the medicine name. I can give general information, but medication decisions should be confirmed with a qualified healthcare professional.",curated_project_dataset,train,19,2
431,Finance,card_payment,My debit card payment did not work (request 76),"Please check your card balance and status. If the issue continues, contact your bank for assistance.",curated_project_dataset,train,7,1
432,Healthcare,symptoms_information,I want information about my symptoms (request 88),"I can provide general health information, but a clinician should evaluate symptoms to determine the appropriate diagnosis and treatment.",curated_project_dataset,train,25,2
433,Finance,fraud_transaction,I do not recognize a transaction. Can you guide me?,"If you do not recognize a transaction, contact your bank or card issuer through its official channel immediately and follow its fraud-reporting process.",curated_project_dataset,train,13,1
434,E-commerce,cancel_order,I want to cancel my order (request 93),"If the order has not shipped, you may be able to cancel it from your order details. Once shipped, cancellation may no longer be available.",curated_project_dataset,train,6,0
435,E-commerce,return_order,Can I return my product? (request 31),"Return eligibility depends on the product, seller policy, and purchase date. Check the return policy associated with your order.",curated_project_dataset,train,24,0
436,E-commerce,return_order,I need help with this: Can I return my product?,"Return eligibility depends on the product, seller policy, and purchase date. Check the return policy associated with your order.",curated_project_dataset,test,24,0
437,E-commerce,return_order,I want to return something I bought (request 74),You can request a return from the order details if the item meets the seller's return conditions.,curated_project_dataset,train,24,0
438,E-commerce,account_issue,My account is not working (request 40),"Try signing out and back in or resetting your password. If the problem continues, contact customer support.",curated_project_dataset,train,0,0
439,Finance,transaction_issue,I need help with a bank transaction.,Please check the transaction status and reference number. Your bank can investigate account-specific transaction issues.,curated_project_dataset,train,27,1
440,Healthcare,emergency_guidance,When should I seek emergency care? (request 31),"Emergency care may be needed for severe or rapidly worsening symptoms. When in doubt about a potentially serious condition, seek immediate professional medical help.",curated_project_dataset,train,12,2
441,Healthcare,appointment_cancel,Please cancel my consultation (request 36),I can guide you through cancellation. Open the appointment record and choose Cancel Appointment.,curated_project_dataset,train,2,2
442,E-commerce,damaged_product,My product arrived damaged (request 81),"Please take photos of the damaged item and packaging, then report the issue through the order's return or support process as soon as possible.",curated_project_dataset,test,10,0
443,Finance,transfer_failed,The transfer was unsuccessful (request 68),Please review the transaction details and any error message. Your bank can provide the exact reason if the transaction was rejected.,curated_project_dataset,train,28,1
444,E-commerce,payment_failed,Why was my online payment declined? (request 98),"A payment can fail because of incorrect details, bank restrictions, insufficient funds, or security checks. Contact your bank if the problem continues.",curated_project_dataset,train,20,0
445,Finance,balance_inquiry,What is my account balance? (request 57),"You can check your current balance through your bank's official mobile app, online banking portal, ATM, or branch.",curated_project_dataset,validation,4,1
446,Healthcare,symptoms_information,I have been feeling unwell. What should I do? (request 67),"If symptoms are mild, monitor them and consider contacting a healthcare professional. Seek urgent medical care if symptoms are severe or rapidly worsening.",curated_project_dataset,validation,25,2
447,Finance,transfer_pending,My money transfer is pending (request 25),Pending transfers can take time depending on the bank and transfer type. Please check the transaction status and contact your bank if it remains pending beyond the expected processing period.,curated_project_dataset,test,29,1
448,Finance,credit_card,What is my credit card limit? (request 98),"Your current credit limit is available through your card issuer's official app, online account, statement, or customer service.",curated_project_dataset,train,9,1
449,Healthcare,appointment_booking,I need to schedule a consultation (request 30),Sure. Please choose the required doctor or specialty and select an available appointment slot.,curated_project_dataset,test,1,2
450,Finance,cash_withdrawal,The ATM did not give me cash.,"If your account was debited, keep the ATM receipt or transaction details and contact your bank immediately for investigation.",curated_project_dataset,train,8,1
451,Finance,fraud_transaction,I do not recognize a transaction (request 69),"If you do not recognize a transaction, contact your bank or card issuer through its official channel immediately and follow its fraud-reporting process.",curated_project_dataset,validation,13,1
452,E-commerce,track_order,My order has not arrived yet (request 48),"Please check the latest tracking update first. If the expected delivery date has passed, contact customer support with your order number.",curated_project_dataset,test,26,0
453,Finance,credit_card,I need help with my credit card (request 88),"Please specify whether you need help with payments, limits, transactions, fees, or card access so the appropriate guidance can be provided.",curated_project_dataset,test,9,1
454,E-commerce,payment_failed,I need help with this: Why was my online payment declined?,"A payment can fail because of incorrect details, bank restrictions, insufficient funds, or security checks. Contact your bank if the problem continues.",curated_project_dataset,train,20,0
455,E-commerce,payment_failed,My payment failed (request 89),"Please verify your payment details, available funds, and any bank authentication requirements, then try again.",curated_project_dataset,validation,20,0
456,Healthcare,appointment_cancel,Please cancel my consultation (request 84),I can guide you through cancellation. Open the appointment record and choose Cancel Appointment.,curated_project_dataset,train,2,2
457,E-commerce,cancel_order,Please cancel my order (request 35),I can guide you through cancellation. Check your order details for the Cancel Order option.,curated_project_dataset,train,6,0
458,Healthcare,appointment_cancel,How do I cancel my appointment? (request 89),"You can cancel the appointment from your booking details. If cancellation is unavailable online, contact the healthcare provider.",curated_project_dataset,validation,2,2
459,Healthcare,medication_information,I need help with this: What is this medicine used for?,Medication uses depend on the specific medicine and your circumstances. Check the medicine label or consult a pharmacist or doctor for reliable guidance.,curated_project_dataset,validation,19,2
460,Healthcare,appointment_cancel,Can I cancel my appointment today? (request 71),"Yes, if cancellation is allowed by the provider. Please check your appointment details for the applicable cancellation policy.",curated_project_dataset,train,2,2
461,E-commerce,refund,My refund has not arrived (request 78),"Please check the refund status and original payment method. If the stated processing period has passed, contact customer support with your order details.",curated_project_dataset,train,23,0
462,Healthcare,medication_information,What is this medicine used for? (request 61),Medication uses depend on the specific medicine and your circumstances. Check the medicine label or consult a pharmacist or doctor for reliable guidance.,curated_project_dataset,train,19,2
463,Healthcare,appointment_booking,I want to see a doctor (request 44),I can help you schedule a consultation. Please provide the medical specialty or doctor you want to visit.,curated_project_dataset,train,1,2
464,Healthcare,appointment_booking,I want to see a doctor (request 88),I can help you schedule a consultation. Please provide the medical specialty or doctor you want to visit.,curated_project_dataset,validation,1,2
465,E-commerce,refund,I need help with this: How does a product refund work?,"After the return or cancellation is approved, the refund is generally processed to the original payment method, subject to the seller's policy.",curated_project_dataset,train,23,0
466,E-commerce,damaged_product,My product arrived damaged (request 41),"Please take photos of the damaged item and packaging, then report the issue through the order's return or support process as soon as possible.",curated_project_dataset,train,10,0
467,Healthcare,medical_report,I want to know: Can you explain my medical report?,"I can explain general medical terminology, but a healthcare professional should interpret your results in the context of your symptoms and medical history.",curated_project_dataset,train,18,2
468,Healthcare,emergency_guidance,This feels like an emergency.,"Please seek immediate emergency medical assistance. If possible, have someone stay with you while help is arranged.",curated_project_dataset,train,12,2
469,Healthcare,appointment_reschedule,Can I move my appointment to next week? (request 83),You can reschedule if the provider has an available slot next week.,curated_project_dataset,train,3,2
470,Finance,card_payment,I cannot pay with my card (request 59),"Verify that your card is active and has sufficient funds. If payments continue to fail, contact your card issuer.",curated_project_dataset,train,7,1
471,Healthcare,lab_test,Where can I get my blood test done? (request 94),You can use an authorized laboratory or collection center. Follow the test-specific preparation instructions provided by your healthcare provider.,curated_project_dataset,train,15,2
472,Finance,transfer_pending,Why is my transfer still pending? (request 90),A transfer may remain pending while the bank processes or verifies it. Check the transaction details for the expected processing time.,curated_project_dataset,train,29,1
473,Finance,transfer_pending,My bank transfer has not completed (request 67),"Please check the transfer status and expected processing time. If it remains pending longer than expected, contact your bank.",curated_project_dataset,train,29,1
474,Healthcare,appointment_reschedule,I need to reschedule my doctor's visit (request 58),"Open your appointment and select Reschedule, then choose another available date and time.",curated_project_dataset,train,3,2
475,Finance,bank_account,How do I open a bank account? (request 45),"Account-opening requirements vary by bank. Check the bank's official website or branch for eligibility, documents, and application steps.",curated_project_dataset,validation,5,1
476,Finance,cash_withdrawal,Why did my cash withdrawal fail? (request 95),"A withdrawal may fail because of insufficient funds, card restrictions, ATM issues, or withdrawal limits.",curated_project_dataset,train,8,1
477,Finance,card_payment,I cannot pay with my card (request 43),"Verify that your card is active and has sufficient funds. If payments continue to fail, contact your card issuer.",curated_project_dataset,test,7,1
478,Finance,credit_card,I need help with my credit card (request 84),"Please specify whether you need help with payments, limits, transactions, fees, or card access so the appropriate guidance can be provided.",curated_project_dataset,train,9,1
479,E-commerce,return_order,How do I return a product? (request 17),"Open your order details, select the return option if eligible, choose a return reason, and follow the provided instructions.",curated_project_dataset,train,24,0
480,E-commerce,track_order,How can I track my package? (request 42),Use the tracking link in your order details or provide your order number to check the shipment status.,curated_project_dataset,train,26,0
481,Finance,card_payment,Why did my card payment fail? (request 54),"A card payment may fail because of insufficient funds, incorrect details, security checks, or merchant restrictions.",curated_project_dataset,train,7,1
482,Healthcare,appointment_cancel,I need to cancel my doctor's appointment (request 50),Please open your appointment details and select the cancellation option. Check the provider's cancellation policy for any applicable conditions.,curated_project_dataset,validation,2,2
483,E-commerce,damaged_product,My product arrived damaged (request 37),"Please take photos of the damaged item and packaging, then report the issue through the order's return or support process as soon as possible.",curated_project_dataset,train,10,0
484,Finance,transaction_issue,Why is my transaction not showing? (request 59),Transaction updates can take time depending on the transaction type. Check again later and contact your bank if the expected posting time has passed.,curated_project_dataset,train,27,1
485,Finance,transaction_issue,There is a problem with my transaction (request 93),"Review the transaction details and status in your banking account. If the issue is unresolved, contact your bank with the transaction reference.",curated_project_dataset,train,27,1
486,Finance,card_payment,Why did my card payment fail? (request 42),"A card payment may fail because of insufficient funds, incorrect details, security checks, or merchant restrictions.",curated_project_dataset,train,7,1
487,Finance,transfer_failed,Please help me: My money transfer failed. Can you guide me?,"Please check the transfer details and your account status. If the problem persists, contact your bank for the specific reason for failure.",curated_project_dataset,validation,28,1
488,Finance,card_payment,Can you help me with this? Why did my card payment fail? Can you guide me?,"A card payment may fail because of insufficient funds, incorrect details, security checks, or merchant restrictions.",curated_project_dataset,train,7,1
489,Healthcare,appointment_cancel,Can I cancel my appointment today? (request 35),"Yes, if cancellation is allowed by the provider. Please check your appointment details for the applicable cancellation policy.",curated_project_dataset,train,2,2
490,Finance,fraud_transaction,There is a suspicious transaction on my account (request 31),Review the transaction and report it to your bank promptly if you did not authorize it. Use only official banking contact channels.,curated_project_dataset,validation,13,1
491,Healthcare,health_insurance,I need information about health insurance (request 32),"Please specify whether you need help with coverage, claims, eligibility, or policy information so the appropriate guidance can be provided.",curated_project_dataset,train,14,2
492,E-commerce,wrong_product,I received the wrong item.,Please report the issue through your order details and provide the order number and photos of the received product if requested.,curated_project_dataset,train,30,0
493,Finance,fraud_transaction,Someone may have used my card (request 30),"Contact your card issuer immediately using the official number or app, secure your account, and follow the issuer's instructions for reporting suspected fraud.",curated_project_dataset,train,13,1
494,Finance,fraud_transaction,I do not recognize a transaction (request 89),"If you do not recognize a transaction, contact your bank or card issuer through its official channel immediately and follow its fraud-reporting process.",curated_project_dataset,train,13,1
495,E-commerce,wrong_product,The product I received is not what I ordered (request 99),Please report the mismatch through customer support or the order return process so the issue can be investigated.,curated_project_dataset,train,30,0
496,Healthcare,health_insurance,Does my health insurance cover this treatment? (request 65),"Coverage depends on your insurance plan, provider network, and policy terms. Check your policy or contact your insurer for confirmation.",curated_project_dataset,test,14,2
497,Healthcare,prescription,Where can I find my prescription? (request 29),Your prescription may be available in your healthcare account or provided by your doctor. Check your medical records or contact the clinic.,curated_project_dataset,train,21,2
498,Finance,balance_inquiry,I need help with this: Can I check my balance online? Can you guide me?,Yes. Most banks provide balance information through their official online banking or mobile application.,curated_project_dataset,train,4,1
499,Healthcare,medication_information,How should I learn about my prescribed medicine? (request 31),"Review the prescription and medication leaflet, and ask your doctor or pharmacist about dosage, interactions, and precautions.",curated_project_dataset,train,19,2
500,Finance,loan_information,How do I check loan eligibility? (request 44),"Eligibility depends on the lender's criteria, which may include income, credit history, employment, and existing obligations.",curated_project_dataset,train,16,1
501,E-commerce,damaged_product,My product arrived damaged (request 45),"Please take photos of the damaged item and packaging, then report the issue through the order's return or support process as soon as possible.",curated_project_dataset,test,10,0
502,Healthcare,lab_test,Can you help me with this? Do I need an appointment for a lab test?,It depends on the laboratory and test. Check the laboratory's booking requirements before visiting.,curated_project_dataset,test,15,2
503,Healthcare,emergency_guidance,I have a severe medical problem. What should I do? (request 50),"Seek urgent medical attention immediately, especially if symptoms are severe, sudden, or life-threatening.",curated_project_dataset,validation,12,2
504,Finance,credit_card,I want to know: I need help with my credit card. Can you guide me?,"Please specify whether you need help with payments, limits, transactions, fees, or card access so the appropriate guidance can be provided.",curated_project_dataset,train,9,1
505,Healthcare,appointment_reschedule,I need to reschedule my doctor's visit (request 22),"Open your appointment and select Reschedule, then choose another available date and time.",curated_project_dataset,train,3,2
506,E-commerce,account_issue,Can you help me with this? My account is not working.,"Try signing out and back in or resetting your password. If the problem continues, contact customer support.",curated_project_dataset,validation,0,0
507,Finance,card_payment,My debit card payment did not work. Can you guide me?,"Please check your card balance and status. If the issue continues, contact your bank for assistance.",curated_project_dataset,train,7,1
508,E-commerce,track_order,Where is my order? (request 37),I can help with order tracking. Please provide your order number or tracking details.,curated_project_dataset,train,26,0
509,Finance,bank_account,What documents are needed to open an account? (request 46),Requirements vary by bank and account type. Check the bank's official documentation for current identity and address requirements.,curated_project_dataset,train,5,1
510,Healthcare,emergency_guidance,What should I do in a medical emergency? (request 33),"For a serious or life-threatening emergency, seek immediate emergency medical care or contact your local emergency service. Do not rely on a chatbot for emergency treatment.",curated_project_dataset,train,12,2
511,Finance,cash_withdrawal,My ATM transaction failed (request 56),Check your account and ATM transaction status. Contact your bank if money was debited or the issue continues.,curated_project_dataset,train,8,1
512,Healthcare,appointment_cancel,I need to cancel my doctor's appointment (request 74),Please open your appointment details and select the cancellation option. Check the provider's cancellation policy for any applicable conditions.,curated_project_dataset,train,2,2
513,Healthcare,prescription,Can I get a copy of my prescription? (request 66),"You can request a copy from your prescribing doctor or healthcare provider, subject to their procedures.",curated_project_dataset,train,21,2
514,E-commerce,account_issue,I cannot access my shopping account (request 61),"Use the account recovery or password-reset option. If you still cannot sign in, contact customer support through the official channel.",curated_project_dataset,train,0,0
515,Healthcare,health_insurance,I need help with this: Does my health insurance cover this treatment?,"Coverage depends on your insurance plan, provider network, and policy terms. Check your policy or contact your insurer for confirmation.",curated_project_dataset,train,14,2
516,Finance,bank_account,Can I open a bank account online? (request 88),"Many banks offer online account opening, subject to eligibility and verification requirements. Check your bank's official website.",curated_project_dataset,validation,5,1
517,Healthcare,emergency_guidance,When should I seek emergency care? (request 59),"Emergency care may be needed for severe or rapidly worsening symptoms. When in doubt about a potentially serious condition, seek immediate professional medical help.",curated_project_dataset,train,12,2
518,Healthcare,prescription,How do I view my prescription? (request 28),"If your provider offers online records, sign in to your healthcare account and open the prescription or medication section.",curated_project_dataset,test,21,2
519,E-commerce,payment_failed,Can you help me with this? Why was my online payment declined?,"A payment can fail because of incorrect details, bank restrictions, insufficient funds, or security checks. Contact your bank if the problem continues.",curated_project_dataset,train,20,0
520,E-commerce,delivery_time,Please help me: Do you offer fast delivery?,"Available delivery speeds depend on the product, seller, location, and shipping options shown at checkout.",curated_project_dataset,test,11,0
521,Healthcare,appointment_reschedule,Can I change my appointment time? (request 73),"Yes. If another slot is available, you can reschedule the appointment from your booking details.",curated_project_dataset,train,3,2
522,Healthcare,emergency_guidance,When should I seek emergency care? (request 27),"Emergency care may be needed for severe or rapidly worsening symptoms. When in doubt about a potentially serious condition, seek immediate professional medical help.",curated_project_dataset,train,12,2
523,E-commerce,damaged_product,The package arrived damaged (request 40),Document the package condition and contact customer support or the seller with your order number and photos.,curated_project_dataset,test,10,0
524,Healthcare,health_insurance,I need information about health insurance (request 48),"Please specify whether you need help with coverage, claims, eligibility, or policy information so the appropriate guidance can be provided.",curated_project_dataset,train,14,2
525,Healthcare,emergency_guidance,What should I do in a medical emergency? (request 53),"For a serious or life-threatening emergency, seek immediate emergency medical care or contact your local emergency service. Do not rely on a chatbot for emergency treatment.",curated_project_dataset,train,12,2
526,E-commerce,delivery_time,Can you help me with this? When will my order be delivered?,The estimated delivery date is usually shown in your order details and may depend on your location and shipping method.,curated_project_dataset,train,11,0
527,Finance,fraud_transaction,I think my account has been compromised (request 100),"Contact your bank immediately through an official channel, secure your account credentials, and follow its instructions for protecting the account.",curated_project_dataset,train,13,1
528,Finance,transaction_issue,I need help with this: I need help with a bank transaction. Can you guide me?,Please check the transaction status and reference number. Your bank can investigate account-specific transaction issues.,curated_project_dataset,train,27,1
529,E-commerce,account_issue,I want to know: I cannot access my shopping account.,"Use the account recovery or password-reset option. If you still cannot sign in, contact customer support through the official channel.",curated_project_dataset,validation,0,0
530,Finance,cash_withdrawal,The ATM did not give me cash (request 94),"If your account was debited, keep the ATM receipt or transaction details and contact your bank immediately for investigation.",curated_project_dataset,train,8,1
531,Finance,transfer_pending,When will my pending transfer be completed? (request 32),Processing time varies by bank and transfer type. Check the transaction status for the latest update.,curated_project_dataset,test,29,1
532,E-commerce,cancel_order,I want to cancel my order.,"If the order has not shipped, you may be able to cancel it from your order details. Once shipped, cancellation may no longer be available.",curated_project_dataset,train,6,0
533,E-commerce,return_order,How do I return a product? (request 93),"Open your order details, select the return option if eligible, choose a return reason, and follow the provided instructions.",curated_project_dataset,train,24,0
534,Finance,credit_card,I need help with my credit card (request 76),"Please specify whether you need help with payments, limits, transactions, fees, or card access so the appropriate guidance can be provided.",curated_project_dataset,train,9,1
535,Healthcare,appointment_cancel,How do I cancel my appointment? (request 69),"You can cancel the appointment from your booking details. If cancellation is unavailable online, contact the healthcare provider.",curated_project_dataset,train,2,2
536,Finance,transaction_issue,There is a problem with my transaction (request 77),"Review the transaction details and status in your banking account. If the issue is unresolved, contact your bank with the transaction reference.",curated_project_dataset,train,27,1
537,E-commerce,payment_failed,My card payment did not go through (request 68),Please verify your card details and contact your bank if the transaction continues to be declined.,curated_project_dataset,train,20,0
538,Finance,loan_information,What documents are required for a loan? (request 67),"Requirements depend on the lender and loan type. Commonly requested documents may include identity, income, and address information.",curated_project_dataset,train,16,1
539,E-commerce,refund,How does a product refund work? (request 99),"After the return or cancellation is approved, the refund is generally processed to the original payment method, subject to the seller's policy.",curated_project_dataset,train,23,0
540,E-commerce,return_order,How do I return a product? (request 29),"Open your order details, select the return option if eligible, choose a return reason, and follow the provided instructions.",curated_project_dataset,train,24,0
541,Finance,balance_inquiry,I want to know my bank balance (request 35),Please check the balance section of your official banking app or online banking account.,curated_project_dataset,train,4,1
542,E-commerce,damaged_product,I received a broken product (request 39),Please report the issue promptly through your order support or return process and provide clear photos of the damage.,curated_project_dataset,train,10,0
543,Healthcare,symptoms_information,I want information about my symptoms (request 68),"I can provide general health information, but a clinician should evaluate symptoms to determine the appropriate diagnosis and treatment.",curated_project_dataset,validation,25,2
544,Finance,balance_inquiry,Can I check my balance online? (request 76),Yes. Most banks provide balance information through their official online banking or mobile application.,curated_project_dataset,train,4,1
545,Healthcare,health_insurance,I need information about health insurance (request 68),"Please specify whether you need help with coverage, claims, eligibility, or policy information so the appropriate guidance can be provided.",curated_project_dataset,train,14,2
546,E-commerce,refund,How does a product refund work?,"After the return or cancellation is approved, the refund is generally processed to the original payment method, subject to the seller's policy.",curated_project_dataset,validation,23,0
547,Healthcare,symptoms_information,I want information about my symptoms (request 52),"I can provide general health information, but a clinician should evaluate symptoms to determine the appropriate diagnosis and treatment.",curated_project_dataset,train,25,2
548,Finance,transaction_issue,Why is my transaction not showing? (request 95),Transaction updates can take time depending on the transaction type. Check again later and contact your bank if the expected posting time has passed.,curated_project_dataset,train,27,1
549,Finance,cash_withdrawal,My ATM transaction failed.,Check your account and ATM transaction status. Contact your bank if money was debited or the issue continues.,curated_project_dataset,train,8,1
550,Healthcare,emergency_guidance,This feels like an emergency (request 80),"Please seek immediate emergency medical assistance. If possible, have someone stay with you while help is arranged.",curated_project_dataset,train,12,2
551,E-commerce,wrong_product,I got the wrong product. What should I do? (request 48),"Keep the item and packaging, then submit an incorrect-item request through your order details.",curated_project_dataset,train,30,0
552,Finance,transaction_issue,Why is my transaction not showing? (request 71),Transaction updates can take time depending on the transaction type. Check again later and contact your bank if the expected posting time has passed.,curated_project_dataset,train,27,1
553,Healthcare,medication_information,How should I learn about my prescribed medicine? (request 99),"Review the prescription and medication leaflet, and ask your doctor or pharmacist about dosage, interactions, and precautions.",curated_project_dataset,train,19,2
554,E-commerce,delivery_time,When will my order be delivered? (request 29),The estimated delivery date is usually shown in your order details and may depend on your location and shipping method.,curated_project_dataset,train,11,0
555,Healthcare,appointment_reschedule,I need help with this: Can I move my appointment to next week?,You can reschedule if the provider has an available slot next week.,curated_project_dataset,train,3,2
556,Finance,card_payment,I cannot pay with my card (request 71),"Verify that your card is active and has sufficient funds. If payments continue to fail, contact your card issuer.",curated_project_dataset,train,7,1
557,Healthcare,lab_test,Where can I get my blood test done?,You can use an authorized laboratory or collection center. Follow the test-specific preparation instructions provided by your healthcare provider.,curated_project_dataset,train,15,2
558,Healthcare,appointment_reschedule,How can I change my consultation date? (request 28),Use the reschedule option in your appointment details and select a new available date.,curated_project_dataset,train,3,2
559,Healthcare,symptoms_information,Can you tell me what my symptoms mean? (request 66),Symptoms can have many possible causes. Please consult a healthcare professional for an appropriate evaluation rather than relying on a chatbot for diagnosis.,curated_project_dataset,train,25,2
560,Healthcare,prescription,Can I get a copy of my prescription? (request 82),"You can request a copy from your prescribing doctor or healthcare provider, subject to their procedures.",curated_project_dataset,train,21,2
561,Finance,credit_card,I need help with my credit card (request 56),"Please specify whether you need help with payments, limits, transactions, fees, or card access so the appropriate guidance can be provided.",curated_project_dataset,validation,9,1
562,Finance,transfer_failed,I cannot send money (request 79),"Verify the recipient details and available balance, then try again. If the transfer still fails, contact your bank.",curated_project_dataset,train,28,1
563,Finance,transfer_pending,My bank transfer has not completed. Can you guide me?,"Please check the transfer status and expected processing time. If it remains pending longer than expected, contact your bank.",curated_project_dataset,train,29,1
564,Healthcare,health_insurance,I need information about health insurance (request 60),"Please specify whether you need help with coverage, claims, eligibility, or policy information so the appropriate guidance can be provided.",curated_project_dataset,train,14,2
565,Healthcare,medication_information,Can you help me with this? I want information about my medication.,Please share the medicine name if you want general information. Do not change the prescribed dose without consulting your healthcare professional.,curated_project_dataset,train,19,2
566,E-commerce,account_issue,Can you help me with this? I cannot access my shopping account.,"Use the account recovery or password-reset option. If you still cannot sign in, contact customer support through the official channel.",curated_project_dataset,train,0,0
567,E-commerce,delivery_time,I need help with this: How long does delivery take?,"Delivery time varies by location, seller, and shipping option. Check the estimated delivery date shown during checkout or in your order.",curated_project_dataset,train,11,0
568,Healthcare,lab_test,Do I need an appointment for a lab test? (request 79),It depends on the laboratory and test. Check the laboratory's booking requirements before visiting.,curated_project_dataset,train,15,2
569,E-commerce,return_order,How do I return a product? (request 65),"Open your order details, select the return option if eligible, choose a return reason, and follow the provided instructions.",curated_project_dataset,train,24,0
570,Finance,card_payment,Can you help me with this? My debit card payment did not work. Can you guide me?,"Please check your card balance and status. If the issue continues, contact your bank for assistance.",curated_project_dataset,test,7,1
571,Healthcare,lab_test,I need information about a medical test (request 92),"Please provide the test name. Preparation, timing, and interpretation can vary by test.",curated_project_dataset,train,15,2
572,Healthcare,appointment_booking,I want to see a doctor (request 8),I can help you schedule a consultation. Please provide the medical specialty or doctor you want to visit.,curated_project_dataset,train,1,2
573,Finance,credit_card,I need help with my credit card (request 68),"Please specify whether you need help with payments, limits, transactions, fees, or card access so the appropriate guidance can be provided.",curated_project_dataset,train,9,1
574,E-commerce,return_order,I want to know: How do I return a product?,"Open your order details, select the return option if eligible, choose a return reason, and follow the provided instructions.",curated_project_dataset,train,24,0
575,Finance,balance_inquiry,How can I check my balance? (request 34),Use your bank's official app or online banking service to view your current account balance.,curated_project_dataset,validation,4,1
576,Healthcare,medication_information,I need help with this: I want information about my medication.,Please share the medicine name if you want general information. Do not change the prescribed dose without consulting your healthcare professional.,curated_project_dataset,train,19,2
577,Healthcare,lab_test,Do I need an appointment for a lab test? (request 71),It depends on the laboratory and test. Check the laboratory's booking requirements before visiting.,curated_project_dataset,train,15,2
578,Healthcare,health_insurance,Please help me: Can I use insurance for my hospital visit?,This depends on your plan and the healthcare provider. Confirm eligibility and any pre-authorization requirements with your insurer.,curated_project_dataset,train,14,2
579,E-commerce,track_order,How can I track my package? (request 90),Use the tracking link in your order details or provide your order number to check the shipment status.,curated_project_dataset,validation,26,0
580,Healthcare,appointment_cancel,Please cancel my consultation (request 100),I can guide you through cancellation. Open the appointment record and choose Cancel Appointment.,curated_project_dataset,train,2,2
581,Healthcare,appointment_reschedule,How can I change my consultation date? (request 84),Use the reschedule option in your appointment details and select a new available date.,curated_project_dataset,train,3,2
582,Healthcare,appointment_reschedule,How can I change my consultation date? (request 32),Use the reschedule option in your appointment details and select a new available date.,curated_project_dataset,test,3,2
583,Finance,loan_information,What documents are required for a loan? (request 31),"Requirements depend on the lender and loan type. Commonly requested documents may include identity, income, and address information.",curated_project_dataset,train,16,1
584,Finance,credit_card,What is my credit card limit? (request 62),"Your current credit limit is available through your card issuer's official app, online account, statement, or customer service.",curated_project_dataset,train,9,1
585,Healthcare,appointment_booking,How can I book a doctor appointment? (request 97),"You can book an appointment by selecting a doctor, choosing an available date and time, and confirming the booking.",curated_project_dataset,train,1,2
586,E-commerce,product_information,Is this item available? (request 88),Check the product page for the latest stock status. Availability can change quickly.,curated_project_dataset,test,22,0
587,Finance,cash_withdrawal,The ATM did not give me cash (request 70),"If your account was debited, keep the ATM receipt or transaction details and contact your bank immediately for investigation.",curated_project_dataset,train,8,1
588,E-commerce,delivery_time,Please help me: Can I know the expected delivery date?,Yes. Check your order details for the current estimated delivery date.,curated_project_dataset,train,11,0
589,Healthcare,lab_test,How do I book a lab test? (request 77),"Select the required test, choose an available laboratory or collection service, and confirm the appointment if booking is available.",curated_project_dataset,train,15,2
590,E-commerce,wrong_product,I received the wrong item (request 61),Please report the issue through your order details and provide the order number and photos of the received product if requested.,curated_project_dataset,train,30,0
591,Finance,loan_information,I need information about a personal loan (request 82),"Personal-loan terms vary by lender, including eligibility, interest rate, tenure, and fees. Review the lender's official terms before applying.",curated_project_dataset,train,16,1
592,Finance,credit_card,I need help with my credit card (request 64),"Please specify whether you need help with payments, limits, transactions, fees, or card access so the appropriate guidance can be provided.",curated_project_dataset,test,9,1
593,Finance,cash_withdrawal,My ATM transaction failed (request 88),Check your account and ATM transaction status. Contact your bank if money was debited or the issue continues.,curated_project_dataset,train,8,1
594,E-commerce,refund,I want to know my refund status (request 100),Please provide your order details or check the refund section of your account for the latest status.,curated_project_dataset,train,23,0
595,E-commerce,refund,How does a product refund work? (request 71),"After the return or cancellation is approved, the refund is generally processed to the original payment method, subject to the seller's policy.",curated_project_dataset,validation,23,0
596,Healthcare,appointment_cancel,How do I cancel my appointment? (request 5),"You can cancel the appointment from your booking details. If cancellation is unavailable online, contact the healthcare provider.",curated_project_dataset,train,2,2
597,Finance,transfer_pending,When will my pending transfer be completed? (request 88),Processing time varies by bank and transfer type. Check the transaction status for the latest update.,curated_project_dataset,validation,29,1
598,Healthcare,prescription,How do I view my prescription? (request 100),"If your provider offers online records, sign in to your healthcare account and open the prescription or medication section.",curated_project_dataset,train,21,2
599,E-commerce,damaged_product,My product arrived damaged (request 57),"Please take photos of the damaged item and packaging, then report the issue through the order's return or support process as soon as possible.",curated_project_dataset,train,10,0
600,E-commerce,refund,I want to know my refund status (request 24),Please provide your order details or check the refund section of your account for the latest status.,curated_project_dataset,train,23,0
601,Healthcare,lab_test,Do I need an appointment for a lab test? (request 43),It depends on the laboratory and test. Check the laboratory's booking requirements before visiting.,curated_project_dataset,train,15,2
602,Healthcare,medical_report,Where can I see my medical report?,"If digital records are available, check your healthcare account or patient portal. Otherwise, contact the healthcare provider that performed the test.",curated_project_dataset,train,18,2
603,Healthcare,appointment_reschedule,Can I move my appointment to next week? (request 27),You can reschedule if the provider has an available slot next week.,curated_project_dataset,validation,3,2
604,E-commerce,delivery_time,How long does delivery take? (request 98),"Delivery time varies by location, seller, and shipping option. Check the estimated delivery date shown during checkout or in your order.",curated_project_dataset,train,11,0
605,E-commerce,track_order,Please help me: What is the status of my order?,Please provide your order number so the current delivery status can be checked.,curated_project_dataset,train,26,0
606,E-commerce,product_information,How can I get information about a product? (request 73),"Open the product page to view its description, specifications, availability, price, and seller information.",curated_project_dataset,train,22,0
607,Healthcare,medical_report,Where can I see my medical report? (request 77),"If digital records are available, check your healthcare account or patient portal. Otherwise, contact the healthcare provider that performed the test.",curated_project_dataset,train,18,2
608,E-commerce,damaged_product,I received a broken product (request 31),Please report the issue promptly through your order support or return process and provide clear photos of the damage.,curated_project_dataset,validation,10,0
609,Finance,credit_card,How do I pay my credit card bill? (request 27),"You can usually pay through the issuer's official app, online banking, bank transfer, or another supported payment method.",curated_project_dataset,train,9,1
610,Finance,balance_inquiry,What is my account balance? (request 29),"You can check your current balance through your bank's official mobile app, online banking portal, ATM, or branch.",curated_project_dataset,train,4,1
611,Finance,loan_information,What documents are required for a loan? (request 95),"Requirements depend on the lender and loan type. Commonly requested documents may include identity, income, and address information.",curated_project_dataset,train,16,1
612,Healthcare,medication_information,What is this medicine used for? (request 65),Medication uses depend on the specific medicine and your circumstances. Check the medicine label or consult a pharmacist or doctor for reliable guidance.,curated_project_dataset,train,19,2
613,Finance,bank_account,Can I open a bank account online? (request 52),"Many banks offer online account opening, subject to eligibility and verification requirements. Check your bank's official website.",curated_project_dataset,train,5,1
614,E-commerce,track_order,How can I track my package? (request 94),Use the tracking link in your order details or provide your order number to check the shipment status.,curated_project_dataset,train,26,0
615,E-commerce,return_order,What is the process for returning an item? (request 72),"Start a return request from your order details, select the reason, and follow the packaging and pickup or drop-off instructions.",curated_project_dataset,train,24,0
616,Finance,fraud_transaction,Please help me: I think my account has been compromised. Can you guide me?,"Contact your bank immediately through an official channel, secure your account credentials, and follow its instructions for protecting the account.",curated_project_dataset,train,13,1
617,E-commerce,product_information,How can I get information about a product? (request 81),"Open the product page to view its description, specifications, availability, price, and seller information.",curated_project_dataset,test,22,0
618,E-commerce,return_order,Can you help me with this? What is the process for returning an item?,"Start a return request from your order details, select the reason, and follow the packaging and pickup or drop-off instructions.",curated_project_dataset,train,24,0
619,Healthcare,appointment_reschedule,Can you help me with this? Can I change my appointment time?,"Yes. If another slot is available, you can reschedule the appointment from your booking details.",curated_project_dataset,train,3,2
620,Healthcare,appointment_booking,How can I book a doctor appointment? (request 13),"You can book an appointment by selecting a doctor, choosing an available date and time, and confirming the booking.",curated_project_dataset,train,1,2
621,Finance,fraud_transaction,I do not recognize a transaction (request 73),"If you do not recognize a transaction, contact your bank or card issuer through its official channel immediately and follow its fraud-reporting process.",curated_project_dataset,train,13,1
622,Healthcare,medication_information,Can you help me with this? How should I learn about my prescribed medicine?,"Review the prescription and medication leaflet, and ask your doctor or pharmacist about dosage, interactions, and precautions.",curated_project_dataset,test,19,2
623,E-commerce,delivery_time,When will my order be delivered? (request 89),The estimated delivery date is usually shown in your order details and may depend on your location and shipping method.,curated_project_dataset,train,11,0
624,E-commerce,damaged_product,The package arrived damaged (request 80),Document the package condition and contact customer support or the seller with your order number and photos.,curated_project_dataset,train,10,0
625,Finance,bank_account,Can I open a bank account online? (request 40),"Many banks offer online account opening, subject to eligibility and verification requirements. Check your bank's official website.",curated_project_dataset,train,5,1
626,Finance,transaction_issue,I want to know: I need help with a bank transaction. Can you guide me?,Please check the transaction status and reference number. Your bank can investigate account-specific transaction issues.,curated_project_dataset,test,27,1
627,Healthcare,lab_test,Where can I get my blood test done? (request 38),You can use an authorized laboratory or collection center. Follow the test-specific preparation instructions provided by your healthcare provider.,curated_project_dataset,train,15,2
628,E-commerce,return_order,Can I return my product? (request 79),"Return eligibility depends on the product, seller policy, and purchase date. Check the return policy associated with your order.",curated_project_dataset,train,24,0
629,E-commerce,delivery_time,When will my order be delivered? (request 41),The estimated delivery date is usually shown in your order details and may depend on your location and shipping method.,curated_project_dataset,test,11,0
630,Healthcare,prescription,I want to know: Can I get a copy of my prescription?,"You can request a copy from your prescribing doctor or healthcare provider, subject to their procedures.",curated_project_dataset,test,21,2
631,Healthcare,prescription,Can I get a copy of my prescription? (request 98),"You can request a copy from your prescribing doctor or healthcare provider, subject to their procedures.",curated_project_dataset,train,21,2
632,Finance,loan_information,I need help with this: How can I apply for a loan? Can you guide me?,"Loan eligibility, documents, interest rates, and application procedures vary by lender. Check the lender's official application process.",curated_project_dataset,train,16,1
633,Finance,bank_account,I want to open a new bank account (request 35),Choose an appropriate account type and follow the bank's official application process. You may need identity and address documents.,curated_project_dataset,train,5,1
634,Finance,transaction_issue,There is a problem with my transaction (request 65),"Review the transaction details and status in your banking account. If the issue is unresolved, contact your bank with the transaction reference.",curated_project_dataset,test,27,1
635,Finance,bank_account,Can I open a bank account online? (request 44),"Many banks offer online account opening, subject to eligibility and verification requirements. Check your bank's official website.",curated_project_dataset,train,5,1
636,Healthcare,prescription,Please help me: I lost my prescription. What should I do?,Contact the prescribing healthcare provider or pharmacist. They can advise whether a replacement or copy can be issued.,curated_project_dataset,train,21,2
637,Finance,loan_information,I need information about a personal loan (request 94),"Personal-loan terms vary by lender, including eligibility, interest rate, tenure, and fees. Review the lender's official terms before applying.",curated_project_dataset,train,16,1
638,Healthcare,prescription,Can I get a copy of my prescription? (request 74),"You can request a copy from your prescribing doctor or healthcare provider, subject to their procedures.",curated_project_dataset,train,21,2
639,Finance,loan_information,I need information about a personal loan (request 26),"Personal-loan terms vary by lender, including eligibility, interest rate, tenure, and fees. Review the lender's official terms before applying.",curated_project_dataset,train,16,1
640,E-commerce,track_order,How can I track my package? (request 98),Use the tracking link in your order details or provide your order number to check the shipment status.,curated_project_dataset,train,26,0
641,E-commerce,account_issue,My account is not working (request 48),"Try signing out and back in or resetting your password. If the problem continues, contact customer support.",curated_project_dataset,train,0,0
642,E-commerce,payment_failed,My payment failed (request 49),"Please verify your payment details, available funds, and any bank authentication requirements, then try again.",curated_project_dataset,train,20,0
643,E-commerce,product_information,How can I get information about a product? (request 85),"Open the product page to view its description, specifications, availability, price, and seller information.",curated_project_dataset,train,22,0
644,Finance,cash_withdrawal,I could not withdraw cash (request 97),"Check whether your card is active and whether you have sufficient available balance. If the ATM charged you without dispensing cash, contact your bank promptly.",curated_project_dataset,train,8,1
645,Healthcare,emergency_guidance,What should I do in a medical emergency? (request 65),"For a serious or life-threatening emergency, seek immediate emergency medical care or contact your local emergency service. Do not rely on a chatbot for emergency treatment.",curated_project_dataset,train,12,2
646,E-commerce,track_order,What is the status of my order? (request 19),Please provide your order number so the current delivery status can be checked.,curated_project_dataset,validation,26,0
647,Finance,fraud_transaction,Please help me: I do not recognize a transaction. Can you guide me?,"If you do not recognize a transaction, contact your bank or card issuer through its official channel immediately and follow its fraud-reporting process.",curated_project_dataset,train,13,1
648,Healthcare,symptoms_information,I have been feeling unwell. What should I do? (request 59),"If symptoms are mild, monitor them and consider contacting a healthcare professional. Seek urgent medical care if symptoms are severe or rapidly worsening.",curated_project_dataset,train,25,2
649,Healthcare,medical_report,Where can I see my medical report? (request 37),"If digital records are available, check your healthcare account or patient portal. Otherwise, contact the healthcare provider that performed the test.",curated_project_dataset,validation,18,2
650,E-commerce,damaged_product,My product arrived damaged (request 85),"Please take photos of the damaged item and packaging, then report the issue through the order's return or support process as soon as possible.",curated_project_dataset,train,10,0
651,E-commerce,delivery_time,I need help with this: When will my order be delivered?,The estimated delivery date is usually shown in your order details and may depend on your location and shipping method.,curated_project_dataset,train,11,0
652,Healthcare,appointment_reschedule,How can I change my consultation date? (request 60),Use the reschedule option in your appointment details and select a new available date.,curated_project_dataset,validation,3,2
653,Finance,loan_information,How do I check loan eligibility? (request 72),"Eligibility depends on the lender's criteria, which may include income, credit history, employment, and existing obligations.",curated_project_dataset,train,16,1
654,Finance,bank_account,I want to open a new bank account (request 43),Choose an appropriate account type and follow the bank's official application process. You may need identity and address documents.,curated_project_dataset,train,5,1
655,Finance,loan_information,What documents are required for a loan? (request 43),"Requirements depend on the lender and loan type. Commonly requested documents may include identity, income, and address information.",curated_project_dataset,train,16,1
656,Finance,transaction_issue,I need help with a bank transaction (request 84),Please check the transaction status and reference number. Your bank can investigate account-specific transaction issues.,curated_project_dataset,train,27,1
657,E-commerce,track_order,How can I track my package? (request 30),Use the tracking link in your order details or provide your order number to check the shipment status.,curated_project_dataset,validation,26,0
658,Finance,card_payment,Please help me: My card payment was declined. Can you guide me?,"Check your card status, available funds, payment details, and any bank security restrictions. Contact your bank if the decline continues.",curated_project_dataset,train,7,1
659,Healthcare,emergency_guidance,I have a severe medical problem. What should I do? (request 70),"Seek urgent medical attention immediately, especially if symptoms are severe, sudden, or life-threatening.",curated_project_dataset,train,12,2
660,Finance,fraud_transaction,There is a suspicious transaction on my account (request 91),Review the transaction and report it to your bank promptly if you did not authorize it. Use only official banking contact channels.,curated_project_dataset,train,13,1
661,Healthcare,health_insurance,Can you help me with this? I need information about health insurance.,"Please specify whether you need help with coverage, claims, eligibility, or policy information so the appropriate guidance can be provided.",curated_project_dataset,train,14,2
662,Finance,loan_information,I want to know: How can I apply for a loan? Can you guide me?,"Loan eligibility, documents, interest rates, and application procedures vary by lender. Check the lender's official application process.",curated_project_dataset,train,16,1
663,Finance,transaction_issue,My transaction looks incorrect (request 26),"Please verify the amount, date, and transaction details. If you do not recognize or agree with the transaction, contact your bank promptly.",curated_project_dataset,train,27,1
664,Healthcare,medication_information,What is this medicine used for? (request 57),Medication uses depend on the specific medicine and your circumstances. Check the medicine label or consult a pharmacist or doctor for reliable guidance.,curated_project_dataset,train,19,2
665,Healthcare,medication_information,How should I learn about my prescribed medicine? (request 63),"Review the prescription and medication leaflet, and ask your doctor or pharmacist about dosage, interactions, and precautions.",curated_project_dataset,train,19,2
666,Finance,transaction_issue,There is a problem with my transaction (request 45),"Review the transaction details and status in your banking account. If the issue is unresolved, contact your bank with the transaction reference.",curated_project_dataset,test,27,1
667,Finance,bank_account,How do I open a bank account? (request 89),"Account-opening requirements vary by bank. Check the bank's official website or branch for eligibility, documents, and application steps.",curated_project_dataset,train,5,1
668,Healthcare,symptoms_information,Can you tell me what my symptoms mean? (request 82),Symptoms can have many possible causes. Please consult a healthcare professional for an appropriate evaluation rather than relying on a chatbot for diagnosis.,curated_project_dataset,train,25,2
669,E-commerce,wrong_product,I got the wrong product. What should I do? (request 92),"Keep the item and packaging, then submit an incorrect-item request through your order details.",curated_project_dataset,validation,30,0
670,E-commerce,wrong_product,I received the wrong item (request 33),Please report the issue through your order details and provide the order number and photos of the received product if requested.,curated_project_dataset,test,30,0
671,Finance,transaction_issue,Please help me: There is a problem with my transaction. Can you guide me?,"Review the transaction details and status in your banking account. If the issue is unresolved, contact your bank with the transaction reference.",curated_project_dataset,train,27,1
672,E-commerce,product_information,I need help with this: Where can I find product specifications?,Product specifications are usually listed on the product page under the description or specifications section.,curated_project_dataset,train,22,0
673,Healthcare,health_insurance,Please help me: How can I check my medical insurance coverage?,Review your policy documents or contact the insurer using the official customer-service channel to confirm coverage.,curated_project_dataset,train,14,2
674,Finance,card_payment,I cannot pay with my card (request 39),"Verify that your card is active and has sufficient funds. If payments continue to fail, contact your card issuer.",curated_project_dataset,train,7,1
675,Healthcare,medical_report,Where can I see my medical report? (request 57),"If digital records are available, check your healthcare account or patient portal. Otherwise, contact the healthcare provider that performed the test.",curated_project_dataset,test,18,2
676,Finance,cash_withdrawal,My ATM transaction failed. Can you guide me?,Check your account and ATM transaction status. Contact your bank if money was debited or the issue continues.,curated_project_dataset,train,8,1
677,E-commerce,return_order,I want to return something I bought (request 54),You can request a return from the order details if the item meets the seller's return conditions.,curated_project_dataset,train,24,0
678,Healthcare,health_insurance,How can I check my medical insurance coverage? (request 70),Review your policy documents or contact the insurer using the official customer-service channel to confirm coverage.,curated_project_dataset,train,14,2
679,Finance,transfer_pending,My money transfer is pending (request 65),Pending transfers can take time depending on the bank and transfer type. Please check the transaction status and contact your bank if it remains pending beyond the expected processing period.,curated_project_dataset,train,29,1
680,E-commerce,payment_failed,I want to know: I cannot complete my payment.,"Check the payment method and billing details, then retry. If it still fails, try another supported payment method.",curated_project_dataset,validation,20,0
681,Finance,transaction_issue,There is a problem with my transaction (request 61),"Review the transaction details and status in your banking account. If the issue is unresolved, contact your bank with the transaction reference.",curated_project_dataset,train,27,1
682,Finance,balance_inquiry,Can I check my balance online? (request 88),Yes. Most banks provide balance information through their official online banking or mobile application.,curated_project_dataset,train,4,1
683,Finance,credit_card,How do I pay my credit card bill? (request 59),"You can usually pay through the issuer's official app, online banking, bank transfer, or another supported payment method.",curated_project_dataset,train,9,1
684,E-commerce,cancel_order,Can I cancel my purchase? (request 74),Cancellation depends on the order status. Please open the order details and check whether the cancellation option is available.,curated_project_dataset,train,6,0
685,Healthcare,prescription,I lost my prescription. What should I do? (request 43),Contact the prescribing healthcare provider or pharmacist. They can advise whether a replacement or copy can be issued.,curated_project_dataset,train,21,2
686,Finance,transfer_failed,I need help with this: My money transfer failed. Can you guide me?,"Please check the transfer details and your account status. If the problem persists, contact your bank for the specific reason for failure.",curated_project_dataset,test,28,1
687,E-commerce,return_order,What is the process for returning an item? (request 56),"Start a return request from your order details, select the reason, and follow the packaging and pickup or drop-off instructions.",curated_project_dataset,train,24,0
688,E-commerce,damaged_product,I received a broken product (request 67),Please report the issue promptly through your order support or return process and provide clear photos of the damage.,curated_project_dataset,train,10,0
689,E-commerce,damaged_product,What should I do if my item is damaged? (request 66),"Keep the product and packaging, document the damage with photos, and submit a damage claim or return request through the order details.",curated_project_dataset,train,10,0
690,E-commerce,return_order,I want to return something I bought (request 90),You can request a return from the order details if the item meets the seller's return conditions.,curated_project_dataset,train,24,0
691,Finance,card_payment,Why did my card payment fail? Can you guide me?,"A card payment may fail because of insufficient funds, incorrect details, security checks, or merchant restrictions.",curated_project_dataset,train,7,1
692,Finance,cash_withdrawal,My ATM transaction failed (request 28),Check your account and ATM transaction status. Contact your bank if money was debited or the issue continues.,curated_project_dataset,test,8,1
693,E-commerce,refund,I want to know my refund status (request 44),Please provide your order details or check the refund section of your account for the latest status.,curated_project_dataset,test,23,0
694,E-commerce,product_information,Does this product have the features I need? (request 26),"Please check the product specifications and description. If a required feature is unclear, contact the seller for confirmation.",curated_project_dataset,train,22,0
695,Finance,credit_card,How do I pay my credit card bill? (request 95),"You can usually pay through the issuer's official app, online banking, bank transfer, or another supported payment method.",curated_project_dataset,test,9,1
696,Finance,bank_account,I want to open a new bank account (request 87),Choose an appropriate account type and follow the bank's official application process. You may need identity and address documents.,curated_project_dataset,train,5,1
697,Finance,transfer_failed,I cannot send money (request 95),"Verify the recipient details and available balance, then try again. If the transfer still fails, contact your bank.",curated_project_dataset,test,28,1
698,Finance,card_payment,I need help with this: My card payment was declined. Can you guide me?,"Check your card status, available funds, payment details, and any bank security restrictions. Contact your bank if the decline continues.",curated_project_dataset,validation,7,1
699,E-commerce,delivery_time,How long does delivery take? (request 78),"Delivery time varies by location, seller, and shipping option. Check the estimated delivery date shown during checkout or in your order.",curated_project_dataset,train,11,0
700,E-commerce,return_order,Can I return my product? (request 87),"Return eligibility depends on the product, seller policy, and purchase date. Check the return policy associated with your order.",curated_project_dataset,train,24,0
701,Healthcare,medication_information,I want information about my medication (request 36),Please share the medicine name if you want general information. Do not change the prescribed dose without consulting your healthcare professional.,curated_project_dataset,train,19,2
702,E-commerce,damaged_product,The package arrived damaged (request 28),Document the package condition and contact customer support or the seller with your order number and photos.,curated_project_dataset,train,10,0
703,Healthcare,appointment_reschedule,I need to reschedule my doctor's visit (request 38),"Open your appointment and select Reschedule, then choose another available date and time.",curated_project_dataset,train,3,2
704,Finance,transaction_issue,I need help with a bank transaction (request 48),Please check the transaction status and reference number. Your bank can investigate account-specific transaction issues.,curated_project_dataset,train,27,1
705,Healthcare,appointment_cancel,I need to cancel my doctor's appointment (request 10),Please open your appointment details and select the cancellation option. Check the provider's cancellation policy for any applicable conditions.,curated_project_dataset,test,2,2
706,Finance,balance_inquiry,I want to know my bank balance (request 75),Please check the balance section of your official banking app or online banking account.,curated_project_dataset,test,4,1
707,Healthcare,appointment_cancel,Please cancel my consultation (request 64),I can guide you through cancellation. Open the appointment record and choose Cancel Appointment.,curated_project_dataset,train,2,2
708,Healthcare,appointment_reschedule,Can I change my appointment time? (request 89),"Yes. If another slot is available, you can reschedule the appointment from your booking details.",curated_project_dataset,train,3,2
709,Healthcare,appointment_reschedule,Can I change my appointment time? (request 53),"Yes. If another slot is available, you can reschedule the appointment from your booking details.",curated_project_dataset,validation,3,2
710,Finance,cash_withdrawal,My ATM transaction failed (request 84),Check your account and ATM transaction status. Contact your bank if money was debited or the issue continues.,curated_project_dataset,train,8,1
711,E-commerce,account_issue,I cannot access my shopping account (request 65),"Use the account recovery or password-reset option. If you still cannot sign in, contact customer support through the official channel.",curated_project_dataset,train,0,0
712,E-commerce,return_order,How do I return a product? (request 89),"Open your order details, select the return option if eligible, choose a return reason, and follow the provided instructions.",curated_project_dataset,train,24,0
713,Healthcare,medical_report,Where can I see my medical report? (request 45),"If digital records are available, check your healthcare account or patient portal. Otherwise, contact the healthcare provider that performed the test.",curated_project_dataset,train,18,2
714,E-commerce,return_order,Can I return my product? (request 7),"Return eligibility depends on the product, seller policy, and purchase date. Check the return policy associated with your order.",curated_project_dataset,train,24,0
715,Finance,card_payment,I want to know: My debit card payment did not work. Can you guide me?,"Please check your card balance and status. If the issue continues, contact your bank for assistance.",curated_project_dataset,train,7,1
716,E-commerce,refund,I want to know my refund status (request 92),Please provide your order details or check the refund section of your account for the latest status.,curated_project_dataset,train,23,0
717,Finance,transaction_issue,My transaction looks incorrect (request 34),"Please verify the amount, date, and transaction details. If you do not recognize or agree with the transaction, contact your bank promptly.",curated_project_dataset,train,27,1
718,Healthcare,emergency_guidance,When should I seek emergency care? (request 91),"Emergency care may be needed for severe or rapidly worsening symptoms. When in doubt about a potentially serious condition, seek immediate professional medical help.",curated_project_dataset,train,12,2
719,Healthcare,health_insurance,I need information about health insurance (request 40),"Please specify whether you need help with coverage, claims, eligibility, or policy information so the appropriate guidance can be provided.",curated_project_dataset,train,14,2
720,E-commerce,cancel_order,Can I cancel my purchase? (request 50),Cancellation depends on the order status. Please open the order details and check whether the cancellation option is available.,curated_project_dataset,train,6,0
721,E-commerce,return_order,I want to return something I bought (request 22),You can request a return from the order details if the item meets the seller's return conditions.,curated_project_dataset,train,24,0
722,E-commerce,damaged_product,The package arrived damaged (request 44),Document the package condition and contact customer support or the seller with your order number and photos.,curated_project_dataset,train,10,0
723,Finance,card_payment,My card payment was declined.,"Check your card status, available funds, payment details, and any bank security restrictions. Contact your bank if the decline continues.",curated_project_dataset,train,7,1
724,Healthcare,medication_information,Can you give me information about a medicine? (request 62),"Please provide the medicine name. I can give general information, but medication decisions should be confirmed with a qualified healthcare professional.",curated_project_dataset,train,19,2
725,E-commerce,refund,Can you help me with this? My refund has not arrived.,"Please check the refund status and original payment method. If the stated processing period has passed, contact customer support with your order details.",curated_project_dataset,train,23,0
726,E-commerce,payment_failed,My card payment did not go through (request 36),Please verify your card details and contact your bank if the transaction continues to be declined.,curated_project_dataset,train,20,0
727,Healthcare,appointment_cancel,I need to cancel my doctor's appointment (request 58),Please open your appointment details and select the cancellation option. Check the provider's cancellation policy for any applicable conditions.,curated_project_dataset,train,2,2
728,E-commerce,account_issue,Please help me: My account is not working.,"Try signing out and back in or resetting your password. If the problem continues, contact customer support.",curated_project_dataset,train,0,0
729,Finance,transaction_issue,I need help with a bank transaction (request 60),Please check the transaction status and reference number. Your bank can investigate account-specific transaction issues.,curated_project_dataset,train,27,1
730,Healthcare,lab_test,Where can I get my blood test done? (request 78),You can use an authorized laboratory or collection center. Follow the test-specific preparation instructions provided by your healthcare provider.,curated_project_dataset,validation,15,2
731,Finance,credit_card,How can I apply for a credit card? (request 49),Credit-card eligibility and application requirements vary by issuer. Check the issuer's official application process and terms.,curated_project_dataset,train,9,1
732,E-commerce,wrong_product,I received the wrong item (request 73),Please report the issue through your order details and provide the order number and photos of the received product if requested.,curated_project_dataset,train,30,0
733,Healthcare,appointment_reschedule,Can I move my appointment to next week? (request 39),You can reschedule if the provider has an available slot next week.,curated_project_dataset,train,3,2
734,Finance,fraud_transaction,Can you help me with this? Someone may have used my card. Can you guide me?,"Contact your card issuer immediately using the official number or app, secure your account, and follow the issuer's instructions for reporting suspected fraud.",curated_project_dataset,train,13,1
735,E-commerce,track_order,My order has not arrived yet (request 92),"Please check the latest tracking update first. If the expected delivery date has passed, contact customer support with your order number.",curated_project_dataset,train,26,0
736,Finance,credit_card,How do I pay my credit card bill? (request 71),"You can usually pay through the issuer's official app, online banking, bank transfer, or another supported payment method.",curated_project_dataset,train,9,1
737,Healthcare,appointment_cancel,How do I cancel my appointment?,"You can cancel the appointment from your booking details. If cancellation is unavailable online, contact the healthcare provider.",curated_project_dataset,train,2,2
738,Healthcare,symptoms_information,I want information about my symptoms (request 16),"I can provide general health information, but a clinician should evaluate symptoms to determine the appropriate diagnosis and treatment.",curated_project_dataset,train,25,2
739,E-commerce,track_order,My order has not arrived yet (request 24),"Please check the latest tracking update first. If the expected delivery date has passed, contact customer support with your order number.",curated_project_dataset,train,26,0
740,Finance,loan_information,What documents are required for a loan? (request 47),"Requirements depend on the lender and loan type. Commonly requested documents may include identity, income, and address information.",curated_project_dataset,train,16,1
741,Healthcare,medical_report,How do I download my lab report? (request 68),"If online access is provided, sign in to the patient portal and look under reports or test results.",curated_project_dataset,train,18,2
742,E-commerce,refund,When will I get my refund? (request 45),Refund timing depends on the payment method and seller's processing time. Check your order's refund status for the latest update.,curated_project_dataset,train,23,0
743,Healthcare,appointment_reschedule,I need to reschedule my doctor's visit (request 62),"Open your appointment and select Reschedule, then choose another available date and time.",curated_project_dataset,validation,3,2
744,E-commerce,payment_failed,My card payment did not go through (request 52),Please verify your card details and contact your bank if the transaction continues to be declined.,curated_project_dataset,validation,20,0
745,Finance,credit_card,How do I pay my credit card bill? (request 35),"You can usually pay through the issuer's official app, online banking, bank transfer, or another supported payment method.",curated_project_dataset,train,9,1
746,Healthcare,appointment_cancel,Please cancel my consultation (request 96),I can guide you through cancellation. Open the appointment record and choose Cancel Appointment.,curated_project_dataset,train,2,2
747,E-commerce,damaged_product,The package arrived damaged (request 76),Document the package condition and contact customer support or the seller with your order number and photos.,curated_project_dataset,train,10,0
748,Finance,credit_card,What is my credit card limit? (request 42),"Your current credit limit is available through your card issuer's official app, online account, statement, or customer service.",curated_project_dataset,train,9,1
749,E-commerce,damaged_product,The package arrived damaged (request 36),Document the package condition and contact customer support or the seller with your order number and photos.,curated_project_dataset,train,10,0
750,Healthcare,appointment_cancel,Please cancel my consultation (request 80),I can guide you through cancellation. Open the appointment record and choose Cancel Appointment.,curated_project_dataset,test,2,2
751,Finance,fraud_transaction,Can you help me with this? There is a suspicious transaction on my account. Can you guide me?,Review the transaction and report it to your bank promptly if you did not authorize it. Use only official banking contact channels.,curated_project_dataset,train,13,1
752,Healthcare,symptoms_information,What should I do about these symptoms? (request 41),"I can provide general information, but symptoms alone cannot establish a diagnosis. For persistent, severe, or worrying symptoms, consult a qualified healthcare professional.",curated_project_dataset,train,25,2
753,E-commerce,track_order,My order has not arrived yet (request 100),"Please check the latest tracking update first. If the expected delivery date has passed, contact customer support with your order number.",curated_project_dataset,train,26,0
754,E-commerce,product_information,Is this item available? (request 44),Check the product page for the latest stock status. Availability can change quickly.,curated_project_dataset,validation,22,0
755,Healthcare,medical_report,Where can I see my medical report? (request 49),"If digital records are available, check your healthcare account or patient portal. Otherwise, contact the healthcare provider that performed the test.",curated_project_dataset,train,18,2
756,Finance,loan_information,How do I check loan eligibility? (request 56),"Eligibility depends on the lender's criteria, which may include income, credit history, employment, and existing obligations.",curated_project_dataset,train,16,1
757,Healthcare,lab_test,Do I need an appointment for a lab test? (request 63),It depends on the laboratory and test. Check the laboratory's booking requirements before visiting.,curated_project_dataset,validation,15,2
758,Healthcare,medication_information,What is this medicine used for? (request 81),Medication uses depend on the specific medicine and your circumstances. Check the medicine label or consult a pharmacist or doctor for reliable guidance.,curated_project_dataset,train,19,2
759,Finance,transfer_failed,I cannot send money (request 39),"Verify the recipient details and available balance, then try again. If the transfer still fails, contact your bank.",curated_project_dataset,train,28,1
760,Healthcare,health_insurance,I need information about health insurance (request 72),"Please specify whether you need help with coverage, claims, eligibility, or policy information so the appropriate guidance can be provided.",curated_project_dataset,train,14,2
761,E-commerce,payment_failed,Why was my online payment declined? (request 54),"A payment can fail because of incorrect details, bank restrictions, insufficient funds, or security checks. Contact your bank if the problem continues.",curated_project_dataset,train,20,0
762,Finance,fraud_transaction,I do not recognize a transaction (request 53),"If you do not recognize a transaction, contact your bank or card issuer through its official channel immediately and follow its fraud-reporting process.",curated_project_dataset,train,13,1
763,Healthcare,prescription,Can I get a copy of my prescription? (request 50),"You can request a copy from your prescribing doctor or healthcare provider, subject to their procedures.",curated_project_dataset,train,21,2
764,Finance,transfer_pending,Please help me: My money transfer is pending. Can you guide me?,Pending transfers can take time depending on the bank and transfer type. Please check the transaction status and contact your bank if it remains pending beyond the expected processing period.,curated_project_dataset,train,29,1
765,Finance,loan_information,How can I apply for a loan? Can you guide me?,"Loan eligibility, documents, interest rates, and application procedures vary by lender. Check the lender's official application process.",curated_project_dataset,train,16,1
766,Healthcare,medical_report,I received my test report. What does it mean? (request 43),"Please discuss the report with your healthcare professional, who can interpret the findings using your clinical history and examination.",curated_project_dataset,validation,18,2
767,Finance,card_payment,I need help with this: My debit card payment did not work. Can you guide me?,"Please check your card balance and status. If the issue continues, contact your bank for assistance.",curated_project_dataset,train,7,1
768,Finance,bank_account,What documents are needed to open an account? (request 38),Requirements vary by bank and account type. Check the bank's official documentation for current identity and address requirements.,curated_project_dataset,test,5,1
769,Finance,cash_withdrawal,Why did my cash withdrawal fail? (request 67),"A withdrawal may fail because of insufficient funds, card restrictions, ATM issues, or withdrawal limits.",curated_project_dataset,test,8,1
770,Finance,balance_inquiry,What is my account balance? (request 93),"You can check your current balance through your bank's official mobile app, online banking portal, ATM, or branch.",curated_project_dataset,train,4,1
771,E-commerce,account_issue,I forgot my account password (request 10),Use the password-reset option associated with your account email or phone number.,curated_project_dataset,train,0,0
772,Healthcare,medical_report,I received my test report. What does it mean? (request 91),"Please discuss the report with your healthcare professional, who can interpret the findings using your clinical history and examination.",curated_project_dataset,train,18,2
773,Finance,transfer_failed,My money transfer failed. Can you guide me?,"Please check the transfer details and your account status. If the problem persists, contact your bank for the specific reason for failure.",curated_project_dataset,validation,28,1
774,E-commerce,payment_failed,I cannot complete my payment (request 47),"Check the payment method and billing details, then retry. If it still fails, try another supported payment method.",curated_project_dataset,train,20,0
775,Healthcare,appointment_reschedule,How can I change my consultation date? (request 48),Use the reschedule option in your appointment details and select a new available date.,curated_project_dataset,test,3,2
776,Healthcare,health_insurance,How can I check my medical insurance coverage? (request 30),Review your policy documents or contact the insurer using the official customer-service channel to confirm coverage.,curated_project_dataset,train,14,2
777,E-commerce,cancel_order,I want to cancel my order (request 25),"If the order has not shipped, you may be able to cancel it from your order details. Once shipped, cancellation may no longer be available.",curated_project_dataset,train,6,0
778,Finance,loan_information,Please help me: How can I apply for a loan? Can you guide me?,"Loan eligibility, documents, interest rates, and application procedures vary by lender. Check the lender's official application process.",curated_project_dataset,train,16,1
779,Healthcare,lab_test,Do I need an appointment for a lab test? (request 27),It depends on the laboratory and test. Check the laboratory's booking requirements before visiting.,curated_project_dataset,train,15,2
780,Healthcare,symptoms_information,I want information about my symptoms (request 48),"I can provide general health information, but a clinician should evaluate symptoms to determine the appropriate diagnosis and treatment.",curated_project_dataset,validation,25,2
781,Healthcare,appointment_reschedule,Can I move my appointment to next week? (request 79),You can reschedule if the provider has an available slot next week.,curated_project_dataset,train,3,2
782,E-commerce,damaged_product,The package arrived damaged (request 84),Document the package condition and contact customer support or the seller with your order number and photos.,curated_project_dataset,train,10,0
783,Finance,balance_inquiry,What is my account balance? (request 81),"You can check your current balance through your bank's official mobile app, online banking portal, ATM, or branch.",curated_project_dataset,train,4,1
784,Healthcare,lab_test,I need information about a medical test (request 56),"Please provide the test name. Preparation, timing, and interpretation can vary by test.",curated_project_dataset,train,15,2
785,E-commerce,return_order,Please help me: I want to return something I bought.,You can request a return from the order details if the item meets the seller's return conditions.,curated_project_dataset,train,24,0
786,Healthcare,health_insurance,Can I use insurance for my hospital visit? (request 39),This depends on your plan and the healthcare provider. Confirm eligibility and any pre-authorization requirements with your insurer.,curated_project_dataset,train,14,2
787,Finance,bank_account,How do I open a bank account? (request 25),"Account-opening requirements vary by bank. Check the bank's official website or branch for eligibility, documents, and application steps.",curated_project_dataset,train,5,1
788,Finance,cash_withdrawal,I could not withdraw cash (request 89),"Check whether your card is active and whether you have sufficient available balance. If the ATM charged you without dispensing cash, contact your bank promptly.",curated_project_dataset,train,8,1
789,Finance,transaction_issue,Why is my transaction not showing? (request 51),Transaction updates can take time depending on the transaction type. Check again later and contact your bank if the expected posting time has passed.,curated_project_dataset,train,27,1
790,E-commerce,damaged_product,I need help with this: What should I do if my item is damaged?,"Keep the product and packaging, document the damage with photos, and submit a damage claim or return request through the order details.",curated_project_dataset,train,10,0
791,Finance,transfer_pending,When will my pending transfer be completed? Can you guide me?,Processing time varies by bank and transfer type. Check the transaction status for the latest update.,curated_project_dataset,train,29,1
792,Healthcare,emergency_guidance,What should I do in a medical emergency? (request 77),"For a serious or life-threatening emergency, seek immediate emergency medical care or contact your local emergency service. Do not rely on a chatbot for emergency treatment.",curated_project_dataset,train,12,2
793,Healthcare,medication_information,Can you give me information about a medicine? (request 46),"Please provide the medicine name. I can give general information, but medication decisions should be confirmed with a qualified healthcare professional.",curated_project_dataset,test,19,2
794,Healthcare,lab_test,I want to know: Where can I get my blood test done?,You can use an authorized laboratory or collection center. Follow the test-specific preparation instructions provided by your healthcare provider.,curated_project_dataset,test,15,2
795,E-commerce,payment_failed,I cannot complete my payment (request 75),"Check the payment method and billing details, then retry. If it still fails, try another supported payment method.",curated_project_dataset,train,20,0
796,E-commerce,damaged_product,I received a broken product (request 79),Please report the issue promptly through your order support or return process and provide clear photos of the damage.,curated_project_dataset,train,10,0
797,Finance,cash_withdrawal,Please help me: The ATM did not give me cash. Can you guide me?,"If your account was debited, keep the ATM receipt or transaction details and contact your bank immediately for investigation.",curated_project_dataset,train,8,1
798,E-commerce,return_order,How do I return a product? (request 45),"Open your order details, select the return option if eligible, choose a return reason, and follow the provided instructions.",curated_project_dataset,train,24,0
799,Finance,fraud_transaction,I think my account has been compromised (request 96),"Contact your bank immediately through an official channel, secure your account credentials, and follow its instructions for protecting the account.",curated_project_dataset,train,13,1
800,Finance,cash_withdrawal,I could not withdraw cash (request 53),"Check whether your card is active and whether you have sufficient available balance. If the ATM charged you without dispensing cash, contact your bank promptly.",curated_project_dataset,validation,8,1
801,Healthcare,prescription,How do I view my prescription? (request 48),"If your provider offers online records, sign in to your healthcare account and open the prescription or medication section.",curated_project_dataset,train,21,2
802,Finance,balance_inquiry,I want to know my bank balance. Can you guide me?,Please check the balance section of your official banking app or online banking account.,curated_project_dataset,train,4,1
803,E-commerce,delivery_time,I need help with this: Do you offer fast delivery?,"Available delivery speeds depend on the product, seller, location, and shipping options shown at checkout.",curated_project_dataset,train,11,0
804,Healthcare,appointment_reschedule,How can I change my consultation date? (request 64),Use the reschedule option in your appointment details and select a new available date.,curated_project_dataset,train,3,2
805,E-commerce,refund,My refund has not arrived (request 98),"Please check the refund status and original payment method. If the stated processing period has passed, contact customer support with your order details.",curated_project_dataset,train,23,0
806,Finance,transaction_issue,My transaction looks incorrect (request 54),"Please verify the amount, date, and transaction details. If you do not recognize or agree with the transaction, contact your bank promptly.",curated_project_dataset,train,27,1
807,E-commerce,wrong_product,Can you help me with this? I got the wrong product. What should I do?,"Keep the item and packaging, then submit an incorrect-item request through your order details.",curated_project_dataset,train,30,0
808,Healthcare,symptoms_information,Can you tell me what my symptoms mean? (request 54),Symptoms can have many possible causes. Please consult a healthcare professional for an appropriate evaluation rather than relying on a chatbot for diagnosis.,curated_project_dataset,validation,25,2
809,E-commerce,track_order,My order has not arrived yet (request 76),"Please check the latest tracking update first. If the expected delivery date has passed, contact customer support with your order number.",curated_project_dataset,train,26,0
810,Healthcare,appointment_reschedule,Please help me: Can I change my appointment time?,"Yes. If another slot is available, you can reschedule the appointment from your booking details.",curated_project_dataset,train,3,2
811,Healthcare,lab_test,I need help with this: Where can I get my blood test done?,You can use an authorized laboratory or collection center. Follow the test-specific preparation instructions provided by your healthcare provider.,curated_project_dataset,train,15,2
812,Finance,transfer_pending,My bank transfer has not completed (request 91),"Please check the transfer status and expected processing time. If it remains pending longer than expected, contact your bank.",curated_project_dataset,test,29,1
813,Finance,transfer_pending,When will my pending transfer be completed? (request 100),Processing time varies by bank and transfer type. Check the transaction status for the latest update.,curated_project_dataset,train,29,1
814,E-commerce,payment_failed,I cannot complete my payment (request 99),"Check the payment method and billing details, then retry. If it still fails, try another supported payment method.",curated_project_dataset,train,20,0
815,E-commerce,cancel_order,How do I stop an order before it ships? (request 36),Open your order details and select cancellation if the option is still available.,curated_project_dataset,train,6,0
816,Finance,credit_card,How can I apply for a credit card? (request 81),Credit-card eligibility and application requirements vary by issuer. Check the issuer's official application process and terms.,curated_project_dataset,train,9,1
817,Finance,transfer_pending,My bank transfer has not completed (request 79),"Please check the transfer status and expected processing time. If it remains pending longer than expected, contact your bank.",curated_project_dataset,train,29,1
818,Healthcare,appointment_booking,I need to schedule a consultation (request 58),Sure. Please choose the required doctor or specialty and select an available appointment slot.,curated_project_dataset,train,1,2
819,Finance,card_payment,My debit card payment did not work (request 84),"Please check your card balance and status. If the issue continues, contact your bank for assistance.",curated_project_dataset,train,7,1
820,Healthcare,health_insurance,I want to know: I need information about health insurance.,"Please specify whether you need help with coverage, claims, eligibility, or policy information so the appropriate guidance can be provided.",curated_project_dataset,train,14,2
821,Finance,transfer_failed,The transfer was unsuccessful (request 96),Please review the transaction details and any error message. Your bank can provide the exact reason if the transaction was rejected.,curated_project_dataset,test,28,1
822,Healthcare,prescription,Can I get a copy of my prescription? (request 62),"You can request a copy from your prescribing doctor or healthcare provider, subject to their procedures.",curated_project_dataset,train,21,2
823,Finance,fraud_transaction,I think my account has been compromised (request 44),"Contact your bank immediately through an official channel, secure your account credentials, and follow its instructions for protecting the account.",curated_project_dataset,train,13,1
824,Healthcare,appointment_reschedule,I need to reschedule my doctor's visit (request 30),"Open your appointment and select Reschedule, then choose another available date and time.",curated_project_dataset,train,3,2
825,Finance,cash_withdrawal,I need help with this: The ATM did not give me cash. Can you guide me?,"If your account was debited, keep the ATM receipt or transaction details and contact your bank immediately for investigation.",curated_project_dataset,train,8,1
826,E-commerce,damaged_product,Can you help me with this? What should I do if my item is damaged?,"Keep the product and packaging, document the damage with photos, and submit a damage claim or return request through the order details.",curated_project_dataset,test,10,0
827,Finance,transfer_failed,The transfer was unsuccessful (request 80),Please review the transaction details and any error message. Your bank can provide the exact reason if the transaction was rejected.,curated_project_dataset,train,28,1
828,E-commerce,payment_failed,I cannot complete my payment (request 51),"Check the payment method and billing details, then retry. If it still fails, try another supported payment method.",curated_project_dataset,train,20,0
829,E-commerce,return_order,Can I return my product? (request 35),"Return eligibility depends on the product, seller policy, and purchase date. Check the return policy associated with your order.",curated_project_dataset,validation,24,0
830,E-commerce,track_order,My order has not arrived yet (request 72),"Please check the latest tracking update first. If the expected delivery date has passed, contact customer support with your order number.",curated_project_dataset,train,26,0
831,Finance,credit_card,What is my credit card limit? (request 50),"Your current credit limit is available through your card issuer's official app, online account, statement, or customer service.",curated_project_dataset,train,9,1
832,E-commerce,track_order,How can I track my package? (request 38),Use the tracking link in your order details or provide your order number to check the shipment status.,curated_project_dataset,train,26,0
833,Healthcare,health_insurance,How can I check my medical insurance coverage? (request 90),Review your policy documents or contact the insurer using the official customer-service channel to confirm coverage.,curated_project_dataset,train,14,2
834,E-commerce,track_order,How can I track my package? (request 54),Use the tracking link in your order details or provide your order number to check the shipment status.,curated_project_dataset,train,26,0
835,Healthcare,medical_report,How do I download my lab report? (request 8),"If online access is provided, sign in to the patient portal and look under reports or test results.",curated_project_dataset,test,18,2
836,Healthcare,medication_information,What is this medicine used for? (request 25),Medication uses depend on the specific medicine and your circumstances. Check the medicine label or consult a pharmacist or doctor for reliable guidance.,curated_project_dataset,train,19,2
837,Healthcare,appointment_booking,I need to schedule a consultation (request 70),Sure. Please choose the required doctor or specialty and select an available appointment slot.,curated_project_dataset,train,1,2
838,Finance,balance_inquiry,How can I check my balance? (request 50),Use your bank's official app or online banking service to view your current account balance.,curated_project_dataset,train,4,1
839,Finance,cash_withdrawal,My ATM transaction failed (request 36),Check your account and ATM transaction status. Contact your bank if money was debited or the issue continues.,curated_project_dataset,train,8,1
840,Finance,credit_card,I need help with my credit card (request 40),"Please specify whether you need help with payments, limits, transactions, fees, or card access so the appropriate guidance can be provided.",curated_project_dataset,train,9,1
841,Finance,card_payment,I cannot pay with my card. Can you guide me?,"Verify that your card is active and has sufficient funds. If payments continue to fail, contact your card issuer.",curated_project_dataset,train,7,1
842,Finance,fraud_transaction,I think my account has been compromised (request 64),"Contact your bank immediately through an official channel, secure your account credentials, and follow its instructions for protecting the account.",curated_project_dataset,test,13,1
843,Finance,cash_withdrawal,The ATM did not give me cash (request 82),"If your account was debited, keep the ATM receipt or transaction details and contact your bank immediately for investigation.",curated_project_dataset,validation,8,1
844,Finance,transfer_pending,My money transfer is pending (request 93),Pending transfers can take time depending on the bank and transfer type. Please check the transaction status and contact your bank if it remains pending beyond the expected processing period.,curated_project_dataset,train,29,1
845,Healthcare,emergency_guidance,What should I do in a medical emergency? (request 41),"For a serious or life-threatening emergency, seek immediate emergency medical care or contact your local emergency service. Do not rely on a chatbot for emergency treatment.",curated_project_dataset,train,12,2
846,Healthcare,lab_test,Can you help me with this? How do I book a lab test?,"Select the required test, choose an available laboratory or collection service, and confirm the appointment if booking is available.",curated_project_dataset,test,15,2
847,Finance,cash_withdrawal,I need help with this: My ATM transaction failed. Can you guide me?,Check your account and ATM transaction status. Contact your bank if money was debited or the issue continues.,curated_project_dataset,train,8,1
848,E-commerce,cancel_order,I want to cancel my order (request 97),"If the order has not shipped, you may be able to cancel it from your order details. Once shipped, cancellation may no longer be available.",curated_project_dataset,train,6,0
849,Finance,transfer_pending,When will my pending transfer be completed? (request 68),Processing time varies by bank and transfer type. Check the transaction status for the latest update.,curated_project_dataset,train,29,1
850,E-commerce,track_order,Where is my order? (request 33),I can help with order tracking. Please provide your order number or tracking details.,curated_project_dataset,test,26,0
851,E-commerce,product_information,I want to know: Does this product have the features I need?,"Please check the product specifications and description. If a required feature is unclear, contact the seller for confirmation.",curated_project_dataset,train,22,0
852,E-commerce,product_information,How can I get information about a product? (request 77),"Open the product page to view its description, specifications, availability, price, and seller information.",curated_project_dataset,validation,22,0
853,Finance,transfer_failed,I cannot send money (request 31),"Verify the recipient details and available balance, then try again. If the transfer still fails, contact your bank.",curated_project_dataset,validation,28,1
854,Finance,transfer_pending,My money transfer is pending (request 45),Pending transfers can take time depending on the bank and transfer type. Please check the transaction status and contact your bank if it remains pending beyond the expected processing period.,curated_project_dataset,test,29,1
855,E-commerce,refund,I want to know my refund status (request 96),Please provide your order details or check the refund section of your account for the latest status.,curated_project_dataset,train,23,0
856,Healthcare,appointment_reschedule,How can I change my consultation date? (request 80),Use the reschedule option in your appointment details and select a new available date.,curated_project_dataset,train,3,2
857,E-commerce,payment_failed,Why was my online payment declined? (request 66),"A payment can fail because of incorrect details, bank restrictions, insufficient funds, or security checks. Contact your bank if the problem continues.",curated_project_dataset,test,20,0
858,E-commerce,product_information,Is this item available?,Check the product page for the latest stock status. Availability can change quickly.,curated_project_dataset,train,22,0
859,Finance,balance_inquiry,I want to know my bank balance (request 83),Please check the balance section of your official banking app or online banking account.,curated_project_dataset,train,4,1
860,Finance,credit_card,How do I pay my credit card bill? (request 39),"You can usually pay through the issuer's official app, online banking, bank transfer, or another supported payment method.",curated_project_dataset,train,9,1
861,Finance,loan_information,How do I check loan eligibility? Can you guide me?,"Eligibility depends on the lender's criteria, which may include income, credit history, employment, and existing obligations.",curated_project_dataset,train,16,1
862,Healthcare,prescription,Can I get a copy of my prescription? (request 54),"You can request a copy from your prescribing doctor or healthcare provider, subject to their procedures.",curated_project_dataset,train,21,2
863,Healthcare,health_insurance,Can I use insurance for my hospital visit? (request 35),This depends on your plan and the healthcare provider. Confirm eligibility and any pre-authorization requirements with your insurer.,curated_project_dataset,train,14,2
864,Healthcare,emergency_guidance,When should I seek emergency care? (request 63),"Emergency care may be needed for severe or rapidly worsening symptoms. When in doubt about a potentially serious condition, seek immediate professional medical help.",curated_project_dataset,train,12,2
865,Healthcare,prescription,Where can I find my prescription? (request 97),Your prescription may be available in your healthcare account or provided by your doctor. Check your medical records or contact the clinic.,curated_project_dataset,train,21,2
866,Finance,card_payment,My debit card payment did not work (request 52),"Please check your card balance and status. If the issue continues, contact your bank for assistance.",curated_project_dataset,train,7,1
867,Healthcare,health_insurance,Can I use insurance for my hospital visit?,This depends on your plan and the healthcare provider. Confirm eligibility and any pre-authorization requirements with your insurer.,curated_project_dataset,test,14,2
868,Finance,transfer_failed,My money transfer failed (request 37),"Please check the transfer details and your account status. If the problem persists, contact your bank for the specific reason for failure.",curated_project_dataset,test,28,1
869,Finance,fraud_transaction,Someone may have used my card (request 86),"Contact your card issuer immediately using the official number or app, secure your account, and follow the issuer's instructions for reporting suspected fraud.",curated_project_dataset,train,13,1
870,Finance,loan_information,Can you help me with this? How do I check loan eligibility? Can you guide me?,"Eligibility depends on the lender's criteria, which may include income, credit history, employment, and existing obligations.",curated_project_dataset,train,16,1
871,Healthcare,medication_information,What is this medicine used for? (request 41),Medication uses depend on the specific medicine and your circumstances. Check the medicine label or consult a pharmacist or doctor for reliable guidance.,curated_project_dataset,train,19,2
872,Healthcare,prescription,Please help me: Where can I find my prescription?,Your prescription may be available in your healthcare account or provided by your doctor. Check your medical records or contact the clinic.,curated_project_dataset,train,21,2
873,Healthcare,appointment_booking,How can I book a doctor appointment? (request 77),"You can book an appointment by selecting a doctor, choosing an available date and time, and confirming the booking.",curated_project_dataset,train,1,2
874,Finance,card_payment,Why did my card payment fail? (request 82),"A card payment may fail because of insufficient funds, incorrect details, security checks, or merchant restrictions.",curated_project_dataset,validation,7,1
875,Healthcare,lab_test,Where can I get my blood test done? (request 50),You can use an authorized laboratory or collection center. Follow the test-specific preparation instructions provided by your healthcare provider.,curated_project_dataset,validation,15,2
876,Healthcare,prescription,Can you help me with this? I lost my prescription. What should I do?,Contact the prescribing healthcare provider or pharmacist. They can advise whether a replacement or copy can be issued.,curated_project_dataset,train,21,2
877,E-commerce,payment_failed,My card payment did not go through (request 88),Please verify your card details and contact your bank if the transaction continues to be declined.,curated_project_dataset,train,20,0
878,Finance,balance_inquiry,I want to know: What is my account balance? Can you guide me?,"You can check your current balance through your bank's official mobile app, online banking portal, ATM, or branch.",curated_project_dataset,train,4,1
879,E-commerce,payment_failed,I cannot complete my payment (request 95),"Check the payment method and billing details, then retry. If it still fails, try another supported payment method.",curated_project_dataset,train,20,0
880,Healthcare,lab_test,Do I need an appointment for a lab test? (request 55),It depends on the laboratory and test. Check the laboratory's booking requirements before visiting.,curated_project_dataset,train,15,2
881,Finance,credit_card,I want to know: How can I apply for a credit card? Can you guide me?,Credit-card eligibility and application requirements vary by issuer. Check the issuer's official application process and terms.,curated_project_dataset,train,9,1
882,E-commerce,product_information,Where can I find product specifications? (request 39),Product specifications are usually listed on the product page under the description or specifications section.,curated_project_dataset,validation,22,0
883,E-commerce,payment_failed,Can you help me with this? My card payment did not go through.,Please verify your card details and contact your bank if the transaction continues to be declined.,curated_project_dataset,train,20,0
884,E-commerce,delivery_time,Do you offer fast delivery? (request 52),"Available delivery speeds depend on the product, seller, location, and shipping options shown at checkout.",curated_project_dataset,train,11,0
885,Healthcare,lab_test,Do I need an appointment for a lab test? (request 31),It depends on the laboratory and test. Check the laboratory's booking requirements before visiting.,curated_project_dataset,validation,15,2
886,Finance,cash_withdrawal,The ATM did not give me cash (request 42),"If your account was debited, keep the ATM receipt or transaction details and contact your bank immediately for investigation.",curated_project_dataset,train,8,1
887,E-commerce,product_information,Is this item available? (request 8),Check the product page for the latest stock status. Availability can change quickly.,curated_project_dataset,validation,22,0
888,Finance,fraud_transaction,Someone may have used my card (request 42),"Contact your card issuer immediately using the official number or app, secure your account, and follow the issuer's instructions for reporting suspected fraud.",curated_project_dataset,test,13,1
889,Healthcare,medication_information,How should I learn about my prescribed medicine? (request 83),"Review the prescription and medication leaflet, and ask your doctor or pharmacist about dosage, interactions, and precautions.",curated_project_dataset,train,19,2
890,E-commerce,account_issue,My account is not working (request 28),"Try signing out and back in or resetting your password. If the problem continues, contact customer support.",curated_project_dataset,train,0,0
891,E-commerce,cancel_order,Please help me: Can I cancel my purchase?,Cancellation depends on the order status. Please open the order details and check whether the cancellation option is available.,curated_project_dataset,validation,6,0
892,Finance,cash_withdrawal,My ATM transaction failed (request 64),Check your account and ATM transaction status. Contact your bank if money was debited or the issue continues.,curated_project_dataset,test,8,1
893,E-commerce,track_order,Where is my order? (request 89),I can help with order tracking. Please provide your order number or tracking details.,curated_project_dataset,train,26,0
894,Healthcare,medication_information,How should I learn about my prescribed medicine? (request 39),"Review the prescription and medication leaflet, and ask your doctor or pharmacist about dosage, interactions, and precautions.",curated_project_dataset,test,19,2
895,E-commerce,damaged_product,Please help me: What should I do if my item is damaged?,"Keep the product and packaging, document the damage with photos, and submit a damage claim or return request through the order details.",curated_project_dataset,validation,10,0
896,Finance,card_payment,My debit card payment did not work (request 44),"Please check your card balance and status. If the issue continues, contact your bank for assistance.",curated_project_dataset,train,7,1
897,Healthcare,health_insurance,Does my health insurance cover this treatment? (request 57),"Coverage depends on your insurance plan, provider network, and policy terms. Check your policy or contact your insurer for confirmation.",curated_project_dataset,train,14,2
898,E-commerce,account_issue,My account is not working (request 84),"Try signing out and back in or resetting your password. If the problem continues, contact customer support.",curated_project_dataset,train,0,0
899,Healthcare,appointment_cancel,Can I cancel my appointment today? (request 67),"Yes, if cancellation is allowed by the provider. Please check your appointment details for the applicable cancellation policy.",curated_project_dataset,train,2,2
900,Healthcare,appointment_booking,I want to see a doctor (request 60),I can help you schedule a consultation. Please provide the medical specialty or doctor you want to visit.,curated_project_dataset,validation,1,2
901,Healthcare,lab_test,Please help me: I need information about a medical test.,"Please provide the test name. Preparation, timing, and interpretation can vary by test.",curated_project_dataset,test,15,2
902,Healthcare,prescription,I lost my prescription. What should I do? (request 31),Contact the prescribing healthcare provider or pharmacist. They can advise whether a replacement or copy can be issued.,curated_project_dataset,validation,21,2
903,Finance,loan_information,How do I check loan eligibility? (request 88),"Eligibility depends on the lender's criteria, which may include income, credit history, employment, and existing obligations.",curated_project_dataset,train,16,1
904,Healthcare,appointment_booking,I need to schedule a consultation (request 50),Sure. Please choose the required doctor or specialty and select an available appointment slot.,curated_project_dataset,train,1,2
905,E-commerce,wrong_product,I got the wrong product. What should I do? (request 84),"Keep the item and packaging, then submit an incorrect-item request through your order details.",curated_project_dataset,test,30,0
906,E-commerce,track_order,I want to know: My order has not arrived yet.,"Please check the latest tracking update first. If the expected delivery date has passed, contact customer support with your order number.",curated_project_dataset,train,26,0
907,Healthcare,health_insurance,Can I use insurance for my hospital visit? (request 59),This depends on your plan and the healthcare provider. Confirm eligibility and any pre-authorization requirements with your insurer.,curated_project_dataset,train,14,2
908,E-commerce,track_order,I need help with this: How can I track my package?,Use the tracking link in your order details or provide your order number to check the shipment status.,curated_project_dataset,train,26,0
909,Healthcare,appointment_booking,How can I book a doctor appointment? (request 49),"You can book an appointment by selecting a doctor, choosing an available date and time, and confirming the booking.",curated_project_dataset,test,1,2
910,Healthcare,medical_report,Please help me: How do I download my lab report?,"If online access is provided, sign in to the patient portal and look under reports or test results.",curated_project_dataset,train,18,2
911,Finance,transaction_issue,Why is my transaction not showing? (request 91),Transaction updates can take time depending on the transaction type. Check again later and contact your bank if the expected posting time has passed.,curated_project_dataset,train,27,1
912,Finance,bank_account,How do I open a bank account? (request 53),"Account-opening requirements vary by bank. Check the bank's official website or branch for eligibility, documents, and application steps.",curated_project_dataset,train,5,1
913,Finance,balance_inquiry,I want to know my bank balance (request 47),Please check the balance section of your official banking app or online banking account.,curated_project_dataset,train,4,1
914,E-commerce,cancel_order,How do I stop an order before it ships? (request 60),Open your order details and select cancellation if the option is still available.,curated_project_dataset,test,6,0
915,Healthcare,lab_test,How do I book a lab test? (request 33),"Select the required test, choose an available laboratory or collection service, and confirm the appointment if booking is available.",curated_project_dataset,train,15,2
916,E-commerce,refund,How does a product refund work? (request 39),"After the return or cancellation is approved, the refund is generally processed to the original payment method, subject to the seller's policy.",curated_project_dataset,train,23,0
917,Finance,transfer_failed,The transfer was unsuccessful (request 28),Please review the transaction details and any error message. Your bank can provide the exact reason if the transaction was rejected.,curated_project_dataset,test,28,1
918,Finance,bank_account,I want to open a new bank account.,Choose an appropriate account type and follow the bank's official application process. You may need identity and address documents.,curated_project_dataset,train,5,1
919,E-commerce,payment_failed,My payment failed (request 37),"Please verify your payment details, available funds, and any bank authentication requirements, then try again.",curated_project_dataset,train,20,0
920,Healthcare,appointment_booking,I need to schedule a consultation (request 26),Sure. Please choose the required doctor or specialty and select an available appointment slot.,curated_project_dataset,train,1,2
921,Finance,fraud_transaction,Someone may have used my card (request 66),"Contact your card issuer immediately using the official number or app, secure your account, and follow the issuer's instructions for reporting suspected fraud.",curated_project_dataset,train,13,1
922,Healthcare,appointment_reschedule,I want to know: How can I change my consultation date?,Use the reschedule option in your appointment details and select a new available date.,curated_project_dataset,train,3,2
923,Finance,credit_card,How do I pay my credit card bill? Can you guide me?,"You can usually pay through the issuer's official app, online banking, bank transfer, or another supported payment method.",curated_project_dataset,train,9,1
924,Healthcare,appointment_reschedule,Can I change my appointment time? (request 77),"Yes. If another slot is available, you can reschedule the appointment from your booking details.",curated_project_dataset,train,3,2
925,Finance,transfer_failed,Why did my transfer fail? (request 58),"Transfers can fail because of incorrect details, account restrictions, insufficient funds, or bank-side issues. Check the transaction information and contact your bank if needed.",curated_project_dataset,train,28,1
926,E-commerce,payment_failed,My payment failed (request 81),"Please verify your payment details, available funds, and any bank authentication requirements, then try again.",curated_project_dataset,train,20,0
927,E-commerce,return_order,What is the process for returning an item? (request 36),"Start a return request from your order details, select the reason, and follow the packaging and pickup or drop-off instructions.",curated_project_dataset,train,24,0
928,E-commerce,product_information,Does this product have the features I need? (request 94),"Please check the product specifications and description. If a required feature is unclear, contact the seller for confirmation.",curated_project_dataset,train,22,0
929,Healthcare,emergency_guidance,This feels like an emergency (request 100),"Please seek immediate emergency medical assistance. If possible, have someone stay with you while help is arranged.",curated_project_dataset,train,12,2
930,Finance,transfer_failed,My money transfer failed (request 41),"Please check the transfer details and your account status. If the problem persists, contact your bank for the specific reason for failure.",curated_project_dataset,train,28,1
931,Healthcare,symptoms_information,Can you tell me what my symptoms mean? (request 62),Symptoms can have many possible causes. Please consult a healthcare professional for an appropriate evaluation rather than relying on a chatbot for diagnosis.,curated_project_dataset,train,25,2
932,E-commerce,payment_failed,Why was my online payment declined? (request 58),"A payment can fail because of incorrect details, bank restrictions, insufficient funds, or security checks. Contact your bank if the problem continues.",curated_project_dataset,test,20,0
933,E-commerce,account_issue,I forgot my account password (request 94),Use the password-reset option associated with your account email or phone number.,curated_project_dataset,train,0,0
934,E-commerce,delivery_time,Do you offer fast delivery? (request 72),"Available delivery speeds depend on the product, seller, location, and shipping options shown at checkout.",curated_project_dataset,train,11,0
935,Finance,transaction_issue,Why is my transaction not showing? (request 35),Transaction updates can take time depending on the transaction type. Check again later and contact your bank if the expected posting time has passed.,curated_project_dataset,validation,27,1
936,E-commerce,delivery_time,Can I know the expected delivery date? (request 51),Yes. Check your order details for the current estimated delivery date.,curated_project_dataset,train,11,0
937,E-commerce,wrong_product,I got the wrong product. What should I do? (request 36),"Keep the item and packaging, then submit an incorrect-item request through your order details.",curated_project_dataset,validation,30,0
938,E-commerce,cancel_order,I want to know: Please cancel my order.,I can guide you through cancellation. Check your order details for the Cancel Order option.,curated_project_dataset,train,6,0
939,E-commerce,wrong_product,The product I received is not what I ordered (request 47),Please report the mismatch through customer support or the order return process so the issue can be investigated.,curated_project_dataset,train,30,0
940,E-commerce,refund,I need help with this: My refund has not arrived.,"Please check the refund status and original payment method. If the stated processing period has passed, contact customer support with your order details.",curated_project_dataset,test,23,0
941,Finance,bank_account,What documents are needed to open an account? (request 30),Requirements vary by bank and account type. Check the bank's official documentation for current identity and address requirements.,curated_project_dataset,train,5,1
942,Healthcare,appointment_reschedule,I need to reschedule my doctor's visit (request 98),"Open your appointment and select Reschedule, then choose another available date and time.",curated_project_dataset,train,3,2
943,E-commerce,refund,My refund has not arrived (request 14),"Please check the refund status and original payment method. If the stated processing period has passed, contact customer support with your order details.",curated_project_dataset,train,23,0
944,Healthcare,emergency_guidance,I have a severe medical problem. What should I do? (request 38),"Seek urgent medical attention immediately, especially if symptoms are severe, sudden, or life-threatening.",curated_project_dataset,train,12,2
945,Healthcare,appointment_reschedule,Can I change my appointment time? (request 41),"Yes. If another slot is available, you can reschedule the appointment from your booking details.",curated_project_dataset,train,3,2
946,E-commerce,payment_failed,My payment failed (request 33),"Please verify your payment details, available funds, and any bank authentication requirements, then try again.",curated_project_dataset,validation,20,0
947,Healthcare,prescription,I lost my prescription. What should I do? (request 83),Contact the prescribing healthcare provider or pharmacist. They can advise whether a replacement or copy can be issued.,curated_project_dataset,train,21,2
948,Finance,fraud_transaction,There is a suspicious transaction on my account. Can you guide me?,Review the transaction and report it to your bank promptly if you did not authorize it. Use only official banking contact channels.,curated_project_dataset,train,13,1
949,E-commerce,account_issue,How do I update my account details? (request 55),"Open your account settings and edit the available profile information, then save the changes.",curated_project_dataset,train,0,0
950,E-commerce,refund,How does a product refund work? (request 35),"After the return or cancellation is approved, the refund is generally processed to the original payment method, subject to the seller's policy.",curated_project_dataset,train,23,0
951,E-commerce,damaged_product,What should I do if my item is damaged? (request 30),"Keep the product and packaging, document the damage with photos, and submit a damage claim or return request through the order details.",curated_project_dataset,train,10,0
952,E-commerce,delivery_time,When will my order be delivered? (request 73),The estimated delivery date is usually shown in your order details and may depend on your location and shipping method.,curated_project_dataset,train,11,0
953,Healthcare,symptoms_information,I have been feeling unwell. What should I do? (request 51),"If symptoms are mild, monitor them and consider contacting a healthcare professional. Seek urgent medical care if symptoms are severe or rapidly worsening.",curated_project_dataset,train,25,2
954,Finance,loan_information,I need information about a personal loan (request 46),"Personal-loan terms vary by lender, including eligibility, interest rate, tenure, and fees. Review the lender's official terms before applying.",curated_project_dataset,train,16,1
955,E-commerce,return_order,I need help with this: How do I return a product?,"Open your order details, select the return option if eligible, choose a return reason, and follow the provided instructions.",curated_project_dataset,train,24,0
956,Healthcare,symptoms_information,Can you tell me what my symptoms mean? (request 50),Symptoms can have many possible causes. Please consult a healthcare professional for an appropriate evaluation rather than relying on a chatbot for diagnosis.,curated_project_dataset,train,25,2
957,E-commerce,product_information,Can you help me with this? Where can I find product specifications?,Product specifications are usually listed on the product page under the description or specifications section.,curated_project_dataset,train,22,0
958,Finance,cash_withdrawal,My ATM transaction failed (request 48),Check your account and ATM transaction status. Contact your bank if money was debited or the issue continues.,curated_project_dataset,train,8,1
959,Healthcare,lab_test,I need information about a medical test (request 44),"Please provide the test name. Preparation, timing, and interpretation can vary by test.",curated_project_dataset,train,15,2
960,Finance,credit_card,I need help with my credit card (request 36),"Please specify whether you need help with payments, limits, transactions, fees, or card access so the appropriate guidance can be provided.",curated_project_dataset,train,9,1
961,Healthcare,emergency_guidance,What should I do in a medical emergency? (request 45),"For a serious or life-threatening emergency, seek immediate emergency medical care or contact your local emergency service. Do not rely on a chatbot for emergency treatment.",curated_project_dataset,validation,12,2
962,E-commerce,payment_failed,I cannot complete my payment (request 63),"Check the payment method and billing details, then retry. If it still fails, try another supported payment method.",curated_project_dataset,train,20,0
963,Healthcare,lab_test,Where can I get my blood test done? (request 58),You can use an authorized laboratory or collection center. Follow the test-specific preparation instructions provided by your healthcare provider.,curated_project_dataset,train,15,2
964,Finance,loan_information,What documents are required for a loan?,"Requirements depend on the lender and loan type. Commonly requested documents may include identity, income, and address information.",curated_project_dataset,train,16,1
965,Finance,credit_card,What is my credit card limit? (request 94),"Your current credit limit is available through your card issuer's official app, online account, statement, or customer service.",curated_project_dataset,test,9,1
966,E-commerce,return_order,How do I return a product? (request 37),"Open your order details, select the return option if eligible, choose a return reason, and follow the provided instructions.",curated_project_dataset,train,24,0
967,Finance,card_payment,My debit card payment did not work (request 68),"Please check your card balance and status. If the issue continues, contact your bank for assistance.",curated_project_dataset,train,7,1
968,Healthcare,lab_test,I need information about a medical test (request 48),"Please provide the test name. Preparation, timing, and interpretation can vary by test.",curated_project_dataset,validation,15,2
969,E-commerce,cancel_order,Can I cancel my purchase? (request 26),Cancellation depends on the order status. Please open the order details and check whether the cancellation option is available.,curated_project_dataset,train,6,0
970,E-commerce,cancel_order,I need help with this: Please cancel my order.,I can guide you through cancellation. Check your order details for the Cancel Order option.,curated_project_dataset,train,6,0
971,Finance,bank_account,I want to open a new bank account (request 51),Choose an appropriate account type and follow the bank's official application process. You may need identity and address documents.,curated_project_dataset,test,5,1
972,E-commerce,account_issue,I cannot access my shopping account (request 41),"Use the account recovery or password-reset option. If you still cannot sign in, contact customer support through the official channel.",curated_project_dataset,train,0,0
973,Healthcare,prescription,I lost my prescription. What should I do? (request 39),Contact the prescribing healthcare provider or pharmacist. They can advise whether a replacement or copy can be issued.,curated_project_dataset,validation,21,2
974,E-commerce,track_order,Where is my order? (request 49),I can help with order tracking. Please provide your order number or tracking details.,curated_project_dataset,train,26,0
975,Finance,fraud_transaction,I think my account has been compromised (request 84),"Contact your bank immediately through an official channel, secure your account credentials, and follow its instructions for protecting the account.",curated_project_dataset,train,13,1
976,Finance,transaction_issue,I need help with a bank transaction (request 76),Please check the transaction status and reference number. Your bank can investigate account-specific transaction issues.,curated_project_dataset,train,27,1
977,Finance,balance_inquiry,I need help with this: How can I check my balance? Can you guide me?,Use your bank's official app or online banking service to view your current account balance.,curated_project_dataset,train,4,1
978,Finance,transaction_issue,Why is my transaction not showing? (request 39),Transaction updates can take time depending on the transaction type. Check again later and contact your bank if the expected posting time has passed.,curated_project_dataset,train,27,1
979,Finance,transfer_failed,I cannot send money (request 63),"Verify the recipient details and available balance, then try again. If the transfer still fails, contact your bank.",curated_project_dataset,train,28,1
980,Healthcare,health_insurance,How can I check my medical insurance coverage?,Review your policy documents or contact the insurer using the official customer-service channel to confirm coverage.,curated_project_dataset,train,14,2
981,Healthcare,medical_report,I received my test report. What does it mean? (request 87),"Please discuss the report with your healthcare professional, who can interpret the findings using your clinical history and examination.",curated_project_dataset,train,18,2
982,Finance,bank_account,I want to open a new bank account (request 95),Choose an appropriate account type and follow the bank's official application process. You may need identity and address documents.,curated_project_dataset,test,5,1
983,Finance,transfer_pending,My money transfer is pending (request 41),Pending transfers can take time depending on the bank and transfer type. Please check the transaction status and contact your bank if it remains pending beyond the expected processing period.,curated_project_dataset,train,29,1
984,Healthcare,medical_report,Where can I see my medical report? (request 89),"If digital records are available, check your healthcare account or patient portal. Otherwise, contact the healthcare provider that performed the test.",curated_project_dataset,train,18,2
985,Finance,transfer_failed,The transfer was unsuccessful (request 84),Please review the transaction details and any error message. Your bank can provide the exact reason if the transaction was rejected.,curated_project_dataset,train,28,1
986,Finance,card_payment,My card payment was declined (request 69),"Check your card status, available funds, payment details, and any bank security restrictions. Contact your bank if the decline continues.",curated_project_dataset,train,7,1
987,Finance,transfer_pending,Why is my transfer still pending? Can you guide me?,A transfer may remain pending while the bank processes or verifies it. Check the transaction details for the expected processing time.,curated_project_dataset,train,29,1
988,Healthcare,medical_report,Please help me: I received my test report. What does it mean?,"Please discuss the report with your healthcare professional, who can interpret the findings using your clinical history and examination.",curated_project_dataset,test,18,2
989,Healthcare,health_insurance,I need information about health insurance.,"Please specify whether you need help with coverage, claims, eligibility, or policy information so the appropriate guidance can be provided.",curated_project_dataset,train,14,2
990,Finance,transfer_pending,My money transfer is pending. Can you guide me?,Pending transfers can take time depending on the bank and transfer type. Please check the transaction status and contact your bank if it remains pending beyond the expected processing period.,curated_project_dataset,train,29,1
991,Finance,loan_information,I need information about a personal loan (request 62),"Personal-loan terms vary by lender, including eligibility, interest rate, tenure, and fees. Review the lender's official terms before applying.",curated_project_dataset,train,16,1
992,Healthcare,appointment_cancel,I need help with this: Please cancel my consultation.,I can guide you through cancellation. Open the appointment record and choose Cancel Appointment.,curated_project_dataset,train,2,2
993,E-commerce,wrong_product,I need help with this: I received the wrong item.,Please report the issue through your order details and provide the order number and photos of the received product if requested.,curated_project_dataset,train,30,0
994,Finance,balance_inquiry,I want to know my bank balance (request 87),Please check the balance section of your official banking app or online banking account.,curated_project_dataset,validation,4,1
995,Finance,transfer_failed,The transfer was unsuccessful (request 48),Please review the transaction details and any error message. Your bank can provide the exact reason if the transaction was rejected.,curated_project_dataset,train,28,1
996,Healthcare,lab_test,I need help with this: Do I need an appointment for a lab test?,It depends on the laboratory and test. Check the laboratory's booking requirements before visiting.,curated_project_dataset,train,15,2
997,Healthcare,medication_information,How should I learn about my prescribed medicine? (request 7),"Review the prescription and medication leaflet, and ask your doctor or pharmacist about dosage, interactions, and precautions.",curated_project_dataset,train,19,2
998,E-commerce,cancel_order,Can I cancel my purchase? (request 58),Cancellation depends on the order status. Please open the order details and check whether the cancellation option is available.,curated_project_dataset,train,6,0
999,E-commerce,track_order,Where is my order? (request 69),I can help with order tracking. Please provide your order number or tracking details.,curated_project_dataset,train,26,0
1000,E-commerce,cancel_order,Can I cancel my purchase? (request 34),Cancellation depends on the order status. Please open the order details and check whether the cancellation option is available.,curated_project_dataset,train,6,0
1001,Finance,fraud_transaction,I need help with this: Someone may have used my card. Can you guide me?,"Contact your card issuer immediately using the official number or app, secure your account, and follow the issuer's instructions for reporting suspected fraud.",curated_project_dataset,train,13,1
1002,Healthcare,medication_information,Can you give me information about a medicine? (request 98),"Please provide the medicine name. I can give general information, but medication decisions should be confirmed with a qualified healthcare professional.",curated_project_dataset,train,19,2
1003,E-commerce,track_order,How can I track my package? (request 62),Use the tracking link in your order details or provide your order number to check the shipment status.,curated_project_dataset,train,26,0
1004,Healthcare,symptoms_information,Can you tell me what my symptoms mean? (request 26),Symptoms can have many possible causes. Please consult a healthcare professional for an appropriate evaluation rather than relying on a chatbot for diagnosis.,curated_project_dataset,train,25,2
1005,Healthcare,symptoms_information,I have been feeling unwell. What should I do? (request 43),"If symptoms are mild, monitor them and consider contacting a healthcare professional. Seek urgent medical care if symptoms are severe or rapidly worsening.",curated_project_dataset,train,25,2
1006,Finance,transaction_issue,There is a problem with my transaction (request 57),"Review the transaction details and status in your banking account. If the issue is unresolved, contact your bank with the transaction reference.",curated_project_dataset,train,27,1
1007,Finance,balance_inquiry,I want to know my bank balance (request 67),Please check the balance section of your official banking app or online banking account.,curated_project_dataset,test,4,1
1008,Healthcare,medical_report,I received my test report. What does it mean? (request 83),"Please discuss the report with your healthcare professional, who can interpret the findings using your clinical history and examination.",curated_project_dataset,train,18,2
1009,Finance,transaction_issue,I need help with a bank transaction (request 68),Please check the transaction status and reference number. Your bank can investigate account-specific transaction issues.,curated_project_dataset,train,27,1
1010,Healthcare,appointment_reschedule,How can I change my consultation date? (request 100),Use the reschedule option in your appointment details and select a new available date.,curated_project_dataset,train,3,2
1011,E-commerce,payment_failed,Why was my online payment declined? (request 62),"A payment can fail because of incorrect details, bank restrictions, insufficient funds, or security checks. Contact your bank if the problem continues.",curated_project_dataset,train,20,0
1012,Finance,transaction_issue,My transaction looks incorrect (request 74),"Please verify the amount, date, and transaction details. If you do not recognize or agree with the transaction, contact your bank promptly.",curated_project_dataset,train,27,1
1013,Healthcare,symptoms_information,I want information about my symptoms.,"I can provide general health information, but a clinician should evaluate symptoms to determine the appropriate diagnosis and treatment.",curated_project_dataset,train,25,2
1014,E-commerce,return_order,I want to return something I bought (request 38),You can request a return from the order details if the item meets the seller's return conditions.,curated_project_dataset,train,24,0
1015,Finance,cash_withdrawal,My ATM transaction failed (request 72),Check your account and ATM transaction status. Contact your bank if money was debited or the issue continues.,curated_project_dataset,train,8,1
1016,E-commerce,delivery_time,When will my order be delivered? (request 57),The estimated delivery date is usually shown in your order details and may depend on your location and shipping method.,curated_project_dataset,train,11,0
1017,Healthcare,lab_test,How do I book a lab test? (request 65),"Select the required test, choose an available laboratory or collection service, and confirm the appointment if booking is available.",curated_project_dataset,train,15,2
1018,E-commerce,delivery_time,Can I know the expected delivery date? (request 91),Yes. Check your order details for the current estimated delivery date.,curated_project_dataset,train,11,0
1019,Healthcare,appointment_reschedule,I need help with this: Can I change my appointment time?,"Yes. If another slot is available, you can reschedule the appointment from your booking details.",curated_project_dataset,train,3,2
1020,E-commerce,delivery_time,Can I know the expected delivery date? (request 27),Yes. Check your order details for the current estimated delivery date.,curated_project_dataset,train,11,0
1021,E-commerce,cancel_order,I want to cancel my order (request 89),"If the order has not shipped, you may be able to cancel it from your order details. Once shipped, cancellation may no longer be available.",curated_project_dataset,validation,6,0
1022,E-commerce,payment_failed,My card payment did not go through (request 56),Please verify your card details and contact your bank if the transaction continues to be declined.,curated_project_dataset,train,20,0
1023,Healthcare,medication_information,Can you give me information about a medicine? (request 50),"Please provide the medicine name. I can give general information, but medication decisions should be confirmed with a qualified healthcare professional.",curated_project_dataset,train,19,2
1024,Finance,transfer_pending,My bank transfer has not completed.,"Please check the transfer status and expected processing time. If it remains pending longer than expected, contact your bank.",curated_project_dataset,validation,29,1
1025,Finance,bank_account,How do I open a bank account? Can you guide me?,"Account-opening requirements vary by bank. Check the bank's official website or branch for eligibility, documents, and application steps.",curated_project_dataset,train,5,1
1026,Healthcare,appointment_booking,How can I book a doctor appointment? (request 85),"You can book an appointment by selecting a doctor, choosing an available date and time, and confirming the booking.",curated_project_dataset,train,1,2
1027,Healthcare,emergency_guidance,I have a severe medical problem. What should I do? (request 42),"Seek urgent medical attention immediately, especially if symptoms are severe, sudden, or life-threatening.",curated_project_dataset,train,12,2
1028,Healthcare,emergency_guidance,I have a severe medical problem. What should I do? (request 62),"Seek urgent medical attention immediately, especially if symptoms are severe, sudden, or life-threatening.",curated_project_dataset,validation,12,2
1029,Healthcare,health_insurance,How can I check my medical insurance coverage? (request 42),Review your policy documents or contact the insurer using the official customer-service channel to confirm coverage.,curated_project_dataset,train,14,2
1030,E-commerce,refund,How does a product refund work? (request 27),"After the return or cancellation is approved, the refund is generally processed to the original payment method, subject to the seller's policy.",curated_project_dataset,test,23,0
1031,Finance,transaction_issue,Why is my transaction not showing? (request 79),Transaction updates can take time depending on the transaction type. Check again later and contact your bank if the expected posting time has passed.,curated_project_dataset,train,27,1
1032,Finance,card_payment,I cannot pay with my card (request 31),"Verify that your card is active and has sufficient funds. If payments continue to fail, contact your card issuer.",curated_project_dataset,train,7,1
1033,E-commerce,refund,My refund has not arrived (request 74),"Please check the refund status and original payment method. If the stated processing period has passed, contact customer support with your order details.",curated_project_dataset,test,23,0
1034,Healthcare,appointment_reschedule,Can I move my appointment to next week? (request 91),You can reschedule if the provider has an available slot next week.,curated_project_dataset,train,3,2
1035,E-commerce,wrong_product,I got the wrong product. What should I do? (request 68),"Keep the item and packaging, then submit an incorrect-item request through your order details.",curated_project_dataset,train,30,0
1036,E-commerce,product_information,Where can I find product specifications? (request 55),Product specifications are usually listed on the product page under the description or specifications section.,curated_project_dataset,train,22,0
1037,Healthcare,lab_test,How do I book a lab test? (request 5),"Select the required test, choose an available laboratory or collection service, and confirm the appointment if booking is available.",curated_project_dataset,train,15,2
1038,Finance,transfer_pending,My money transfer is pending (request 33),Pending transfers can take time depending on the bank and transfer type. Please check the transaction status and contact your bank if it remains pending beyond the expected processing period.,curated_project_dataset,train,29,1
1039,Healthcare,emergency_guidance,Please help me: What should I do in a medical emergency?,"For a serious or life-threatening emergency, seek immediate emergency medical care or contact your local emergency service. Do not rely on a chatbot for emergency treatment.",curated_project_dataset,train,12,2
1040,Finance,bank_account,How do I open a bank account? (request 33),"Account-opening requirements vary by bank. Check the bank's official website or branch for eligibility, documents, and application steps.",curated_project_dataset,train,5,1
1041,Finance,transaction_issue,My transaction looks incorrect (request 38),"Please verify the amount, date, and transaction details. If you do not recognize or agree with the transaction, contact your bank promptly.",curated_project_dataset,train,27,1
1042,Finance,transfer_pending,My bank transfer has not completed (request 99),"Please check the transfer status and expected processing time. If it remains pending longer than expected, contact your bank.",curated_project_dataset,train,29,1
1043,Finance,card_payment,Why did my card payment fail? (request 38),"A card payment may fail because of insufficient funds, incorrect details, security checks, or merchant restrictions.",curated_project_dataset,train,7,1
1044,Healthcare,health_insurance,I want to know: How can I check my medical insurance coverage?,Review your policy documents or contact the insurer using the official customer-service channel to confirm coverage.,curated_project_dataset,train,14,2
1045,Finance,card_payment,Why did my card payment fail? (request 70),"A card payment may fail because of insufficient funds, incorrect details, security checks, or merchant restrictions.",curated_project_dataset,train,7,1
1046,E-commerce,track_order,Where is my order?,I can help with order tracking. Please provide your order number or tracking details.,curated_project_dataset,train,26,0
1047,E-commerce,damaged_product,The package arrived damaged.,Document the package condition and contact customer support or the seller with your order number and photos.,curated_project_dataset,train,10,0
1048,Healthcare,appointment_booking,Can you help me with this? Can I make an appointment for tomorrow?,"Yes, if appointments are available. Please select the doctor and check tomorrow's available time slots.",curated_project_dataset,train,1,2
1049,E-commerce,damaged_product,What should I do if my item is damaged? (request 78),"Keep the product and packaging, document the damage with photos, and submit a damage claim or return request through the order details.",curated_project_dataset,train,10,0
1050,E-commerce,return_order,Please help me: How do I return a product?,"Open your order details, select the return option if eligible, choose a return reason, and follow the provided instructions.",curated_project_dataset,train,24,0
1051,Finance,cash_withdrawal,I could not withdraw cash (request 61),"Check whether your card is active and whether you have sufficient available balance. If the ATM charged you without dispensing cash, contact your bank promptly.",curated_project_dataset,train,8,1
1052,E-commerce,account_issue,I cannot access my shopping account (request 37),"Use the account recovery or password-reset option. If you still cannot sign in, contact customer support through the official channel.",curated_project_dataset,train,0,0
1053,E-commerce,damaged_product,I want to know: I received a broken product.,Please report the issue promptly through your order support or return process and provide clear photos of the damage.,curated_project_dataset,train,10,0
1054,E-commerce,payment_failed,My card payment did not go through (request 28),Please verify your card details and contact your bank if the transaction continues to be declined.,curated_project_dataset,train,20,0
1055,Finance,balance_inquiry,How can I check my balance? (request 42),Use your bank's official app or online banking service to view your current account balance.,curated_project_dataset,train,4,1
1056,Finance,transaction_issue,I need help with this: Why is my transaction not showing? Can you guide me?,Transaction updates can take time depending on the transaction type. Check again later and contact your bank if the expected posting time has passed.,curated_project_dataset,test,27,1
1057,E-commerce,refund,My refund has not arrived (request 58),"Please check the refund status and original payment method. If the stated processing period has passed, contact customer support with your order details.",curated_project_dataset,train,23,0
1058,Finance,transfer_pending,Why is my transfer still pending? (request 58),A transfer may remain pending while the bank processes or verifies it. Check the transaction details for the expected processing time.,curated_project_dataset,train,29,1
1059,Healthcare,symptoms_information,What should I do about these symptoms? (request 61),"I can provide general information, but symptoms alone cannot establish a diagnosis. For persistent, severe, or worrying symptoms, consult a qualified healthcare professional.",curated_project_dataset,validation,25,2
1060,Finance,balance_inquiry,I want to know my bank balance (request 71),Please check the balance section of your official banking app or online banking account.,curated_project_dataset,train,4,1
1061,Finance,transfer_pending,My money transfer is pending (request 85),Pending transfers can take time depending on the bank and transfer type. Please check the transaction status and contact your bank if it remains pending beyond the expected processing period.,curated_project_dataset,train,29,1
1062,E-commerce,product_information,How can I get information about a product? (request 65),"Open the product page to view its description, specifications, availability, price, and seller information.",curated_project_dataset,train,22,0
1063,Healthcare,symptoms_information,What should I do about these symptoms? (request 45),"I can provide general information, but symptoms alone cannot establish a diagnosis. For persistent, severe, or worrying symptoms, consult a qualified healthcare professional.",curated_project_dataset,validation,25,2
1064,Healthcare,emergency_guidance,When should I seek emergency care? (request 87),"Emergency care may be needed for severe or rapidly worsening symptoms. When in doubt about a potentially serious condition, seek immediate professional medical help.",curated_project_dataset,train,12,2
1065,E-commerce,return_order,How do I return a product? (request 61),"Open your order details, select the return option if eligible, choose a return reason, and follow the provided instructions.",curated_project_dataset,validation,24,0
1066,E-commerce,damaged_product,I want to know: What should I do if my item is damaged?,"Keep the product and packaging, document the damage with photos, and submit a damage claim or return request through the order details.",curated_project_dataset,train,10,0
1067,E-commerce,damaged_product,My product arrived damaged (request 21),"Please take photos of the damaged item and packaging, then report the issue through the order's return or support process as soon as possible.",curated_project_dataset,train,10,0
1068,Finance,bank_account,I want to open a new bank account (request 47),Choose an appropriate account type and follow the bank's official application process. You may need identity and address documents.,curated_project_dataset,train,5,1
1069,Finance,credit_card,How do I pay my credit card bill? (request 87),"You can usually pay through the issuer's official app, online banking, bank transfer, or another supported payment method.",curated_project_dataset,validation,9,1
1070,E-commerce,product_information,Is this item available? (request 76),Check the product page for the latest stock status. Availability can change quickly.,curated_project_dataset,train,22,0
1071,Healthcare,appointment_booking,I need to schedule a consultation (request 86),Sure. Please choose the required doctor or specialty and select an available appointment slot.,curated_project_dataset,train,1,2
1072,Finance,transfer_pending,When will my pending transfer be completed? (request 64),Processing time varies by bank and transfer type. Check the transaction status for the latest update.,curated_project_dataset,train,29,1
1073,Healthcare,lab_test,How do I book a lab test? (request 69),"Select the required test, choose an available laboratory or collection service, and confirm the appointment if booking is available.",curated_project_dataset,train,15,2
1074,E-commerce,track_order,Can you help me with this? What is the status of my order?,Please provide your order number so the current delivery status can be checked.,curated_project_dataset,train,26,0
1075,Healthcare,appointment_cancel,How do I cancel my appointment? (request 29),"You can cancel the appointment from your booking details. If cancellation is unavailable online, contact the healthcare provider.",curated_project_dataset,train,2,2
1076,E-commerce,wrong_product,My order contains a different product (request 74),Start a return or replacement request for the incorrect item and follow the seller's instructions.,curated_project_dataset,train,30,0
1077,E-commerce,cancel_order,Please cancel my order (request 47),I can guide you through cancellation. Check your order details for the Cancel Order option.,curated_project_dataset,train,6,0
1078,Healthcare,health_insurance,I need information about health insurance (request 92),"Please specify whether you need help with coverage, claims, eligibility, or policy information so the appropriate guidance can be provided.",curated_project_dataset,train,14,2
1079,Finance,card_payment,My debit card payment did not work (request 72),"Please check your card balance and status. If the issue continues, contact your bank for assistance.",curated_project_dataset,validation,7,1
1080,Healthcare,symptoms_information,Please help me: I want information about my symptoms.,"I can provide general health information, but a clinician should evaluate symptoms to determine the appropriate diagnosis and treatment.",curated_project_dataset,train,25,2
1081,Healthcare,symptoms_information,I want information about my symptoms (request 84),"I can provide general health information, but a clinician should evaluate symptoms to determine the appropriate diagnosis and treatment.",curated_project_dataset,train,25,2
1082,E-commerce,wrong_product,My order contains a different product (request 34),Start a return or replacement request for the incorrect item and follow the seller's instructions.,curated_project_dataset,train,30,0
1083,E-commerce,cancel_order,How do I stop an order before it ships? (request 28),Open your order details and select cancellation if the option is still available.,curated_project_dataset,train,6,0
1084,Healthcare,medication_information,How should I learn about my prescribed medicine? (request 27),"Review the prescription and medication leaflet, and ask your doctor or pharmacist about dosage, interactions, and precautions.",curated_project_dataset,train,19,2
1085,Healthcare,medication_information,How should I learn about my prescribed medicine? (request 95),"Review the prescription and medication leaflet, and ask your doctor or pharmacist about dosage, interactions, and precautions.",curated_project_dataset,train,19,2
1086,E-commerce,product_information,Does this product have the features I need? (request 66),"Please check the product specifications and description. If a required feature is unclear, contact the seller for confirmation.",curated_project_dataset,train,22,0
1087,Finance,loan_information,How do I check loan eligibility? (request 92),"Eligibility depends on the lender's criteria, which may include income, credit history, employment, and existing obligations.",curated_project_dataset,train,16,1
1088,Finance,bank_account,Can I open a bank account online? Can you guide me?,"Many banks offer online account opening, subject to eligibility and verification requirements. Check your bank's official website.",curated_project_dataset,train,5,1
1089,E-commerce,return_order,What is the process for returning an item? (request 52),"Start a return request from your order details, select the reason, and follow the packaging and pickup or drop-off instructions.",curated_project_dataset,train,24,0
1090,E-commerce,return_order,What is the process for returning an item? (request 96),"Start a return request from your order details, select the reason, and follow the packaging and pickup or drop-off instructions.",curated_project_dataset,validation,24,0
1091,Healthcare,appointment_reschedule,How can I change my consultation date? (request 76),Use the reschedule option in your appointment details and select a new available date.,curated_project_dataset,train,3,2
1092,Healthcare,medication_information,Can you give me information about a medicine? (request 90),"Please provide the medicine name. I can give general information, but medication decisions should be confirmed with a qualified healthcare professional.",curated_project_dataset,train,19,2
1093,E-commerce,account_issue,I forgot my account password (request 58),Use the password-reset option associated with your account email or phone number.,curated_project_dataset,train,0,0
1094,Healthcare,lab_test,Do I need an appointment for a lab test? (request 91),It depends on the laboratory and test. Check the laboratory's booking requirements before visiting.,curated_project_dataset,test,15,2
1095,Finance,transfer_pending,When will my pending transfer be completed? (request 52),Processing time varies by bank and transfer type. Check the transaction status for the latest update.,curated_project_dataset,train,29,1
1096,Finance,balance_inquiry,I want to know my bank balance (request 39),Please check the balance section of your official banking app or online banking account.,curated_project_dataset,train,4,1
1097,E-commerce,return_order,Can I return my product? (request 43),"Return eligibility depends on the product, seller policy, and purchase date. Check the return policy associated with your order.",curated_project_dataset,train,24,0
1098,Finance,bank_account,What documents are needed to open an account? (request 74),Requirements vary by bank and account type. Check the bank's official documentation for current identity and address requirements.,curated_project_dataset,train,5,1
1099,Finance,transfer_pending,When will my pending transfer be completed? (request 80),Processing time varies by bank and transfer type. Check the transaction status for the latest update.,curated_project_dataset,train,29,1
1100,E-commerce,track_order,What is the status of my order? (request 59),Please provide your order number so the current delivery status can be checked.,curated_project_dataset,train,26,0
1101,Healthcare,appointment_cancel,I need help with this: Can I cancel my appointment today?,"Yes, if cancellation is allowed by the provider. Please check your appointment details for the applicable cancellation policy.",curated_project_dataset,train,2,2
1102,E-commerce,account_issue,My account is not working (request 96),"Try signing out and back in or resetting your password. If the problem continues, contact customer support.",curated_project_dataset,test,0,0
1103,Finance,balance_inquiry,How can I check my balance? (request 86),Use your bank's official app or online banking service to view your current account balance.,curated_project_dataset,train,4,1
1104,Healthcare,appointment_reschedule,I need to reschedule my doctor's visit (request 82),"Open your appointment and select Reschedule, then choose another available date and time.",curated_project_dataset,train,3,2
1105,Finance,credit_card,I need help with this: I need help with my credit card. Can you guide me?,"Please specify whether you need help with payments, limits, transactions, fees, or card access so the appropriate guidance can be provided.",curated_project_dataset,train,9,1
1106,Finance,transaction_issue,I need help with a bank transaction (request 36),Please check the transaction status and reference number. Your bank can investigate account-specific transaction issues.,curated_project_dataset,train,27,1
1107,Finance,loan_information,What documents are required for a loan? (request 63),"Requirements depend on the lender and loan type. Commonly requested documents may include identity, income, and address information.",curated_project_dataset,train,16,1
1108,Finance,fraud_transaction,Someone may have used my card (request 46),"Contact your card issuer immediately using the official number or app, secure your account, and follow the issuer's instructions for reporting suspected fraud.",curated_project_dataset,train,13,1
1109,E-commerce,cancel_order,How do I stop an order before it ships? (request 80),Open your order details and select cancellation if the option is still available.,curated_project_dataset,validation,6,0
1110,E-commerce,delivery_time,Can I know the expected delivery date?,Yes. Check your order details for the current estimated delivery date.,curated_project_dataset,train,11,0
1111,Finance,transfer_failed,Can you help me with this? My money transfer failed. Can you guide me?,"Please check the transfer details and your account status. If the problem persists, contact your bank for the specific reason for failure.",curated_project_dataset,train,28,1
1112,Healthcare,symptoms_information,I need help with this: What should I do about these symptoms?,"I can provide general information, but symptoms alone cannot establish a diagnosis. For persistent, severe, or worrying symptoms, consult a qualified healthcare professional.",curated_project_dataset,train,25,2
1113,E-commerce,wrong_product,I received the wrong item (request 45),Please report the issue through your order details and provide the order number and photos of the received product if requested.,curated_project_dataset,validation,30,0
1114,E-commerce,refund,When will I get my refund? (request 57),Refund timing depends on the payment method and seller's processing time. Check your order's refund status for the latest update.,curated_project_dataset,test,23,0
1115,Finance,card_payment,My card payment was declined (request 37),"Check your card status, available funds, payment details, and any bank security restrictions. Contact your bank if the decline continues.",curated_project_dataset,train,7,1
1116,Healthcare,prescription,How do I view my prescription? (request 76),"If your provider offers online records, sign in to your healthcare account and open the prescription or medication section.",curated_project_dataset,train,21,2
1117,E-commerce,wrong_product,I got the wrong product. What should I do? (request 72),"Keep the item and packaging, then submit an incorrect-item request through your order details.",curated_project_dataset,train,30,0
1118,Finance,credit_card,What is my credit card limit? (request 46),"Your current credit limit is available through your card issuer's official app, online account, statement, or customer service.",curated_project_dataset,train,9,1
1119,Finance,bank_account,Please help me: Can I open a bank account online? Can you guide me?,"Many banks offer online account opening, subject to eligibility and verification requirements. Check your bank's official website.",curated_project_dataset,train,5,1
1120,E-commerce,payment_failed,Why was my online payment declined? (request 18),"A payment can fail because of incorrect details, bank restrictions, insufficient funds, or security checks. Contact your bank if the problem continues.",curated_project_dataset,train,20,0
1121,E-commerce,damaged_product,The package arrived damaged (request 96),Document the package condition and contact customer support or the seller with your order number and photos.,curated_project_dataset,test,10,0
1122,Healthcare,health_insurance,I need information about health insurance (request 44),"Please specify whether you need help with coverage, claims, eligibility, or policy information so the appropriate guidance can be provided.",curated_project_dataset,train,14,2
1123,Finance,credit_card,I need help with this: How can I apply for a credit card? Can you guide me?,Credit-card eligibility and application requirements vary by issuer. Check the issuer's official application process and terms.,curated_project_dataset,train,9,1
1124,Healthcare,appointment_reschedule,I need to reschedule my doctor's visit (request 70),"Open your appointment and select Reschedule, then choose another available date and time.",curated_project_dataset,train,3,2
1125,Healthcare,lab_test,Where can I get my blood test done? (request 30),You can use an authorized laboratory or collection center. Follow the test-specific preparation instructions provided by your healthcare provider.,curated_project_dataset,train,15,2
1126,E-commerce,track_order,How can I track my package? (request 34),Use the tracking link in your order details or provide your order number to check the shipment status.,curated_project_dataset,train,26,0
1127,Healthcare,appointment_reschedule,Can I move my appointment to next week? (request 87),You can reschedule if the provider has an available slot next week.,curated_project_dataset,train,3,2
1128,Finance,balance_inquiry,Can you help me with this? Can I check my balance online? Can you guide me?,Yes. Most banks provide balance information through their official online banking or mobile application.,curated_project_dataset,train,4,1
1129,Healthcare,symptoms_information,What should I do about these symptoms?,"I can provide general information, but symptoms alone cannot establish a diagnosis. For persistent, severe, or worrying symptoms, consult a qualified healthcare professional.",curated_project_dataset,train,25,2
1130,E-commerce,product_information,I want to know: Where can I find product specifications?,Product specifications are usually listed on the product page under the description or specifications section.,curated_project_dataset,train,22,0
1131,E-commerce,wrong_product,Please help me: I got the wrong product. What should I do?,"Keep the item and packaging, then submit an incorrect-item request through your order details.",curated_project_dataset,train,30,0
1132,Healthcare,appointment_booking,I need to schedule a consultation (request 66),Sure. Please choose the required doctor or specialty and select an available appointment slot.,curated_project_dataset,train,1,2
1133,Finance,transaction_issue,My transaction looks incorrect (request 98),"Please verify the amount, date, and transaction details. If you do not recognize or agree with the transaction, contact your bank promptly.",curated_project_dataset,train,27,1
1134,Healthcare,health_insurance,Can I use insurance for my hospital visit? (request 91),This depends on your plan and the healthcare provider. Confirm eligibility and any pre-authorization requirements with your insurer.,curated_project_dataset,test,14,2
1135,E-commerce,damaged_product,The package arrived damaged (request 68),Document the package condition and contact customer support or the seller with your order number and photos.,curated_project_dataset,train,10,0
1136,E-commerce,damaged_product,The package arrived damaged (request 32),Document the package condition and contact customer support or the seller with your order number and photos.,curated_project_dataset,train,10,0
1137,E-commerce,refund,When will I get my refund? (request 77),Refund timing depends on the payment method and seller's processing time. Check your order's refund status for the latest update.,curated_project_dataset,test,23,0
1138,Healthcare,appointment_reschedule,Can I move my appointment to next week? (request 31),You can reschedule if the provider has an available slot next week.,curated_project_dataset,train,3,2
1139,Healthcare,prescription,How do I view my prescription?,"If your provider offers online records, sign in to your healthcare account and open the prescription or medication section.",curated_project_dataset,train,21,2
1140,Finance,card_payment,My debit card payment did not work (request 60),"Please check your card balance and status. If the issue continues, contact your bank for assistance.",curated_project_dataset,train,7,1
1141,E-commerce,refund,How does a product refund work? (request 51),"After the return or cancellation is approved, the refund is generally processed to the original payment method, subject to the seller's policy.",curated_project_dataset,validation,23,0
1142,E-commerce,payment_failed,My payment failed (request 45),"Please verify your payment details, available funds, and any bank authentication requirements, then try again.",curated_project_dataset,train,20,0
1143,Finance,cash_withdrawal,My ATM transaction failed (request 52),Check your account and ATM transaction status. Contact your bank if money was debited or the issue continues.,curated_project_dataset,train,8,1
1144,E-commerce,track_order,Can you help me with this? Where is my order?,I can help with order tracking. Please provide your order number or tracking details.,curated_project_dataset,train,26,0
1145,Healthcare,health_insurance,Does my health insurance cover this treatment? (request 37),"Coverage depends on your insurance plan, provider network, and policy terms. Check your policy or contact your insurer for confirmation.",curated_project_dataset,test,14,2
1146,E-commerce,product_information,How can I get information about a product? (request 89),"Open the product page to view its description, specifications, availability, price, and seller information.",curated_project_dataset,train,22,0
1147,Healthcare,symptoms_information,I have been feeling unwell. What should I do? (request 75),"If symptoms are mild, monitor them and consider contacting a healthcare professional. Seek urgent medical care if symptoms are severe or rapidly worsening.",curated_project_dataset,train,25,2
1148,E-commerce,refund,When will I get my refund? (request 53),Refund timing depends on the payment method and seller's processing time. Check your order's refund status for the latest update.,curated_project_dataset,train,23,0
1149,Finance,transfer_failed,I cannot send money. Can you guide me?,"Verify the recipient details and available balance, then try again. If the transfer still fails, contact your bank.",curated_project_dataset,validation,28,1
1150,E-commerce,damaged_product,I received a broken product (request 87),Please report the issue promptly through your order support or return process and provide clear photos of the damage.,curated_project_dataset,train,10,0
1151,E-commerce,wrong_product,I got the wrong product. What should I do?,"Keep the item and packaging, then submit an incorrect-item request through your order details.",curated_project_dataset,train,30,0
1152,Finance,transfer_pending,When will my pending transfer be completed? (request 72),Processing time varies by bank and transfer type. Check the transaction status for the latest update.,curated_project_dataset,validation,29,1
1153,Healthcare,medical_report,How do I download my lab report? (request 52),"If online access is provided, sign in to the patient portal and look under reports or test results.",curated_project_dataset,train,18,2
1154,Healthcare,appointment_booking,I want to see a doctor (request 100),I can help you schedule a consultation. Please provide the medical specialty or doctor you want to visit.,curated_project_dataset,train,1,2
1155,E-commerce,damaged_product,I want to know: The package arrived damaged.,Document the package condition and contact customer support or the seller with your order number and photos.,curated_project_dataset,train,10,0
1156,Healthcare,health_insurance,Can I use insurance for my hospital visit? (request 67),This depends on your plan and the healthcare provider. Confirm eligibility and any pre-authorization requirements with your insurer.,curated_project_dataset,test,14,2
1157,Healthcare,emergency_guidance,Can you help me with this? When should I seek emergency care?,"Emergency care may be needed for severe or rapidly worsening symptoms. When in doubt about a potentially serious condition, seek immediate professional medical help.",curated_project_dataset,train,12,2
1158,Finance,transfer_pending,Can you help me with this? Why is my transfer still pending? Can you guide me?,A transfer may remain pending while the bank processes or verifies it. Check the transaction details for the expected processing time.,curated_project_dataset,train,29,1
1159,Healthcare,prescription,Can I get a copy of my prescription? (request 30),"You can request a copy from your prescribing doctor or healthcare provider, subject to their procedures.",curated_project_dataset,test,21,2
1160,Healthcare,lab_test,How do I book a lab test? (request 37),"Select the required test, choose an available laboratory or collection service, and confirm the appointment if booking is available.",curated_project_dataset,train,15,2
1161,Healthcare,appointment_cancel,I need to cancel my doctor's appointment (request 86),Please open your appointment details and select the cancellation option. Check the provider's cancellation policy for any applicable conditions.,curated_project_dataset,train,2,2
1162,E-commerce,cancel_order,How do I stop an order before it ships? (request 88),Open your order details and select cancellation if the option is still available.,curated_project_dataset,train,6,0
1163,E-commerce,account_issue,My account is not working (request 72),"Try signing out and back in or resetting your password. If the problem continues, contact customer support.",curated_project_dataset,train,0,0
1164,Healthcare,emergency_guidance,This feels like an emergency (request 32),"Please seek immediate emergency medical assistance. If possible, have someone stay with you while help is arranged.",curated_project_dataset,train,12,2
1165,E-commerce,refund,My refund has not arrived (request 82),"Please check the refund status and original payment method. If the stated processing period has passed, contact customer support with your order details.",curated_project_dataset,train,23,0
1166,Finance,balance_inquiry,Can I check my balance online? (request 96),Yes. Most banks provide balance information through their official online banking or mobile application.,curated_project_dataset,train,4,1
1167,Finance,transaction_issue,Why is my transaction not showing? (request 83),Transaction updates can take time depending on the transaction type. Check again later and contact your bank if the expected posting time has passed.,curated_project_dataset,train,27,1
1168,Finance,card_payment,Why did my card payment fail?,"A card payment may fail because of insufficient funds, incorrect details, security checks, or merchant restrictions.",curated_project_dataset,validation,7,1
1169,E-commerce,account_issue,My account is not working (request 100),"Try signing out and back in or resetting your password. If the problem continues, contact customer support.",curated_project_dataset,train,0,0
1170,Healthcare,lab_test,I want to know: I need information about a medical test.,"Please provide the test name. Preparation, timing, and interpretation can vary by test.",curated_project_dataset,train,15,2
1171,Finance,credit_card,How can I apply for a credit card? (request 97),Credit-card eligibility and application requirements vary by issuer. Check the issuer's official application process and terms.,curated_project_dataset,train,9,1
1172,Healthcare,appointment_cancel,Please cancel my consultation (request 52),I can guide you through cancellation. Open the appointment record and choose Cancel Appointment.,curated_project_dataset,train,2,2
1173,E-commerce,return_order,What is the process for returning an item? (request 84),"Start a return request from your order details, select the reason, and follow the packaging and pickup or drop-off instructions.",curated_project_dataset,validation,24,0
1174,Finance,balance_inquiry,I want to know my bank balance (request 63),Please check the balance section of your official banking app or online banking account.,curated_project_dataset,train,4,1
1175,Healthcare,medical_report,How do I download my lab report? (request 32),"If online access is provided, sign in to the patient portal and look under reports or test results.",curated_project_dataset,train,18,2
1176,E-commerce,refund,My refund has not arrived (request 38),"Please check the refund status and original payment method. If the stated processing period has passed, contact customer support with your order details.",curated_project_dataset,train,23,0
1177,E-commerce,product_information,Where can I find product specifications? (request 99),Product specifications are usually listed on the product page under the description or specifications section.,curated_project_dataset,train,22,0
1178,Finance,credit_card,How can I apply for a credit card? (request 41),Credit-card eligibility and application requirements vary by issuer. Check the issuer's official application process and terms.,curated_project_dataset,train,9,1
1179,Healthcare,appointment_booking,Can you help me with this? I want to see a doctor.,I can help you schedule a consultation. Please provide the medical specialty or doctor you want to visit.,curated_project_dataset,validation,1,2
1180,Finance,credit_card,What is my credit card limit? (request 58),"Your current credit limit is available through your card issuer's official app, online account, statement, or customer service.",curated_project_dataset,train,9,1
1181,Healthcare,appointment_cancel,Can I cancel my appointment today? (request 59),"Yes, if cancellation is allowed by the provider. Please check your appointment details for the applicable cancellation policy.",curated_project_dataset,train,2,2
1182,Healthcare,health_insurance,How can I check my medical insurance coverage? (request 62),Review your policy documents or contact the insurer using the official customer-service channel to confirm coverage.,curated_project_dataset,train,14,2
1183,Healthcare,emergency_guidance,When should I seek emergency care?,"Emergency care may be needed for severe or rapidly worsening symptoms. When in doubt about a potentially serious condition, seek immediate professional medical help.",curated_project_dataset,train,12,2
1184,Finance,bank_account,Can I open a bank account online? (request 56),"Many banks offer online account opening, subject to eligibility and verification requirements. Check your bank's official website.",curated_project_dataset,validation,5,1
1185,Finance,fraud_transaction,Someone may have used my card (request 38),"Contact your card issuer immediately using the official number or app, secure your account, and follow the issuer's instructions for reporting suspected fraud.",curated_project_dataset,train,13,1
1186,Healthcare,medication_information,What is this medicine used for? (request 45),Medication uses depend on the specific medicine and your circumstances. Check the medicine label or consult a pharmacist or doctor for reliable guidance.,curated_project_dataset,train,19,2
1187,Finance,fraud_transaction,There is a suspicious transaction on my account (request 39),Review the transaction and report it to your bank promptly if you did not authorize it. Use only official banking contact channels.,curated_project_dataset,train,13,1
1188,Healthcare,medical_report,I received my test report. What does it mean? (request 55),"Please discuss the report with your healthcare professional, who can interpret the findings using your clinical history and examination.",curated_project_dataset,validation,18,2
1189,Healthcare,emergency_guidance,I need help with this: This feels like an emergency.,"Please seek immediate emergency medical assistance. If possible, have someone stay with you while help is arranged.",curated_project_dataset,train,12,2
1190,Finance,fraud_transaction,There is a suspicious transaction on my account (request 71),Review the transaction and report it to your bank promptly if you did not authorize it. Use only official banking contact channels.,curated_project_dataset,train,13,1
1191,Finance,transfer_failed,I cannot send money.,"Verify the recipient details and available balance, then try again. If the transfer still fails, contact your bank.",curated_project_dataset,train,28,1
1192,Healthcare,symptoms_information,Can you help me with this? I want information about my symptoms.,"I can provide general health information, but a clinician should evaluate symptoms to determine the appropriate diagnosis and treatment.",curated_project_dataset,train,25,2
1193,Healthcare,prescription,Where can I find my prescription? (request 49),Your prescription may be available in your healthcare account or provided by your doctor. Check your medical records or contact the clinic.,curated_project_dataset,train,21,2
1194,E-commerce,account_issue,I forgot my account password (request 46),Use the password-reset option associated with your account email or phone number.,curated_project_dataset,train,0,0
1195,E-commerce,payment_failed,My payment failed (request 57),"Please verify your payment details, available funds, and any bank authentication requirements, then try again.",curated_project_dataset,train,20,0
1196,Healthcare,symptoms_information,Can you help me with this? I have been feeling unwell. What should I do?,"If symptoms are mild, monitor them and consider contacting a healthcare professional. Seek urgent medical care if symptoms are severe or rapidly worsening.",curated_project_dataset,train,25,2
1197,Healthcare,appointment_reschedule,How can I change my consultation date? (request 88),Use the reschedule option in your appointment details and select a new available date.,curated_project_dataset,train,3,2
1198,Healthcare,lab_test,Do I need an appointment for a lab test? (request 95),It depends on the laboratory and test. Check the laboratory's booking requirements before visiting.,curated_project_dataset,train,15,2
1199,Healthcare,symptoms_information,I want to know: What should I do about these symptoms?,"I can provide general information, but symptoms alone cannot establish a diagnosis. For persistent, severe, or worrying symptoms, consult a qualified healthcare professional.",curated_project_dataset,train,25,2
1200,Finance,transaction_issue,I need help with this: There is a problem with my transaction. Can you guide me?,"Review the transaction details and status in your banking account. If the issue is unresolved, contact your bank with the transaction reference.",curated_project_dataset,train,27,1
1201,Healthcare,medical_report,Can you explain my medical report? (request 50),"I can explain general medical terminology, but a healthcare professional should interpret your results in the context of your symptoms and medical history.",curated_project_dataset,train,18,2
1202,Finance,credit_card,Please help me: I need help with my credit card. Can you guide me?,"Please specify whether you need help with payments, limits, transactions, fees, or card access so the appropriate guidance can be provided.",curated_project_dataset,train,9,1
1203,E-commerce,return_order,What is the process for returning an item? (request 40),"Start a return request from your order details, select the reason, and follow the packaging and pickup or drop-off instructions.",curated_project_dataset,train,24,0
1204,Healthcare,emergency_guidance,I need help with this: What should I do in a medical emergency?,"For a serious or life-threatening emergency, seek immediate emergency medical care or contact your local emergency service. Do not rely on a chatbot for emergency treatment.",curated_project_dataset,train,12,2
1205,E-commerce,wrong_product,I received the wrong item (request 81),Please report the issue through your order details and provide the order number and photos of the received product if requested.,curated_project_dataset,train,30,0
1206,Finance,transaction_issue,There is a problem with my transaction (request 81),"Review the transaction details and status in your banking account. If the issue is unresolved, contact your bank with the transaction reference.",curated_project_dataset,validation,27,1
1207,E-commerce,payment_failed,I need help with this: I cannot complete my payment.,"Check the payment method and billing details, then retry. If it still fails, try another supported payment method.",curated_project_dataset,validation,20,0
1208,Finance,card_payment,I cannot pay with my card (request 95),"Verify that your card is active and has sufficient funds. If payments continue to fail, contact your card issuer.",curated_project_dataset,train,7,1
1209,Healthcare,emergency_guidance,When should I seek emergency care? (request 71),"Emergency care may be needed for severe or rapidly worsening symptoms. When in doubt about a potentially serious condition, seek immediate professional medical help.",curated_project_dataset,train,12,2
1210,Healthcare,appointment_booking,Can you help me with this? I need to schedule a consultation.,Sure. Please choose the required doctor or specialty and select an available appointment slot.,curated_project_dataset,train,1,2
1211,Healthcare,health_insurance,How can I check my medical insurance coverage? (request 74),Review your policy documents or contact the insurer using the official customer-service channel to confirm coverage.,curated_project_dataset,train,14,2
1212,Healthcare,health_insurance,Does my health insurance cover this treatment? (request 9),"Coverage depends on your insurance plan, provider network, and policy terms. Check your policy or contact your insurer for confirmation.",curated_project_dataset,test,14,2
1213,Finance,cash_withdrawal,Why did my cash withdrawal fail? (request 79),"A withdrawal may fail because of insufficient funds, card restrictions, ATM issues, or withdrawal limits.",curated_project_dataset,validation,8,1
1214,Healthcare,prescription,I want to know: I lost my prescription. What should I do?,Contact the prescribing healthcare provider or pharmacist. They can advise whether a replacement or copy can be issued.,curated_project_dataset,validation,21,2
1215,Finance,card_payment,Please help me: Why did my card payment fail? Can you guide me?,"A card payment may fail because of insufficient funds, incorrect details, security checks, or merchant restrictions.",curated_project_dataset,train,7,1
1216,Healthcare,medication_information,I want to know: Can you give me information about a medicine?,"Please provide the medicine name. I can give general information, but medication decisions should be confirmed with a qualified healthcare professional.",curated_project_dataset,train,19,2
1217,Finance,credit_card,What is my credit card limit? (request 34),"Your current credit limit is available through your card issuer's official app, online account, statement, or customer service.",curated_project_dataset,train,9,1
1218,Finance,balance_inquiry,Can I check my balance online? (request 60),Yes. Most banks provide balance information through their official online banking or mobile application.,curated_project_dataset,train,4,1
1219,Finance,credit_card,I need help with my credit card. Can you guide me?,"Please specify whether you need help with payments, limits, transactions, fees, or card access so the appropriate guidance can be provided.",curated_project_dataset,train,9,1
1220,E-commerce,return_order,I want to return something I bought (request 26),You can request a return from the order details if the item meets the seller's return conditions.,curated_project_dataset,train,24,0
1221,E-commerce,delivery_time,Do you offer fast delivery? (request 56),"Available delivery speeds depend on the product, seller, location, and shipping options shown at checkout.",curated_project_dataset,validation,11,0
1222,E-commerce,delivery_time,Can you help me with this? Can I know the expected delivery date?,Yes. Check your order details for the current estimated delivery date.,curated_project_dataset,train,11,0
1223,Healthcare,symptoms_information,I have been feeling unwell. What should I do? (request 83),"If symptoms are mild, monitor them and consider contacting a healthcare professional. Seek urgent medical care if symptoms are severe or rapidly worsening.",curated_project_dataset,train,25,2
1224,Finance,transfer_failed,Can you help me with this? I cannot send money. Can you guide me?,"Verify the recipient details and available balance, then try again. If the transfer still fails, contact your bank.",curated_project_dataset,train,28,1
1225,Finance,transfer_failed,The transfer was unsuccessful (request 88),Please review the transaction details and any error message. Your bank can provide the exact reason if the transaction was rejected.,curated_project_dataset,train,28,1
1226,E-commerce,delivery_time,Please help me: How long does delivery take?,"Delivery time varies by location, seller, and shipping option. Check the estimated delivery date shown during checkout or in your order.",curated_project_dataset,train,11,0
1227,Finance,credit_card,I need help with my credit card (request 32),"Please specify whether you need help with payments, limits, transactions, fees, or card access so the appropriate guidance can be provided.",curated_project_dataset,train,9,1
1228,Healthcare,prescription,Where can I find my prescription? (request 53),Your prescription may be available in your healthcare account or provided by your doctor. Check your medical records or contact the clinic.,curated_project_dataset,train,21,2
1229,Healthcare,appointment_reschedule,Can you help me with this? Can I move my appointment to next week?,You can reschedule if the provider has an available slot next week.,curated_project_dataset,test,3,2
1230,E-commerce,track_order,Where is my order? (request 97),I can help with order tracking. Please provide your order number or tracking details.,curated_project_dataset,train,26,0
1231,Finance,loan_information,What documents are required for a loan? (request 55),"Requirements depend on the lender and loan type. Commonly requested documents may include identity, income, and address information.",curated_project_dataset,train,16,1
1232,Healthcare,appointment_booking,Can you help me with this? How can I book a doctor appointment?,"You can book an appointment by selecting a doctor, choosing an available date and time, and confirming the booking.",curated_project_dataset,train,1,2
1233,E-commerce,payment_failed,My payment failed (request 77),"Please verify your payment details, available funds, and any bank authentication requirements, then try again.",curated_project_dataset,test,20,0
1234,Healthcare,symptoms_information,Can you help me with this? What should I do about these symptoms?,"I can provide general information, but symptoms alone cannot establish a diagnosis. For persistent, severe, or worrying symptoms, consult a qualified healthcare professional.",curated_project_dataset,train,25,2
1235,Healthcare,medication_information,I want information about my medication (request 28),Please share the medicine name if you want general information. Do not change the prescribed dose without consulting your healthcare professional.,curated_project_dataset,train,19,2
1236,E-commerce,account_issue,I forgot my account password (request 86),Use the password-reset option associated with your account email or phone number.,curated_project_dataset,train,0,0
1237,Healthcare,appointment_cancel,Can you help me with this? I need to cancel my doctor's appointment.,Please open your appointment details and select the cancellation option. Check the provider's cancellation policy for any applicable conditions.,curated_project_dataset,train,2,2
1238,Finance,transfer_pending,Please help me: When will my pending transfer be completed? Can you guide me?,Processing time varies by bank and transfer type. Check the transaction status for the latest update.,curated_project_dataset,train,29,1
1239,Healthcare,appointment_cancel,Can I cancel my appointment today? (request 43),"Yes, if cancellation is allowed by the provider. Please check your appointment details for the applicable cancellation policy.",curated_project_dataset,test,2,2
1240,Healthcare,appointment_cancel,Please help me: I need to cancel my doctor's appointment.,Please open your appointment details and select the cancellation option. Check the provider's cancellation policy for any applicable conditions.,curated_project_dataset,train,2,2
1241,Finance,transaction_issue,I need help with a bank transaction (request 72),Please check the transaction status and reference number. Your bank can investigate account-specific transaction issues.,curated_project_dataset,train,27,1
1242,Finance,credit_card,What is my credit card limit? (request 66),"Your current credit limit is available through your card issuer's official app, online account, statement, or customer service.",curated_project_dataset,train,9,1
1243,E-commerce,cancel_order,Can I cancel my purchase? (request 90),Cancellation depends on the order status. Please open the order details and check whether the cancellation option is available.,curated_project_dataset,train,6,0
1244,Finance,fraud_transaction,Someone may have used my card (request 62),"Contact your card issuer immediately using the official number or app, secure your account, and follow the issuer's instructions for reporting suspected fraud.",curated_project_dataset,train,13,1
1245,Finance,bank_account,How do I open a bank account?,"Account-opening requirements vary by bank. Check the bank's official website or branch for eligibility, documents, and application steps.",curated_project_dataset,train,5,1
1246,E-commerce,delivery_time,How long does delivery take? (request 58),"Delivery time varies by location, seller, and shipping option. Check the estimated delivery date shown during checkout or in your order.",curated_project_dataset,train,11,0
1247,Healthcare,appointment_cancel,Can you help me with this? Please cancel my consultation.,I can guide you through cancellation. Open the appointment record and choose Cancel Appointment.,curated_project_dataset,train,2,2
1248,E-commerce,payment_failed,I want to know: Why was my online payment declined?,"A payment can fail because of incorrect details, bank restrictions, insufficient funds, or security checks. Contact your bank if the problem continues.",curated_project_dataset,train,20,0
1249,E-commerce,product_information,I need help with this: Is this item available?,Check the product page for the latest stock status. Availability can change quickly.,curated_project_dataset,test,22,0
1250,Finance,card_payment,My card payment was declined (request 93),"Check your card status, available funds, payment details, and any bank security restrictions. Contact your bank if the decline continues.",curated_project_dataset,train,7,1
1251,Finance,loan_information,I need information about a personal loan (request 98),"Personal-loan terms vary by lender, including eligibility, interest rate, tenure, and fees. Review the lender's official terms before applying.",curated_project_dataset,train,16,1
1252,Finance,fraud_transaction,I do not recognize a transaction (request 49),"If you do not recognize a transaction, contact your bank or card issuer through its official channel immediately and follow its fraud-reporting process.",curated_project_dataset,train,13,1
1253,E-commerce,product_information,How can I get information about a product? (request 97),"Open the product page to view its description, specifications, availability, price, and seller information.",curated_project_dataset,train,22,0
1254,Finance,credit_card,What is my credit card limit? (request 90),"Your current credit limit is available through your card issuer's official app, online account, statement, or customer service.",curated_project_dataset,train,9,1
1255,Healthcare,lab_test,How do I book a lab test? (request 73),"Select the required test, choose an available laboratory or collection service, and confirm the appointment if booking is available.",curated_project_dataset,train,15,2
1256,E-commerce,payment_failed,My card payment did not go through (request 32),Please verify your card details and contact your bank if the transaction continues to be declined.,curated_project_dataset,train,20,0
1257,Finance,transfer_failed,My money transfer failed (request 73),"Please check the transfer details and your account status. If the problem persists, contact your bank for the specific reason for failure.",curated_project_dataset,validation,28,1
1258,Healthcare,prescription,How do I view my prescription? (request 92),"If your provider offers online records, sign in to your healthcare account and open the prescription or medication section.",curated_project_dataset,validation,21,2
1259,E-commerce,payment_failed,I cannot complete my payment.,"Check the payment method and billing details, then retry. If it still fails, try another supported payment method.",curated_project_dataset,train,20,0
1260,Healthcare,health_insurance,Does my health insurance cover this treatment? (request 89),"Coverage depends on your insurance plan, provider network, and policy terms. Check your policy or contact your insurer for confirmation.",curated_project_dataset,test,14,2
1261,E-commerce,damaged_product,I received a broken product (request 55),Please report the issue promptly through your order support or return process and provide clear photos of the damage.,curated_project_dataset,test,10,0
1262,E-commerce,refund,How does a product refund work? (request 67),"After the return or cancellation is approved, the refund is generally processed to the original payment method, subject to the seller's policy.",curated_project_dataset,train,23,0
1263,Finance,transaction_issue,There is a problem with my transaction (request 97),"Review the transaction details and status in your banking account. If the issue is unresolved, contact your bank with the transaction reference.",curated_project_dataset,train,27,1
1264,Healthcare,appointment_reschedule,Please help me: I need to reschedule my doctor's visit.,"Open your appointment and select Reschedule, then choose another available date and time.",curated_project_dataset,train,3,2
1265,Finance,transfer_pending,I need help with this: When will my pending transfer be completed? Can you guide me?,Processing time varies by bank and transfer type. Check the transaction status for the latest update.,curated_project_dataset,train,29,1
1266,Finance,transfer_failed,My money transfer failed (request 49),"Please check the transfer details and your account status. If the problem persists, contact your bank for the specific reason for failure.",curated_project_dataset,train,28,1
1267,Healthcare,health_insurance,Does my health insurance cover this treatment?,"Coverage depends on your insurance plan, provider network, and policy terms. Check your policy or contact your insurer for confirmation.",curated_project_dataset,validation,14,2
1268,Finance,card_payment,My card payment was declined (request 81),"Check your card status, available funds, payment details, and any bank security restrictions. Contact your bank if the decline continues.",curated_project_dataset,train,7,1
1269,Finance,card_payment,My debit card payment did not work (request 40),"Please check your card balance and status. If the issue continues, contact your bank for assistance.",curated_project_dataset,train,7,1
1270,Finance,balance_inquiry,Can I check my balance online? (request 84),Yes. Most banks provide balance information through their official online banking or mobile application.,curated_project_dataset,train,4,1
1271,Finance,bank_account,I want to open a new bank account (request 63),Choose an appropriate account type and follow the bank's official application process. You may need identity and address documents.,curated_project_dataset,train,5,1
1272,Finance,loan_information,I want to know: How do I check loan eligibility? Can you guide me?,"Eligibility depends on the lender's criteria, which may include income, credit history, employment, and existing obligations.",curated_project_dataset,train,16,1
1273,Healthcare,appointment_reschedule,I need to reschedule my doctor's visit (request 74),"Open your appointment and select Reschedule, then choose another available date and time.",curated_project_dataset,train,3,2
1274,Healthcare,appointment_booking,I want to see a doctor (request 72),I can help you schedule a consultation. Please provide the medical specialty or doctor you want to visit.,curated_project_dataset,train,1,2
1275,E-commerce,damaged_product,What should I do if my item is damaged? (request 90),"Keep the product and packaging, document the damage with photos, and submit a damage claim or return request through the order details.",curated_project_dataset,train,10,0
1276,E-commerce,track_order,My order has not arrived yet (request 88),"Please check the latest tracking update first. If the expected delivery date has passed, contact customer support with your order number.",curated_project_dataset,train,26,0
1277,Healthcare,symptoms_information,I have been feeling unwell. What should I do? (request 95),"If symptoms are mild, monitor them and consider contacting a healthcare professional. Seek urgent medical care if symptoms are severe or rapidly worsening.",curated_project_dataset,train,25,2
1278,Healthcare,prescription,How do I view my prescription? (request 84),"If your provider offers online records, sign in to your healthcare account and open the prescription or medication section.",curated_project_dataset,train,21,2
1279,Finance,transfer_pending,My money transfer is pending (request 81),Pending transfers can take time depending on the bank and transfer type. Please check the transaction status and contact your bank if it remains pending beyond the expected processing period.,curated_project_dataset,train,29,1
1280,E-commerce,account_issue,I cannot access my shopping account (request 81),"Use the account recovery or password-reset option. If you still cannot sign in, contact customer support through the official channel.",curated_project_dataset,train,0,0
1281,Healthcare,prescription,Where can I find my prescription?,Your prescription may be available in your healthcare account or provided by your doctor. Check your medical records or contact the clinic.,curated_project_dataset,train,21,2
1282,Finance,transfer_pending,Can you help me with this? My bank transfer has not completed. Can you guide me?,"Please check the transfer status and expected processing time. If it remains pending longer than expected, contact your bank.",curated_project_dataset,train,29,1
1283,Finance,balance_inquiry,I want to know: Can I check my balance online? Can you guide me?,Yes. Most banks provide balance information through their official online banking or mobile application.,curated_project_dataset,validation,4,1
1284,Finance,fraud_transaction,I think my account has been compromised (request 80),"Contact your bank immediately through an official channel, secure your account credentials, and follow its instructions for protecting the account.",curated_project_dataset,train,13,1
1285,Finance,loan_information,How can I apply for a loan? (request 41),"Loan eligibility, documents, interest rates, and application procedures vary by lender. Check the lender's official application process.",curated_project_dataset,train,16,1
1286,Finance,transaction_issue,Please help me: Why is my transaction not showing? Can you guide me?,Transaction updates can take time depending on the transaction type. Check again later and contact your bank if the expected posting time has passed.,curated_project_dataset,train,27,1
1287,E-commerce,return_order,What is the process for returning an item? (request 60),"Start a return request from your order details, select the reason, and follow the packaging and pickup or drop-off instructions.",curated_project_dataset,train,24,0
1288,E-commerce,damaged_product,I received a broken product (request 43),Please report the issue promptly through your order support or return process and provide clear photos of the damage.,curated_project_dataset,train,10,0
1289,Healthcare,appointment_reschedule,I need help with this: I need to reschedule my doctor's visit.,"Open your appointment and select Reschedule, then choose another available date and time.",curated_project_dataset,test,3,2
1290,Healthcare,medical_report,Can you explain my medical report? (request 34),"I can explain general medical terminology, but a healthcare professional should interpret your results in the context of your symptoms and medical history.",curated_project_dataset,train,18,2
1291,Finance,cash_withdrawal,Why did my cash withdrawal fail?,"A withdrawal may fail because of insufficient funds, card restrictions, ATM issues, or withdrawal limits.",curated_project_dataset,train,8,1
1292,Healthcare,prescription,I lost my prescription. What should I do? (request 27),Contact the prescribing healthcare provider or pharmacist. They can advise whether a replacement or copy can be issued.,curated_project_dataset,train,21,2
1293,E-commerce,refund,I want to know my refund status (request 76),Please provide your order details or check the refund section of your account for the latest status.,curated_project_dataset,train,23,0
1294,Healthcare,health_insurance,Can I use insurance for my hospital visit? (request 99),This depends on your plan and the healthcare provider. Confirm eligibility and any pre-authorization requirements with your insurer.,curated_project_dataset,train,14,2
1295,Healthcare,symptoms_information,Can you tell me what my symptoms mean? (request 78),Symptoms can have many possible causes. Please consult a healthcare professional for an appropriate evaluation rather than relying on a chatbot for diagnosis.,curated_project_dataset,train,25,2
1296,E-commerce,damaged_product,I received a broken product (request 27),Please report the issue promptly through your order support or return process and provide clear photos of the damage.,curated_project_dataset,train,10,0
1297,Finance,bank_account,I want to open a new bank account (request 83),Choose an appropriate account type and follow the bank's official application process. You may need identity and address documents.,curated_project_dataset,train,5,1
1298,Finance,loan_information,I need help with this: What documents are required for a loan? Can you guide me?,"Requirements depend on the lender and loan type. Commonly requested documents may include identity, income, and address information.",curated_project_dataset,test,16,1
1299,Healthcare,symptoms_information,I have been feeling unwell. What should I do? (request 87),"If symptoms are mild, monitor them and consider contacting a healthcare professional. Seek urgent medical care if symptoms are severe or rapidly worsening.",curated_project_dataset,test,25,2
1300,Healthcare,appointment_cancel,Can I cancel my appointment today? (request 99),"Yes, if cancellation is allowed by the provider. Please check your appointment details for the applicable cancellation policy.",curated_project_dataset,train,2,2
1301,E-commerce,track_order,What is the status of my order? (request 51),Please provide your order number so the current delivery status can be checked.,curated_project_dataset,validation,26,0
1302,Healthcare,prescription,I lost my prescription. What should I do? (request 91),Contact the prescribing healthcare provider or pharmacist. They can advise whether a replacement or copy can be issued.,curated_project_dataset,validation,21,2
1303,Healthcare,prescription,I want to know: How do I view my prescription?,"If your provider offers online records, sign in to your healthcare account and open the prescription or medication section.",curated_project_dataset,train,21,2
1304,Finance,fraud_transaction,There is a suspicious transaction on my account (request 51),Review the transaction and report it to your bank promptly if you did not authorize it. Use only official banking contact channels.,curated_project_dataset,train,13,1
1305,Healthcare,medication_information,Can you give me information about a medicine? (request 30),"Please provide the medicine name. I can give general information, but medication decisions should be confirmed with a qualified healthcare professional.",curated_project_dataset,train,19,2
1306,E-commerce,track_order,My order has not arrived yet (request 84),"Please check the latest tracking update first. If the expected delivery date has passed, contact customer support with your order number.",curated_project_dataset,train,26,0
1307,Healthcare,appointment_reschedule,Can you help me with this? How can I change my consultation date?,Use the reschedule option in your appointment details and select a new available date.,curated_project_dataset,train,3,2
1308,Healthcare,medication_information,I want information about my medication (request 92),Please share the medicine name if you want general information. Do not change the prescribed dose without consulting your healthcare professional.,curated_project_dataset,validation,19,2
1309,E-commerce,delivery_time,How long does delivery take? (request 10),"Delivery time varies by location, seller, and shipping option. Check the estimated delivery date shown during checkout or in your order.",curated_project_dataset,test,11,0
1310,Finance,fraud_transaction,Can you help me with this? I do not recognize a transaction. Can you guide me?,"If you do not recognize a transaction, contact your bank or card issuer through its official channel immediately and follow its fraud-reporting process.",curated_project_dataset,train,13,1
1311,Healthcare,medical_report,Where can I see my medical report? (request 93),"If digital records are available, check your healthcare account or patient portal. Otherwise, contact the healthcare provider that performed the test.",curated_project_dataset,train,18,2
1312,Finance,transfer_pending,Can you help me with this? When will my pending transfer be completed? Can you guide me?,Processing time varies by bank and transfer type. Check the transaction status for the latest update.,curated_project_dataset,test,29,1
1313,E-commerce,cancel_order,Please cancel my order (request 87),I can guide you through cancellation. Check your order details for the Cancel Order option.,curated_project_dataset,train,6,0
1314,E-commerce,cancel_order,Can I cancel my purchase? (request 86),Cancellation depends on the order status. Please open the order details and check whether the cancellation option is available.,curated_project_dataset,test,6,0
1315,Finance,transfer_failed,Why did my transfer fail? (request 82),"Transfers can fail because of incorrect details, account restrictions, insufficient funds, or bank-side issues. Check the transaction information and contact your bank if needed.",curated_project_dataset,train,28,1
1316,E-commerce,refund,When will I get my refund? (request 41),Refund timing depends on the payment method and seller's processing time. Check your order's refund status for the latest update.,curated_project_dataset,train,23,0
1317,Finance,balance_inquiry,What is my account balance? (request 33),"You can check your current balance through your bank's official mobile app, online banking portal, ATM, or branch.",curated_project_dataset,train,4,1
1318,Healthcare,appointment_booking,I want to see a doctor (request 84),I can help you schedule a consultation. Please provide the medical specialty or doctor you want to visit.,curated_project_dataset,train,1,2
1319,Finance,transaction_issue,My transaction looks incorrect (request 70),"Please verify the amount, date, and transaction details. If you do not recognize or agree with the transaction, contact your bank promptly.",curated_project_dataset,train,27,1
1320,Finance,balance_inquiry,I want to know my bank balance (request 27),Please check the balance section of your official banking app or online banking account.,curated_project_dataset,train,4,1
1321,Healthcare,appointment_booking,I want to know: How can I book a doctor appointment?,"You can book an appointment by selecting a doctor, choosing an available date and time, and confirming the booking.",curated_project_dataset,test,1,2
1322,E-commerce,refund,How does a product refund work? (request 79),"After the return or cancellation is approved, the refund is generally processed to the original payment method, subject to the seller's policy.",curated_project_dataset,train,23,0
1323,E-commerce,product_information,Where can I find product specifications? (request 59),Product specifications are usually listed on the product page under the description or specifications section.,curated_project_dataset,train,22,0
1324,E-commerce,account_issue,How do I update my account details? (request 39),"Open your account settings and edit the available profile information, then save the changes.",curated_project_dataset,train,0,0
1325,Finance,credit_card,What is my credit card limit? (request 38),"Your current credit limit is available through your card issuer's official app, online account, statement, or customer service.",curated_project_dataset,train,9,1
1326,E-commerce,account_issue,I forgot my account password (request 38),Use the password-reset option associated with your account email or phone number.,curated_project_dataset,train,0,0
1327,Healthcare,emergency_guidance,I have a severe medical problem. What should I do? (request 74),"Seek urgent medical attention immediately, especially if symptoms are severe, sudden, or life-threatening.",curated_project_dataset,test,12,2
1328,Finance,loan_information,I need information about a personal loan (request 90),"Personal-loan terms vary by lender, including eligibility, interest rate, tenure, and fees. Review the lender's official terms before applying.",curated_project_dataset,train,16,1
1329,Healthcare,health_insurance,I need information about health insurance (request 84),"Please specify whether you need help with coverage, claims, eligibility, or policy information so the appropriate guidance can be provided.",curated_project_dataset,train,14,2
1330,E-commerce,track_order,What is the status of my order? (request 99),Please provide your order number so the current delivery status can be checked.,curated_project_dataset,train,26,0
1331,Healthcare,appointment_cancel,How do I cancel my appointment? (request 57),"You can cancel the appointment from your booking details. If cancellation is unavailable online, contact the healthcare provider.",curated_project_dataset,train,2,2
1332,Finance,balance_inquiry,What is my account balance? (request 77),"You can check your current balance through your bank's official mobile app, online banking portal, ATM, or branch.",curated_project_dataset,train,4,1
1333,Healthcare,health_insurance,Can I use insurance for my hospital visit? (request 87),This depends on your plan and the healthcare provider. Confirm eligibility and any pre-authorization requirements with your insurer.,curated_project_dataset,train,14,2
1334,Finance,fraud_transaction,There is a suspicious transaction on my account (request 99),Review the transaction and report it to your bank promptly if you did not authorize it. Use only official banking contact channels.,curated_project_dataset,train,13,1
1335,E-commerce,product_information,Is this item available? (request 92),Check the product page for the latest stock status. Availability can change quickly.,curated_project_dataset,train,22,0
1336,Finance,card_payment,I cannot pay with my card (request 79),"Verify that your card is active and has sufficient funds. If payments continue to fail, contact your card issuer.",curated_project_dataset,train,7,1
1337,Finance,loan_information,I need help with this: I need information about a personal loan. Can you guide me?,"Personal-loan terms vary by lender, including eligibility, interest rate, tenure, and fees. Review the lender's official terms before applying.",curated_project_dataset,test,16,1
1338,Finance,cash_withdrawal,Why did my cash withdrawal fail? (request 35),"A withdrawal may fail because of insufficient funds, card restrictions, ATM issues, or withdrawal limits.",curated_project_dataset,validation,8,1
1339,Finance,transfer_failed,Please help me: Why did my transfer fail? Can you guide me?,"Transfers can fail because of incorrect details, account restrictions, insufficient funds, or bank-side issues. Check the transaction information and contact your bank if needed.",curated_project_dataset,train,28,1
1340,E-commerce,payment_failed,My payment failed (request 73),"Please verify your payment details, available funds, and any bank authentication requirements, then try again.",curated_project_dataset,train,20,0
1341,Finance,bank_account,How do I open a bank account? (request 49),"Account-opening requirements vary by bank. Check the bank's official website or branch for eligibility, documents, and application steps.",curated_project_dataset,train,5,1
1342,Healthcare,medication_information,How should I learn about my prescribed medicine? (request 59),"Review the prescription and medication leaflet, and ask your doctor or pharmacist about dosage, interactions, and precautions.",curated_project_dataset,train,19,2
1343,Finance,card_payment,I cannot pay with my card (request 99),"Verify that your card is active and has sufficient funds. If payments continue to fail, contact your card issuer.",curated_project_dataset,train,7,1
1344,Healthcare,appointment_booking,Can I make an appointment for tomorrow? (request 79),"Yes, if appointments are available. Please select the doctor and check tomorrow's available time slots.",curated_project_dataset,train,1,2
1345,Finance,fraud_transaction,I want to know: There is a suspicious transaction on my account. Can you guide me?,Review the transaction and report it to your bank promptly if you did not authorize it. Use only official banking contact channels.,curated_project_dataset,train,13,1
1346,E-commerce,track_order,Where is my order? (request 57),I can help with order tracking. Please provide your order number or tracking details.,curated_project_dataset,train,26,0
1347,Healthcare,emergency_guidance,Please help me: When should I seek emergency care?,"Emergency care may be needed for severe or rapidly worsening symptoms. When in doubt about a potentially serious condition, seek immediate professional medical help.",curated_project_dataset,train,12,2
1348,E-commerce,product_information,Is this item available? (request 64),Check the product page for the latest stock status. Availability can change quickly.,curated_project_dataset,validation,22,0
1349,Finance,card_payment,I cannot pay with my card (request 27),"Verify that your card is active and has sufficient funds. If payments continue to fail, contact your card issuer.",curated_project_dataset,train,7,1
1350,Finance,bank_account,How do I open a bank account? (request 97),"Account-opening requirements vary by bank. Check the bank's official website or branch for eligibility, documents, and application steps.",curated_project_dataset,train,5,1
1351,Healthcare,symptoms_information,What should I do about these symptoms? (request 81),"I can provide general information, but symptoms alone cannot establish a diagnosis. For persistent, severe, or worrying symptoms, consult a qualified healthcare professional.",curated_project_dataset,train,25,2
1352,Healthcare,emergency_guidance,This feels like an emergency (request 48),"Please seek immediate emergency medical assistance. If possible, have someone stay with you while help is arranged.",curated_project_dataset,validation,12,2
1353,E-commerce,damaged_product,Please help me: My product arrived damaged.,"Please take photos of the damaged item and packaging, then report the issue through the order's return or support process as soon as possible.",curated_project_dataset,train,10,0
1354,Finance,loan_information,How can I apply for a loan? (request 57),"Loan eligibility, documents, interest rates, and application procedures vary by lender. Check the lender's official application process.",curated_project_dataset,validation,16,1
1355,Healthcare,medical_report,I want to know: How do I download my lab report?,"If online access is provided, sign in to the patient portal and look under reports or test results.",curated_project_dataset,train,18,2
1356,E-commerce,account_issue,I need help with this: I forgot my account password.,Use the password-reset option associated with your account email or phone number.,curated_project_dataset,train,0,0
1357,Healthcare,lab_test,Do I need an appointment for a lab test? (request 87),It depends on the laboratory and test. Check the laboratory's booking requirements before visiting.,curated_project_dataset,train,15,2
1358,Finance,bank_account,I want to open a new bank account (request 71),Choose an appropriate account type and follow the bank's official application process. You may need identity and address documents.,curated_project_dataset,train,5,1
1359,E-commerce,return_order,I want to return something I bought (request 94),You can request a return from the order details if the item meets the seller's return conditions.,curated_project_dataset,train,24,0
1360,Healthcare,symptoms_information,Can you tell me what my symptoms mean? (request 6),Symptoms can have many possible causes. Please consult a healthcare professional for an appropriate evaluation rather than relying on a chatbot for diagnosis.,curated_project_dataset,train,25,2
1361,Healthcare,appointment_reschedule,I want to know: I need to reschedule my doctor's visit.,"Open your appointment and select Reschedule, then choose another available date and time.",curated_project_dataset,train,3,2
1362,Finance,transfer_pending,I want to know: When will my pending transfer be completed? Can you guide me?,Processing time varies by bank and transfer type. Check the transaction status for the latest update.,curated_project_dataset,validation,29,1
1363,Finance,balance_inquiry,Can you help me with this? How can I check my balance? Can you guide me?,Use your bank's official app or online banking service to view your current account balance.,curated_project_dataset,train,4,1
1364,Finance,fraud_transaction,I think my account has been compromised (request 76),"Contact your bank immediately through an official channel, secure your account credentials, and follow its instructions for protecting the account.",curated_project_dataset,train,13,1
1365,E-commerce,product_information,Does this product have the features I need? (request 38),"Please check the product specifications and description. If a required feature is unclear, contact the seller for confirmation.",curated_project_dataset,train,22,0
1366,Healthcare,health_insurance,How can I check my medical insurance coverage? (request 86),Review your policy documents or contact the insurer using the official customer-service channel to confirm coverage.,curated_project_dataset,train,14,2
1367,E-commerce,wrong_product,I got the wrong product. What should I do? (request 60),"Keep the item and packaging, then submit an incorrect-item request through your order details.",curated_project_dataset,train,30,0
1368,Healthcare,emergency_guidance,I want to know: I have a severe medical problem. What should I do?,"Seek urgent medical attention immediately, especially if symptoms are severe, sudden, or life-threatening.",curated_project_dataset,validation,12,2
1369,E-commerce,wrong_product,The product I received is not what I ordered (request 87),Please report the mismatch through customer support or the order return process so the issue can be investigated.,curated_project_dataset,train,30,0
1370,E-commerce,delivery_time,When will my order be delivered? (request 61),The estimated delivery date is usually shown in your order details and may depend on your location and shipping method.,curated_project_dataset,train,11,0
1371,Healthcare,appointment_cancel,Please cancel my consultation (request 92),I can guide you through cancellation. Open the appointment record and choose Cancel Appointment.,curated_project_dataset,train,2,2
1372,E-commerce,damaged_product,The package arrived damaged (request 48),Document the package condition and contact customer support or the seller with your order number and photos.,curated_project_dataset,train,10,0
1373,Finance,transfer_failed,The transfer was unsuccessful (request 32),Please review the transaction details and any error message. Your bank can provide the exact reason if the transaction was rejected.,curated_project_dataset,train,28,1
1374,E-commerce,return_order,I want to return something I bought (request 66),You can request a return from the order details if the item meets the seller's return conditions.,curated_project_dataset,test,24,0
1375,Healthcare,medication_information,I want information about my medication (request 84),Please share the medicine name if you want general information. Do not change the prescribed dose without consulting your healthcare professional.,curated_project_dataset,train,19,2
1376,Healthcare,emergency_guidance,Can you help me with this? This feels like an emergency.,"Please seek immediate emergency medical assistance. If possible, have someone stay with you while help is arranged.",curated_project_dataset,train,12,2
1377,Finance,cash_withdrawal,My ATM transaction failed (request 100),Check your account and ATM transaction status. Contact your bank if money was debited or the issue continues.,curated_project_dataset,train,8,1
1378,Healthcare,appointment_reschedule,I need to reschedule my doctor's visit (request 78),"Open your appointment and select Reschedule, then choose another available date and time.",curated_project_dataset,train,3,2
1379,Healthcare,emergency_guidance,What should I do in a medical emergency? (request 89),"For a serious or life-threatening emergency, seek immediate emergency medical care or contact your local emergency service. Do not rely on a chatbot for emergency treatment.",curated_project_dataset,train,12,2
1380,E-commerce,account_issue,My account is not working (request 88),"Try signing out and back in or resetting your password. If the problem continues, contact customer support.",curated_project_dataset,train,0,0
1381,E-commerce,wrong_product,The product I received is not what I ordered (request 95),Please report the mismatch through customer support or the order return process so the issue can be investigated.,curated_project_dataset,train,30,0
1382,E-commerce,wrong_product,My order contains a different product (request 70),Start a return or replacement request for the incorrect item and follow the seller's instructions.,curated_project_dataset,train,30,0
1383,Healthcare,prescription,How do I view my prescription? (request 72),"If your provider offers online records, sign in to your healthcare account and open the prescription or medication section.",curated_project_dataset,train,21,2
1384,Healthcare,emergency_guidance,I have a severe medical problem. What should I do? (request 94),"Seek urgent medical attention immediately, especially if symptoms are severe, sudden, or life-threatening.",curated_project_dataset,train,12,2
1385,Finance,loan_information,How do I check loan eligibility? (request 96),"Eligibility depends on the lender's criteria, which may include income, credit history, employment, and existing obligations.",curated_project_dataset,train,16,1
1386,Finance,fraud_transaction,There is a suspicious transaction on my account (request 47),Review the transaction and report it to your bank promptly if you did not authorize it. Use only official banking contact channels.,curated_project_dataset,train,13,1
1387,Healthcare,prescription,Can I get a copy of my prescription? (request 86),"You can request a copy from your prescribing doctor or healthcare provider, subject to their procedures.",curated_project_dataset,train,21,2
1388,Finance,transaction_issue,There is a problem with my transaction (request 29),"Review the transaction details and status in your banking account. If the issue is unresolved, contact your bank with the transaction reference.",curated_project_dataset,train,27,1
1389,Finance,fraud_transaction,Someone may have used my card (request 94),"Contact your card issuer immediately using the official number or app, secure your account, and follow the issuer's instructions for reporting suspected fraud.",curated_project_dataset,train,13,1
1390,E-commerce,refund,My refund has not arrived (request 50),"Please check the refund status and original payment method. If the stated processing period has passed, contact customer support with your order details.",curated_project_dataset,train,23,0
1391,Finance,fraud_transaction,I do not recognize a transaction.,"If you do not recognize a transaction, contact your bank or card issuer through its official channel immediately and follow its fraud-reporting process.",curated_project_dataset,test,13,1
1392,Healthcare,lab_test,Do I need an appointment for a lab test? (request 75),It depends on the laboratory and test. Check the laboratory's booking requirements before visiting.,curated_project_dataset,train,15,2
1393,Finance,cash_withdrawal,Why did my cash withdrawal fail? (request 91),"A withdrawal may fail because of insufficient funds, card restrictions, ATM issues, or withdrawal limits.",curated_project_dataset,validation,8,1
1394,Healthcare,health_insurance,I need information about health insurance (request 56),"Please specify whether you need help with coverage, claims, eligibility, or policy information so the appropriate guidance can be provided.",curated_project_dataset,train,14,2
1395,Healthcare,medication_information,I want information about my medication (request 48),Please share the medicine name if you want general information. Do not change the prescribed dose without consulting your healthcare professional.,curated_project_dataset,train,19,2
1396,E-commerce,payment_failed,Please help me: My card payment did not go through.,Please verify your card details and contact your bank if the transaction continues to be declined.,curated_project_dataset,train,20,0
1397,Finance,balance_inquiry,How can I check my balance? (request 30),Use your bank's official app or online banking service to view your current account balance.,curated_project_dataset,train,4,1
1398,E-commerce,delivery_time,Please help me: When will my order be delivered?,The estimated delivery date is usually shown in your order details and may depend on your location and shipping method.,curated_project_dataset,train,11,0
1399,Finance,balance_inquiry,I want to know my bank balance (request 59),Please check the balance section of your official banking app or online banking account.,curated_project_dataset,train,4,1
1400,Finance,credit_card,I want to know: What is my credit card limit? Can you guide me?,"Your current credit limit is available through your card issuer's official app, online account, statement, or customer service.",curated_project_dataset,train,9,1
1401,Finance,loan_information,I need information about a personal loan (request 54),"Personal-loan terms vary by lender, including eligibility, interest rate, tenure, and fees. Review the lender's official terms before applying.",curated_project_dataset,test,16,1
1402,E-commerce,damaged_product,Can you help me with this? My product arrived damaged.,"Please take photos of the damaged item and packaging, then report the issue through the order's return or support process as soon as possible.",curated_project_dataset,train,10,0
1403,Finance,bank_account,Can I open a bank account online? (request 72),"Many banks offer online account opening, subject to eligibility and verification requirements. Check your bank's official website.",curated_project_dataset,train,5,1
1404,E-commerce,return_order,What is the process for returning an item? (request 48),"Start a return request from your order details, select the reason, and follow the packaging and pickup or drop-off instructions.",curated_project_dataset,train,24,0
1405,Healthcare,appointment_reschedule,Can I move my appointment to next week? (request 95),You can reschedule if the provider has an available slot next week.,curated_project_dataset,train,3,2
1406,Healthcare,prescription,Where can I find my prescription? (request 89),Your prescription may be available in your healthcare account or provided by your doctor. Check your medical records or contact the clinic.,curated_project_dataset,train,21,2
1407,E-commerce,return_order,I want to return something I bought (request 82),You can request a return from the order details if the item meets the seller's return conditions.,curated_project_dataset,train,24,0
1408,E-commerce,payment_failed,I cannot complete my payment (request 23),"Check the payment method and billing details, then retry. If it still fails, try another supported payment method.",curated_project_dataset,train,20,0
1409,Finance,transaction_issue,My transaction looks incorrect (request 50),"Please verify the amount, date, and transaction details. If you do not recognize or agree with the transaction, contact your bank promptly.",curated_project_dataset,train,27,1
1410,E-commerce,payment_failed,I cannot complete my payment (request 27),"Check the payment method and billing details, then retry. If it still fails, try another supported payment method.",curated_project_dataset,train,20,0
1411,Finance,balance_inquiry,What is my account balance? (request 53),"You can check your current balance through your bank's official mobile app, online banking portal, ATM, or branch.",curated_project_dataset,train,4,1
1412,Healthcare,medication_information,Can you give me information about a medicine? (request 26),"Please provide the medicine name. I can give general information, but medication decisions should be confirmed with a qualified healthcare professional.",curated_project_dataset,test,19,2
1413,Healthcare,prescription,I lost my prescription. What should I do? (request 35),Contact the prescribing healthcare provider or pharmacist. They can advise whether a replacement or copy can be issued.,curated_project_dataset,train,21,2
1414,E-commerce,track_order,What is the status of my order? (request 55),Please provide your order number so the current delivery status can be checked.,curated_project_dataset,test,26,0
1415,E-commerce,wrong_product,I received the wrong item (request 65),Please report the issue through your order details and provide the order number and photos of the received product if requested.,curated_project_dataset,train,30,0
1416,Finance,cash_withdrawal,I need help with this: I could not withdraw cash. Can you guide me?,"Check whether your card is active and whether you have sufficient available balance. If the ATM charged you without dispensing cash, contact your bank promptly.",curated_project_dataset,train,8,1
1417,E-commerce,payment_failed,Why was my online payment declined? (request 26),"A payment can fail because of incorrect details, bank restrictions, insufficient funds, or security checks. Contact your bank if the problem continues.",curated_project_dataset,train,20,0
1418,Healthcare,appointment_cancel,How do I cancel my appointment? (request 33),"You can cancel the appointment from your booking details. If cancellation is unavailable online, contact the healthcare provider.",curated_project_dataset,test,2,2
1419,E-commerce,wrong_product,My order contains a different product (request 38),Start a return or replacement request for the incorrect item and follow the seller's instructions.,curated_project_dataset,test,30,0
1420,E-commerce,wrong_product,My order contains a different product (request 26),Start a return or replacement request for the incorrect item and follow the seller's instructions.,curated_project_dataset,train,30,0
1421,Healthcare,medication_information,Can you give me information about a medicine? (request 22),"Please provide the medicine name. I can give general information, but medication decisions should be confirmed with a qualified healthcare professional.",curated_project_dataset,train,19,2
1422,Finance,bank_account,I want to open a new bank account (request 59),Choose an appropriate account type and follow the bank's official application process. You may need identity and address documents.,curated_project_dataset,train,5,1
1423,Finance,transfer_pending,My money transfer is pending (request 29),Pending transfers can take time depending on the bank and transfer type. Please check the transaction status and contact your bank if it remains pending beyond the expected processing period.,curated_project_dataset,train,29,1
1424,Finance,fraud_transaction,Someone may have used my card (request 90),"Contact your card issuer immediately using the official number or app, secure your account, and follow the issuer's instructions for reporting suspected fraud.",curated_project_dataset,train,13,1
1425,E-commerce,refund,When will I get my refund? (request 69),Refund timing depends on the payment method and seller's processing time. Check your order's refund status for the latest update.,curated_project_dataset,train,23,0
1426,Healthcare,prescription,Where can I find my prescription? (request 57),Your prescription may be available in your healthcare account or provided by your doctor. Check your medical records or contact the clinic.,curated_project_dataset,train,21,2
1427,Finance,transfer_pending,When will my pending transfer be completed? (request 44),Processing time varies by bank and transfer type. Check the transaction status for the latest update.,curated_project_dataset,train,29,1
1428,E-commerce,payment_failed,I cannot complete my payment (request 87),"Check the payment method and billing details, then retry. If it still fails, try another supported payment method.",curated_project_dataset,test,20,0
1429,Finance,bank_account,Can I open a bank account online? (request 80),"Many banks offer online account opening, subject to eligibility and verification requirements. Check your bank's official website.",curated_project_dataset,train,5,1
1430,Healthcare,prescription,I lost my prescription. What should I do? (request 71),Contact the prescribing healthcare provider or pharmacist. They can advise whether a replacement or copy can be issued.,curated_project_dataset,test,21,2
1431,Healthcare,symptoms_information,What should I do about these symptoms? (request 53),"I can provide general information, but symptoms alone cannot establish a diagnosis. For persistent, severe, or worrying symptoms, consult a qualified healthcare professional.",curated_project_dataset,validation,25,2
1432,Healthcare,appointment_booking,I want to see a doctor (request 92),I can help you schedule a consultation. Please provide the medical specialty or doctor you want to visit.,curated_project_dataset,train,1,2
1433,Finance,cash_withdrawal,Why did my cash withdrawal fail? (request 63),"A withdrawal may fail because of insufficient funds, card restrictions, ATM issues, or withdrawal limits.",curated_project_dataset,train,8,1
1434,Finance,cash_withdrawal,The ATM did not give me cash (request 34),"If your account was debited, keep the ATM receipt or transaction details and contact your bank immediately for investigation.",curated_project_dataset,train,8,1
1435,E-commerce,cancel_order,Please cancel my order (request 71),I can guide you through cancellation. Check your order details for the Cancel Order option.,curated_project_dataset,train,6,0
1436,Finance,balance_inquiry,What is my account balance? (request 49),"You can check your current balance through your bank's official mobile app, online banking portal, ATM, or branch.",curated_project_dataset,train,4,1
1437,E-commerce,return_order,I want to return something I bought (request 86),You can request a return from the order details if the item meets the seller's return conditions.,curated_project_dataset,train,24,0
1438,E-commerce,damaged_product,I received a broken product.,Please report the issue promptly through your order support or return process and provide clear photos of the damage.,curated_project_dataset,train,10,0
1439,E-commerce,payment_failed,My payment failed (request 69),"Please verify your payment details, available funds, and any bank authentication requirements, then try again.",curated_project_dataset,train,20,0
1440,E-commerce,account_issue,I want to know: My account is not working.,"Try signing out and back in or resetting your password. If the problem continues, contact customer support.",curated_project_dataset,train,0,0
1441,E-commerce,payment_failed,Why was my online payment declined? (request 78),"A payment can fail because of incorrect details, bank restrictions, insufficient funds, or security checks. Contact your bank if the problem continues.",curated_project_dataset,train,20,0
1442,Healthcare,lab_test,Where can I get my blood test done? (request 98),You can use an authorized laboratory or collection center. Follow the test-specific preparation instructions provided by your healthcare provider.,curated_project_dataset,train,15,2
1443,Finance,cash_withdrawal,Can you help me with this? Why did my cash withdrawal fail? Can you guide me?,"A withdrawal may fail because of insufficient funds, card restrictions, ATM issues, or withdrawal limits.",curated_project_dataset,train,8,1
1444,Healthcare,symptoms_information,What should I do about these symptoms? (request 49),"I can provide general information, but symptoms alone cannot establish a diagnosis. For persistent, severe, or worrying symptoms, consult a qualified healthcare professional.",curated_project_dataset,train,25,2
1445,E-commerce,delivery_time,When will my order be delivered? (request 45),The estimated delivery date is usually shown in your order details and may depend on your location and shipping method.,curated_project_dataset,train,11,0
1446,Finance,transaction_issue,Why is my transaction not showing? (request 47),Transaction updates can take time depending on the transaction type. Check again later and contact your bank if the expected posting time has passed.,curated_project_dataset,test,27,1
1447,Finance,card_payment,My debit card payment did not work (request 32),"Please check your card balance and status. If the issue continues, contact your bank for assistance.",curated_project_dataset,validation,7,1
1448,Finance,transfer_failed,My money transfer failed (request 69),"Please check the transfer details and your account status. If the problem persists, contact your bank for the specific reason for failure.",curated_project_dataset,train,28,1
1449,E-commerce,cancel_order,Can I cancel my purchase? (request 38),Cancellation depends on the order status. Please open the order details and check whether the cancellation option is available.,curated_project_dataset,train,6,0
1450,E-commerce,damaged_product,What should I do if my item is damaged? (request 98),"Keep the product and packaging, document the damage with photos, and submit a damage claim or return request through the order details.",curated_project_dataset,train,10,0
1451,E-commerce,product_information,How can I get information about a product? (request 45),"Open the product page to view its description, specifications, availability, price, and seller information.",curated_project_dataset,train,22,0
1452,Finance,credit_card,How can I apply for a credit card? (request 37),Credit-card eligibility and application requirements vary by issuer. Check the issuer's official application process and terms.,curated_project_dataset,test,9,1
1453,Finance,credit_card,Please help me: How can I apply for a credit card? Can you guide me?,Credit-card eligibility and application requirements vary by issuer. Check the issuer's official application process and terms.,curated_project_dataset,train,9,1
1454,E-commerce,refund,I want to know my refund status (request 40),Please provide your order details or check the refund section of your account for the latest status.,curated_project_dataset,test,23,0
1455,Finance,card_payment,I cannot pay with my card (request 91),"Verify that your card is active and has sufficient funds. If payments continue to fail, contact your card issuer.",curated_project_dataset,train,7,1
1456,Healthcare,medication_information,Can you give me information about a medicine? (request 54),"Please provide the medicine name. I can give general information, but medication decisions should be confirmed with a qualified healthcare professional.",curated_project_dataset,train,19,2
1457,Healthcare,emergency_guidance,I need help with this: I have a severe medical problem. What should I do?,"Seek urgent medical attention immediately, especially if symptoms are severe, sudden, or life-threatening.",curated_project_dataset,train,12,2
1458,E-commerce,cancel_order,How do I stop an order before it ships? (request 100),Open your order details and select cancellation if the option is still available.,curated_project_dataset,train,6,0
1459,E-commerce,return_order,Can I return my product? (request 75),"Return eligibility depends on the product, seller policy, and purchase date. Check the return policy associated with your order.",curated_project_dataset,train,24,0
1460,E-commerce,wrong_product,The product I received is not what I ordered (request 67),Please report the mismatch through customer support or the order return process so the issue can be investigated.,curated_project_dataset,train,30,0
1461,Healthcare,appointment_booking,I need to schedule a consultation (request 38),Sure. Please choose the required doctor or specialty and select an available appointment slot.,curated_project_dataset,train,1,2
1462,Healthcare,emergency_guidance,When should I seek emergency care? (request 75),"Emergency care may be needed for severe or rapidly worsening symptoms. When in doubt about a potentially serious condition, seek immediate professional medical help.",curated_project_dataset,train,12,2
1463,Finance,loan_information,What documents are required for a loan? (request 71),"Requirements depend on the lender and loan type. Commonly requested documents may include identity, income, and address information.",curated_project_dataset,train,16,1
1464,Healthcare,emergency_guidance,This feels like an emergency (request 84),"Please seek immediate emergency medical assistance. If possible, have someone stay with you while help is arranged.",curated_project_dataset,train,12,2
1465,E-commerce,wrong_product,Can you help me with this? My order contains a different product.,Start a return or replacement request for the incorrect item and follow the seller's instructions.,curated_project_dataset,train,30,0
1466,E-commerce,account_issue,I forgot my account password (request 62),Use the password-reset option associated with your account email or phone number.,curated_project_dataset,train,0,0
1467,E-commerce,payment_failed,Can you help me with this? I cannot complete my payment.,"Check the payment method and billing details, then retry. If it still fails, try another supported payment method.",curated_project_dataset,train,20,0
1468,E-commerce,return_order,How do I return a product? (request 85),"Open your order details, select the return option if eligible, choose a return reason, and follow the provided instructions.",curated_project_dataset,train,24,0
1469,Healthcare,appointment_booking,I want to see a doctor (request 40),I can help you schedule a consultation. Please provide the medical specialty or doctor you want to visit.,curated_project_dataset,train,1,2
1470,Finance,cash_withdrawal,I could not withdraw cash (request 41),"Check whether your card is active and whether you have sufficient available balance. If the ATM charged you without dispensing cash, contact your bank promptly.",curated_project_dataset,train,8,1
1471,Healthcare,appointment_cancel,I need to cancel my doctor's appointment (request 70),Please open your appointment details and select the cancellation option. Check the provider's cancellation policy for any applicable conditions.,curated_project_dataset,train,2,2
1472,E-commerce,refund,I want to know my refund status (request 56),Please provide your order details or check the refund section of your account for the latest status.,curated_project_dataset,train,23,0
1473,Healthcare,medical_report,Can you explain my medical report? (request 38),"I can explain general medical terminology, but a healthcare professional should interpret your results in the context of your symptoms and medical history.",curated_project_dataset,test,18,2
1474,E-commerce,product_information,Where can I find product specifications? (request 91),Product specifications are usually listed on the product page under the description or specifications section.,curated_project_dataset,train,22,0
1475,Finance,bank_account,Can I open a bank account online? (request 100),"Many banks offer online account opening, subject to eligibility and verification requirements. Check your bank's official website.",curated_project_dataset,train,5,1
1476,E-commerce,wrong_product,My order contains a different product (request 98),Start a return or replacement request for the incorrect item and follow the seller's instructions.,curated_project_dataset,train,30,0
1477,Healthcare,lab_test,Do I need an appointment for a lab test? (request 35),It depends on the laboratory and test. Check the laboratory's booking requirements before visiting.,curated_project_dataset,train,15,2
1478,Finance,bank_account,Can I open a bank account online? (request 48),"Many banks offer online account opening, subject to eligibility and verification requirements. Check your bank's official website.",curated_project_dataset,train,5,1
1479,E-commerce,account_issue,I need help with this: How do I update my account details?,"Open your account settings and edit the available profile information, then save the changes.",curated_project_dataset,train,0,0
1480,E-commerce,return_order,Can I return my product? (request 91),"Return eligibility depends on the product, seller policy, and purchase date. Check the return policy associated with your order.",curated_project_dataset,train,24,0
1481,E-commerce,refund,When will I get my refund? (request 81),Refund timing depends on the payment method and seller's processing time. Check your order's refund status for the latest update.,curated_project_dataset,train,23,0
1482,Healthcare,prescription,How do I view my prescription? (request 80),"If your provider offers online records, sign in to your healthcare account and open the prescription or medication section.",curated_project_dataset,test,21,2
1483,Healthcare,symptoms_information,What should I do about these symptoms? (request 29),"I can provide general information, but symptoms alone cannot establish a diagnosis. For persistent, severe, or worrying symptoms, consult a qualified healthcare professional.",curated_project_dataset,train,25,2
1484,E-commerce,delivery_time,Can I know the expected delivery date? (request 43),Yes. Check your order details for the current estimated delivery date.,curated_project_dataset,train,11,0
1485,Healthcare,health_insurance,Does my health insurance cover this treatment? (request 93),"Coverage depends on your insurance plan, provider network, and policy terms. Check your policy or contact your insurer for confirmation.",curated_project_dataset,validation,14,2
1486,E-commerce,wrong_product,My order contains a different product (request 50),Start a return or replacement request for the incorrect item and follow the seller's instructions.,curated_project_dataset,test,30,0
1487,Healthcare,medical_report,Where can I see my medical report? (request 81),"If digital records are available, check your healthcare account or patient portal. Otherwise, contact the healthcare provider that performed the test.",curated_project_dataset,train,18,2
1488,Healthcare,appointment_cancel,Please cancel my consultation (request 60),I can guide you through cancellation. Open the appointment record and choose Cancel Appointment.,curated_project_dataset,train,2,2
1489,E-commerce,product_information,Does this product have the features I need? (request 46),"Please check the product specifications and description. If a required feature is unclear, contact the seller for confirmation.",curated_project_dataset,validation,22,0
1490,E-commerce,account_issue,I forgot my account password (request 34),Use the password-reset option associated with your account email or phone number.,curated_project_dataset,validation,0,0
1491,Finance,fraud_transaction,There is a suspicious transaction on my account (request 79),Review the transaction and report it to your bank promptly if you did not authorize it. Use only official banking contact channels.,curated_project_dataset,train,13,1
1492,Healthcare,appointment_booking,I need to schedule a consultation (request 62),Sure. Please choose the required doctor or specialty and select an available appointment slot.,curated_project_dataset,train,1,2
1493,Healthcare,health_insurance,How can I check my medical insurance coverage? (request 50),Review your policy documents or contact the insurer using the official customer-service channel to confirm coverage.,curated_project_dataset,train,14,2
1494,Finance,transfer_failed,Why did my transfer fail? (request 30),"Transfers can fail because of incorrect details, account restrictions, insufficient funds, or bank-side issues. Check the transaction information and contact your bank if needed.",curated_project_dataset,train,28,1
1495,Finance,credit_card,How can I apply for a credit card? (request 93),Credit-card eligibility and application requirements vary by issuer. Check the issuer's official application process and terms.,curated_project_dataset,train,9,1
1496,E-commerce,track_order,My order has not arrived yet (request 44),"Please check the latest tracking update first. If the expected delivery date has passed, contact customer support with your order number.",curated_project_dataset,train,26,0
1497,Finance,card_payment,My card payment was declined (request 97),"Check your card status, available funds, payment details, and any bank security restrictions. Contact your bank if the decline continues.",curated_project_dataset,train,7,1
1498,Finance,balance_inquiry,What is my account balance? (request 61),"You can check your current balance through your bank's official mobile app, online banking portal, ATM, or branch.",curated_project_dataset,train,4,1
1499,Finance,transfer_failed,Can you help me with this? Why did my transfer fail? Can you guide me?,"Transfers can fail because of incorrect details, account restrictions, insufficient funds, or bank-side issues. Check the transaction information and contact your bank if needed.",curated_project_dataset,train,28,1
1500,E-commerce,track_order,What is the status of my order? (request 71),Please provide your order number so the current delivery status can be checked.,curated_project_dataset,validation,26,0
1501,Healthcare,appointment_booking,I need to schedule a consultation (request 54),Sure. Please choose the required doctor or specialty and select an available appointment slot.,curated_project_dataset,train,1,2
1502,Healthcare,appointment_reschedule,Can I move my appointment to next week? (request 59),You can reschedule if the provider has an available slot next week.,curated_project_dataset,train,3,2
1503,Healthcare,prescription,I need help with this: Can I get a copy of my prescription?,"You can request a copy from your prescribing doctor or healthcare provider, subject to their procedures.",curated_project_dataset,train,21,2
1504,Healthcare,medical_report,Where can I see my medical report? (request 53),"If digital records are available, check your healthcare account or patient portal. Otherwise, contact the healthcare provider that performed the test.",curated_project_dataset,train,18,2
1505,E-commerce,account_issue,How do I update my account details? (request 79),"Open your account settings and edit the available profile information, then save the changes.",curated_project_dataset,validation,0,0
1506,Finance,fraud_transaction,I think my account has been compromised (request 48),"Contact your bank immediately through an official channel, secure your account credentials, and follow its instructions for protecting the account.",curated_project_dataset,validation,13,1
1507,Finance,card_payment,I need help with this: I cannot pay with my card. Can you guide me?,"Verify that your card is active and has sufficient funds. If payments continue to fail, contact your card issuer.",curated_project_dataset,train,7,1
1508,E-commerce,product_information,Does this product have the features I need? (request 18),"Please check the product specifications and description. If a required feature is unclear, contact the seller for confirmation.",curated_project_dataset,train,22,0
1509,Finance,fraud_transaction,Someone may have used my card (request 98),"Contact your card issuer immediately using the official number or app, secure your account, and follow the issuer's instructions for reporting suspected fraud.",curated_project_dataset,test,13,1
1510,Finance,balance_inquiry,How can I check my balance? (request 74),Use your bank's official app or online banking service to view your current account balance.,curated_project_dataset,test,4,1
1511,E-commerce,refund,My refund has not arrived (request 90),"Please check the refund status and original payment method. If the stated processing period has passed, contact customer support with your order details.",curated_project_dataset,train,23,0
1512,E-commerce,return_order,Can I return my product? (request 67),"Return eligibility depends on the product, seller policy, and purchase date. Check the return policy associated with your order.",curated_project_dataset,train,24,0
1513,Finance,card_payment,I cannot pay with my card (request 67),"Verify that your card is active and has sufficient funds. If payments continue to fail, contact your card issuer.",curated_project_dataset,train,7,1
1514,E-commerce,damaged_product,Can you help me with this? The package arrived damaged.,Document the package condition and contact customer support or the seller with your order number and photos.,curated_project_dataset,train,10,0
1515,Healthcare,medical_report,How do I download my lab report? (request 72),"If online access is provided, sign in to the patient portal and look under reports or test results.",curated_project_dataset,train,18,2
1516,Finance,credit_card,How do I pay my credit card bill?,"You can usually pay through the issuer's official app, online banking, bank transfer, or another supported payment method.",curated_project_dataset,train,9,1
1517,E-commerce,wrong_product,I want to know: I got the wrong product. What should I do?,"Keep the item and packaging, then submit an incorrect-item request through your order details.",curated_project_dataset,train,30,0
1518,Finance,bank_account,What documents are needed to open an account? (request 86),Requirements vary by bank and account type. Check the bank's official documentation for current identity and address requirements.,curated_project_dataset,train,5,1
1519,E-commerce,track_order,How can I track my package? (request 86),Use the tracking link in your order details or provide your order number to check the shipment status.,curated_project_dataset,train,26,0
1520,Finance,balance_inquiry,How can I check my balance? (request 58),Use your bank's official app or online banking service to view your current account balance.,curated_project_dataset,train,4,1
1521,E-commerce,product_information,How can I get information about a product? (request 33),"Open the product page to view its description, specifications, availability, price, and seller information.",curated_project_dataset,train,22,0
1522,E-commerce,refund,My refund has not arrived (request 26),"Please check the refund status and original payment method. If the stated processing period has passed, contact customer support with your order details.",curated_project_dataset,train,23,0
1523,Finance,transfer_failed,I need help with this: The transfer was unsuccessful. Can you guide me?,Please review the transaction details and any error message. Your bank can provide the exact reason if the transaction was rejected.,curated_project_dataset,train,28,1
1524,E-commerce,wrong_product,I want to know: I received the wrong item.,Please report the issue through your order details and provide the order number and photos of the received product if requested.,curated_project_dataset,train,30,0
1525,E-commerce,damaged_product,I need help with this: I received a broken product.,Please report the issue promptly through your order support or return process and provide clear photos of the damage.,curated_project_dataset,validation,10,0
1526,Finance,transfer_pending,My bank transfer has not completed (request 35),"Please check the transfer status and expected processing time. If it remains pending longer than expected, contact your bank.",curated_project_dataset,train,29,1
1527,Finance,card_payment,Please help me: My debit card payment did not work. Can you guide me?,"Please check your card balance and status. If the issue continues, contact your bank for assistance.",curated_project_dataset,train,7,1
1528,Finance,card_payment,I cannot pay with my card (request 35),"Verify that your card is active and has sufficient funds. If payments continue to fail, contact your card issuer.",curated_project_dataset,test,7,1
1529,E-commerce,delivery_time,How long does delivery take? (request 82),"Delivery time varies by location, seller, and shipping option. Check the estimated delivery date shown during checkout or in your order.",curated_project_dataset,train,11,0
1530,Finance,balance_inquiry,Can I check my balance online? (request 28),Yes. Most banks provide balance information through their official online banking or mobile application.,curated_project_dataset,train,4,1
1531,E-commerce,cancel_order,How do I stop an order before it ships? (request 64),Open your order details and select cancellation if the option is still available.,curated_project_dataset,train,6,0
1532,Healthcare,emergency_guidance,This feels like an emergency (request 64),"Please seek immediate emergency medical assistance. If possible, have someone stay with you while help is arranged.",curated_project_dataset,train,12,2
1533,Finance,fraud_transaction,There is a suspicious transaction on my account.,Review the transaction and report it to your bank promptly if you did not authorize it. Use only official banking contact channels.,curated_project_dataset,train,13,1
1534,E-commerce,delivery_time,Can I know the expected delivery date? (request 63),Yes. Check your order details for the current estimated delivery date.,curated_project_dataset,train,11,0
1535,Healthcare,symptoms_information,I have been feeling unwell. What should I do? (request 99),"If symptoms are mild, monitor them and consider contacting a healthcare professional. Seek urgent medical care if symptoms are severe or rapidly worsening.",curated_project_dataset,train,25,2
1536,Healthcare,prescription,Where can I find my prescription? (request 85),Your prescription may be available in your healthcare account or provided by your doctor. Check your medical records or contact the clinic.,curated_project_dataset,train,21,2
1537,Healthcare,emergency_guidance,What should I do in a medical emergency? (request 49),"For a serious or life-threatening emergency, seek immediate emergency medical care or contact your local emergency service. Do not rely on a chatbot for emergency treatment.",curated_project_dataset,test,12,2
1538,Healthcare,medical_report,Please help me: Where can I see my medical report?,"If digital records are available, check your healthcare account or patient portal. Otherwise, contact the healthcare provider that performed the test.",curated_project_dataset,train,18,2
1539,Healthcare,medication_information,I want information about my medication (request 32),Please share the medicine name if you want general information. Do not change the prescribed dose without consulting your healthcare professional.,curated_project_dataset,train,19,2
1540,Healthcare,appointment_reschedule,Can I change my appointment time? (request 93),"Yes. If another slot is available, you can reschedule the appointment from your booking details.",curated_project_dataset,train,3,2
1541,Healthcare,appointment_cancel,I need to cancel my doctor's appointment (request 46),Please open your appointment details and select the cancellation option. Check the provider's cancellation policy for any applicable conditions.,curated_project_dataset,train,2,2
1542,Healthcare,symptoms_information,I want to know: I want information about my symptoms.,"I can provide general health information, but a clinician should evaluate symptoms to determine the appropriate diagnosis and treatment.",curated_project_dataset,train,25,2
1543,Finance,transfer_failed,I want to know: My money transfer failed. Can you guide me?,"Please check the transfer details and your account status. If the problem persists, contact your bank for the specific reason for failure.",curated_project_dataset,train,28,1
1544,E-commerce,cancel_order,Can I cancel my purchase? (request 66),Cancellation depends on the order status. Please open the order details and check whether the cancellation option is available.,curated_project_dataset,train,6,0
1545,E-commerce,payment_failed,My payment failed (request 53),"Please verify your payment details, available funds, and any bank authentication requirements, then try again.",curated_project_dataset,train,20,0
1546,Healthcare,appointment_booking,Can I make an appointment for tomorrow?,"Yes, if appointments are available. Please select the doctor and check tomorrow's available time slots.",curated_project_dataset,train,1,2
1547,Healthcare,prescription,Where can I find my prescription? (request 77),Your prescription may be available in your healthcare account or provided by your doctor. Check your medical records or contact the clinic.,curated_project_dataset,train,21,2
1548,Finance,bank_account,What documents are needed to open an account? (request 58),Requirements vary by bank and account type. Check the bank's official documentation for current identity and address requirements.,curated_project_dataset,train,5,1
1549,Healthcare,symptoms_information,I want information about my symptoms (request 40),"I can provide general health information, but a clinician should evaluate symptoms to determine the appropriate diagnosis and treatment.",curated_project_dataset,train,25,2
1550,Finance,cash_withdrawal,My ATM transaction failed (request 40),Check your account and ATM transaction status. Contact your bank if money was debited or the issue continues.,curated_project_dataset,train,8,1
1551,Finance,fraud_transaction,I think my account has been compromised (request 36),"Contact your bank immediately through an official channel, secure your account credentials, and follow its instructions for protecting the account.",curated_project_dataset,validation,13,1
1552,Healthcare,emergency_guidance,I have a severe medical problem. What should I do? (request 26),"Seek urgent medical attention immediately, especially if symptoms are severe, sudden, or life-threatening.",curated_project_dataset,train,12,2
1553,Healthcare,appointment_reschedule,I need to reschedule my doctor's visit (request 66),"Open your appointment and select Reschedule, then choose another available date and time.",curated_project_dataset,train,3,2
1554,Healthcare,symptoms_information,What should I do about these symptoms? (request 77),"I can provide general information, but symptoms alone cannot establish a diagnosis. For persistent, severe, or worrying symptoms, consult a qualified healthcare professional.",curated_project_dataset,train,25,2
1555,Finance,transfer_pending,I need help with this: My bank transfer has not completed. Can you guide me?,"Please check the transfer status and expected processing time. If it remains pending longer than expected, contact your bank.",curated_project_dataset,train,29,1
1556,E-commerce,payment_failed,My card payment did not go through (request 64),Please verify your card details and contact your bank if the transaction continues to be declined.,curated_project_dataset,train,20,0
1557,Healthcare,appointment_reschedule,How can I change my consultation date? (request 72),Use the reschedule option in your appointment details and select a new available date.,curated_project_dataset,train,3,2
1558,Healthcare,lab_test,How do I book a lab test? (request 97),"Select the required test, choose an available laboratory or collection service, and confirm the appointment if booking is available.",curated_project_dataset,train,15,2
1559,Finance,fraud_transaction,Someone may have used my card (request 74),"Contact your card issuer immediately using the official number or app, secure your account, and follow the issuer's instructions for reporting suspected fraud.",curated_project_dataset,train,13,1
1560,Healthcare,appointment_reschedule,Can I change my appointment time? (request 45),"Yes. If another slot is available, you can reschedule the appointment from your booking details.",curated_project_dataset,train,3,2
1561,Finance,credit_card,What is my credit card limit? Can you guide me?,"Your current credit limit is available through your card issuer's official app, online account, statement, or customer service.",curated_project_dataset,train,9,1
1562,Healthcare,medication_information,What is this medicine used for? (request 77),Medication uses depend on the specific medicine and your circumstances. Check the medicine label or consult a pharmacist or doctor for reliable guidance.,curated_project_dataset,train,19,2
1563,Finance,loan_information,I need information about a personal loan (request 86),"Personal-loan terms vary by lender, including eligibility, interest rate, tenure, and fees. Review the lender's official terms before applying.",curated_project_dataset,train,16,1
1564,Finance,credit_card,I need help with my credit card (request 44),"Please specify whether you need help with payments, limits, transactions, fees, or card access so the appropriate guidance can be provided.",curated_project_dataset,train,9,1
1565,Finance,balance_inquiry,I want to know my bank balance (request 99),Please check the balance section of your official banking app or online banking account.,curated_project_dataset,train,4,1
1566,Finance,card_payment,My card payment was declined (request 49),"Check your card status, available funds, payment details, and any bank security restrictions. Contact your bank if the decline continues.",curated_project_dataset,train,7,1
1567,Finance,loan_information,How do I check loan eligibility? (request 84),"Eligibility depends on the lender's criteria, which may include income, credit history, employment, and existing obligations.",curated_project_dataset,test,16,1
1568,Finance,fraud_transaction,Someone may have used my card (request 54),"Contact your card issuer immediately using the official number or app, secure your account, and follow the issuer's instructions for reporting suspected fraud.",curated_project_dataset,train,13,1
1569,Finance,fraud_transaction,There is a suspicious transaction on my account (request 83),Review the transaction and report it to your bank promptly if you did not authorize it. Use only official banking contact channels.,curated_project_dataset,train,13,1
1570,Finance,transfer_failed,The transfer was unsuccessful (request 60),Please review the transaction details and any error message. Your bank can provide the exact reason if the transaction was rejected.,curated_project_dataset,validation,28,1
1571,Healthcare,appointment_reschedule,Can I move my appointment to next week? (request 51),You can reschedule if the provider has an available slot next week.,curated_project_dataset,train,3,2
1572,Healthcare,medication_information,Please help me: Can you give me information about a medicine?,"Please provide the medicine name. I can give general information, but medication decisions should be confirmed with a qualified healthcare professional.",curated_project_dataset,validation,19,2
1573,Healthcare,prescription,Can I get a copy of my prescription? (request 46),"You can request a copy from your prescribing doctor or healthcare provider, subject to their procedures.",curated_project_dataset,train,21,2
1574,E-commerce,cancel_order,Can I cancel my purchase? (request 94),Cancellation depends on the order status. Please open the order details and check whether the cancellation option is available.,curated_project_dataset,train,6,0
1575,Healthcare,medical_report,I received my test report. What does it mean? (request 39),"Please discuss the report with your healthcare professional, who can interpret the findings using your clinical history and examination.",curated_project_dataset,train,18,2
1576,Healthcare,symptoms_information,I have been feeling unwell. What should I do? (request 11),"If symptoms are mild, monitor them and consider contacting a healthcare professional. Seek urgent medical care if symptoms are severe or rapidly worsening.",curated_project_dataset,train,25,2
1577,E-commerce,account_issue,My account is not working (request 80),"Try signing out and back in or resetting your password. If the problem continues, contact customer support.",curated_project_dataset,train,0,0
1578,Healthcare,health_insurance,How can I check my medical insurance coverage? (request 94),Review your policy documents or contact the insurer using the official customer-service channel to confirm coverage.,curated_project_dataset,train,14,2
1579,E-commerce,cancel_order,How do I stop an order before it ships? (request 32),Open your order details and select cancellation if the option is still available.,curated_project_dataset,train,6,0
1580,E-commerce,payment_failed,Why was my online payment declined? (request 50),"A payment can fail because of incorrect details, bank restrictions, insufficient funds, or security checks. Contact your bank if the problem continues.",curated_project_dataset,train,20,0
1581,Finance,fraud_transaction,Can you help me with this? I think my account has been compromised. Can you guide me?,"Contact your bank immediately through an official channel, secure your account credentials, and follow its instructions for protecting the account.",curated_project_dataset,validation,13,1
1582,Healthcare,appointment_booking,I want to know: I want to see a doctor.,I can help you schedule a consultation. Please provide the medical specialty or doctor you want to visit.,curated_project_dataset,validation,1,2
1583,E-commerce,account_issue,How do I update my account details? (request 51),"Open your account settings and edit the available profile information, then save the changes.",curated_project_dataset,train,0,0
1584,Healthcare,medical_report,I need help with this: Can you explain my medical report?,"I can explain general medical terminology, but a healthcare professional should interpret your results in the context of your symptoms and medical history.",curated_project_dataset,train,18,2
1585,E-commerce,payment_failed,I want to know: My payment failed.,"Please verify your payment details, available funds, and any bank authentication requirements, then try again.",curated_project_dataset,train,20,0
1586,Finance,bank_account,What documents are needed to open an account? (request 34),Requirements vary by bank and account type. Check the bank's official documentation for current identity and address requirements.,curated_project_dataset,train,5,1
1587,Healthcare,emergency_guidance,I have a severe medical problem. What should I do? (request 82),"Seek urgent medical attention immediately, especially if symptoms are severe, sudden, or life-threatening.",curated_project_dataset,train,12,2
1588,E-commerce,wrong_product,The product I received is not what I ordered (request 75),Please report the mismatch through customer support or the order return process so the issue can be investigated.,curated_project_dataset,train,30,0
1589,E-commerce,product_information,Is this item available? (request 40),Check the product page for the latest stock status. Availability can change quickly.,curated_project_dataset,validation,22,0
1590,Finance,cash_withdrawal,Why did my cash withdrawal fail? (request 31),"A withdrawal may fail because of insufficient funds, card restrictions, ATM issues, or withdrawal limits.",curated_project_dataset,validation,8,1
1591,E-commerce,product_information,Where can I find product specifications? (request 51),Product specifications are usually listed on the product page under the description or specifications section.,curated_project_dataset,train,22,0
1592,Finance,card_payment,Can you help me with this? I cannot pay with my card. Can you guide me?,"Verify that your card is active and has sufficient funds. If payments continue to fail, contact your card issuer.",curated_project_dataset,train,7,1
1593,Healthcare,symptoms_information,I want information about my symptoms (request 64),"I can provide general health information, but a clinician should evaluate symptoms to determine the appropriate diagnosis and treatment.",curated_project_dataset,train,25,2
1594,Finance,loan_information,How can I apply for a loan? (request 69),"Loan eligibility, documents, interest rates, and application procedures vary by lender. Check the lender's official application process.",curated_project_dataset,train,16,1
1595,Healthcare,appointment_cancel,Can I cancel my appointment today? (request 83),"Yes, if cancellation is allowed by the provider. Please check your appointment details for the applicable cancellation policy.",curated_project_dataset,train,2,2
1596,Healthcare,emergency_guidance,I have a severe medical problem. What should I do? (request 86),"Seek urgent medical attention immediately, especially if symptoms are severe, sudden, or life-threatening.",curated_project_dataset,train,12,2
1597,E-commerce,account_issue,How do I update my account details? (request 91),"Open your account settings and edit the available profile information, then save the changes.",curated_project_dataset,train,0,0
1598,E-commerce,cancel_order,Please cancel my order (request 95),I can guide you through cancellation. Check your order details for the Cancel Order option.,curated_project_dataset,train,6,0
1599,E-commerce,damaged_product,What should I do if my item is damaged? (request 70),"Keep the product and packaging, document the damage with photos, and submit a damage claim or return request through the order details.",curated_project_dataset,validation,10,0
1600,E-commerce,delivery_time,Do you offer fast delivery? (request 76),"Available delivery speeds depend on the product, seller, location, and shipping options shown at checkout.",curated_project_dataset,train,11,0
1601,E-commerce,cancel_order,Can I cancel my purchase? (request 22),Cancellation depends on the order status. Please open the order details and check whether the cancellation option is available.,curated_project_dataset,test,6,0
1602,Healthcare,appointment_cancel,Please cancel my consultation (request 88),I can guide you through cancellation. Open the appointment record and choose Cancel Appointment.,curated_project_dataset,train,2,2
1603,Healthcare,lab_test,I need information about a medical test (request 20),"Please provide the test name. Preparation, timing, and interpretation can vary by test.",curated_project_dataset,test,15,2
1604,E-commerce,delivery_time,I want to know: When will my order be delivered?,The estimated delivery date is usually shown in your order details and may depend on your location and shipping method.,curated_project_dataset,validation,11,0
1605,E-commerce,cancel_order,How do I stop an order before it ships? (request 76),Open your order details and select cancellation if the option is still available.,curated_project_dataset,train,6,0
1606,E-commerce,cancel_order,Please cancel my order (request 83),I can guide you through cancellation. Check your order details for the Cancel Order option.,curated_project_dataset,test,6,0
1607,Finance,transaction_issue,There is a problem with my transaction (request 85),"Review the transaction details and status in your banking account. If the issue is unresolved, contact your bank with the transaction reference.",curated_project_dataset,train,27,1
1608,Finance,loan_information,Please help me: How do I check loan eligibility? Can you guide me?,"Eligibility depends on the lender's criteria, which may include income, credit history, employment, and existing obligations.",curated_project_dataset,train,16,1
1609,Healthcare,lab_test,Do I need an appointment for a lab test? (request 15),It depends on the laboratory and test. Check the laboratory's booking requirements before visiting.,curated_project_dataset,train,15,2
1610,E-commerce,product_information,Can you help me with this? Does this product have the features I need?,"Please check the product specifications and description. If a required feature is unclear, contact the seller for confirmation.",curated_project_dataset,train,22,0
1611,E-commerce,payment_failed,I cannot complete my payment (request 67),"Check the payment method and billing details, then retry. If it still fails, try another supported payment method.",curated_project_dataset,validation,20,0
1612,Healthcare,medication_information,Can you give me information about a medicine?,"Please provide the medicine name. I can give general information, but medication decisions should be confirmed with a qualified healthcare professional.",curated_project_dataset,train,19,2
1613,Healthcare,emergency_guidance,When should I seek emergency care? (request 95),"Emergency care may be needed for severe or rapidly worsening symptoms. When in doubt about a potentially serious condition, seek immediate professional medical help.",curated_project_dataset,train,12,2
1614,Healthcare,emergency_guidance,When should I seek emergency care? (request 35),"Emergency care may be needed for severe or rapidly worsening symptoms. When in doubt about a potentially serious condition, seek immediate professional medical help.",curated_project_dataset,train,12,2
1615,Healthcare,symptoms_information,I want information about my symptoms (request 72),"I can provide general health information, but a clinician should evaluate symptoms to determine the appropriate diagnosis and treatment.",curated_project_dataset,train,25,2
1616,E-commerce,account_issue,I want to know: How do I update my account details?,"Open your account settings and edit the available profile information, then save the changes.",curated_project_dataset,train,0,0
1617,Finance,transaction_issue,Why is my transaction not showing? Can you guide me?,Transaction updates can take time depending on the transaction type. Check again later and contact your bank if the expected posting time has passed.,curated_project_dataset,train,27,1
1618,Healthcare,prescription,Can I get a copy of my prescription? (request 94),"You can request a copy from your prescribing doctor or healthcare provider, subject to their procedures.",curated_project_dataset,train,21,2
1619,E-commerce,account_issue,Can you help me with this? How do I update my account details?,"Open your account settings and edit the available profile information, then save the changes.",curated_project_dataset,train,0,0
1620,Healthcare,medical_report,I received my test report. What does it mean? (request 27),"Please discuss the report with your healthcare professional, who can interpret the findings using your clinical history and examination.",curated_project_dataset,train,18,2
1621,Healthcare,health_insurance,Can I use insurance for my hospital visit? (request 27),This depends on your plan and the healthcare provider. Confirm eligibility and any pre-authorization requirements with your insurer.,curated_project_dataset,train,14,2
1622,E-commerce,delivery_time,Can I know the expected delivery date? (request 75),Yes. Check your order details for the current estimated delivery date.,curated_project_dataset,train,11,0
1623,Healthcare,lab_test,I need information about a medical test (request 88),"Please provide the test name. Preparation, timing, and interpretation can vary by test.",curated_project_dataset,train,15,2
1624,Finance,balance_inquiry,Can I check my balance online? Can you guide me?,Yes. Most banks provide balance information through their official online banking or mobile application.,curated_project_dataset,train,4,1
1625,Healthcare,appointment_cancel,How do I cancel my appointment? (request 37),"You can cancel the appointment from your booking details. If cancellation is unavailable online, contact the healthcare provider.",curated_project_dataset,train,2,2
1626,Finance,loan_information,How can I apply for a loan? (request 65),"Loan eligibility, documents, interest rates, and application procedures vary by lender. Check the lender's official application process.",curated_project_dataset,test,16,1
1627,Healthcare,lab_test,How do I book a lab test? (request 29),"Select the required test, choose an available laboratory or collection service, and confirm the appointment if booking is available.",curated_project_dataset,train,15,2
1628,Healthcare,symptoms_information,I have been feeling unwell. What should I do? (request 35),"If symptoms are mild, monitor them and consider contacting a healthcare professional. Seek urgent medical care if symptoms are severe or rapidly worsening.",curated_project_dataset,train,25,2
1629,Healthcare,symptoms_information,I have been feeling unwell. What should I do? (request 91),"If symptoms are mild, monitor them and consider contacting a healthcare professional. Seek urgent medical care if symptoms are severe or rapidly worsening.",curated_project_dataset,train,25,2
1630,Finance,transaction_issue,I want to know: My transaction looks incorrect. Can you guide me?,"Please verify the amount, date, and transaction details. If you do not recognize or agree with the transaction, contact your bank promptly.",curated_project_dataset,train,27,1
1631,E-commerce,cancel_order,I want to know: Can I cancel my purchase?,Cancellation depends on the order status. Please open the order details and check whether the cancellation option is available.,curated_project_dataset,train,6,0
1632,E-commerce,damaged_product,What should I do if my item is damaged? (request 38),"Keep the product and packaging, document the damage with photos, and submit a damage claim or return request through the order details.",curated_project_dataset,train,10,0
1633,Finance,bank_account,I want to open a new bank account (request 99),Choose an appropriate account type and follow the bank's official application process. You may need identity and address documents.,curated_project_dataset,train,5,1
1634,Healthcare,medical_report,I want to know: I received my test report. What does it mean?,"Please discuss the report with your healthcare professional, who can interpret the findings using your clinical history and examination.",curated_project_dataset,train,18,2
1635,E-commerce,track_order,My order has not arrived yet (request 40),"Please check the latest tracking update first. If the expected delivery date has passed, contact customer support with your order number.",curated_project_dataset,train,26,0
1636,Finance,loan_information,Can you help me with this? What documents are required for a loan? Can you guide me?,"Requirements depend on the lender and loan type. Commonly requested documents may include identity, income, and address information.",curated_project_dataset,train,16,1
1637,E-commerce,wrong_product,The product I received is not what I ordered (request 51),Please report the mismatch through customer support or the order return process so the issue can be investigated.,curated_project_dataset,train,30,0
1638,Finance,cash_withdrawal,My ATM transaction failed (request 96),Check your account and ATM transaction status. Contact your bank if money was debited or the issue continues.,curated_project_dataset,train,8,1
1639,E-commerce,product_information,Does this product have the features I need? (request 62),"Please check the product specifications and description. If a required feature is unclear, contact the seller for confirmation.",curated_project_dataset,test,22,0
1640,Finance,loan_information,I need information about a personal loan (request 58),"Personal-loan terms vary by lender, including eligibility, interest rate, tenure, and fees. Review the lender's official terms before applying.",curated_project_dataset,train,16,1
1641,E-commerce,product_information,Where can I find product specifications? (request 95),Product specifications are usually listed on the product page under the description or specifications section.,curated_project_dataset,train,22,0
1642,Finance,loan_information,What documents are required for a loan? (request 51),"Requirements depend on the lender and loan type. Commonly requested documents may include identity, income, and address information.",curated_project_dataset,train,16,1
1643,E-commerce,cancel_order,Can you help me with this? I want to cancel my order.,"If the order has not shipped, you may be able to cancel it from your order details. Once shipped, cancellation may no longer be available.",curated_project_dataset,train,6,0
1644,Healthcare,medication_information,Can you give me information about a medicine? (request 66),"Please provide the medicine name. I can give general information, but medication decisions should be confirmed with a qualified healthcare professional.",curated_project_dataset,train,19,2
1645,E-commerce,product_information,How can I get information about a product? (request 61),"Open the product page to view its description, specifications, availability, price, and seller information.",curated_project_dataset,train,22,0
1646,E-commerce,return_order,Please help me: What is the process for returning an item?,"Start a return request from your order details, select the reason, and follow the packaging and pickup or drop-off instructions.",curated_project_dataset,train,24,0
1647,E-commerce,account_issue,I forgot my account password (request 54),Use the password-reset option associated with your account email or phone number.,curated_project_dataset,train,0,0
1648,Finance,fraud_transaction,There is a suspicious transaction on my account (request 67),Review the transaction and report it to your bank promptly if you did not authorize it. Use only official banking contact channels.,curated_project_dataset,train,13,1
1649,Finance,transaction_issue,There is a problem with my transaction (request 49),"Review the transaction details and status in your banking account. If the issue is unresolved, contact your bank with the transaction reference.",curated_project_dataset,validation,27,1
1650,E-commerce,product_information,Can you help me with this? How can I get information about a product?,"Open the product page to view its description, specifications, availability, price, and seller information.",curated_project_dataset,train,22,0
1651,E-commerce,cancel_order,I want to know: I want to cancel my order.,"If the order has not shipped, you may be able to cancel it from your order details. Once shipped, cancellation may no longer be available.",curated_project_dataset,train,6,0
1652,E-commerce,account_issue,I cannot access my shopping account (request 89),"Use the account recovery or password-reset option. If you still cannot sign in, contact customer support through the official channel.",curated_project_dataset,train,0,0
1653,Healthcare,symptoms_information,I have been feeling unwell. What should I do? (request 39),"If symptoms are mild, monitor them and consider contacting a healthcare professional. Seek urgent medical care if symptoms are severe or rapidly worsening.",curated_project_dataset,train,25,2
1654,Healthcare,appointment_reschedule,I need help with this: How can I change my consultation date?,Use the reschedule option in your appointment details and select a new available date.,curated_project_dataset,validation,3,2
1655,E-commerce,delivery_time,Can you help me with this? Do you offer fast delivery?,"Available delivery speeds depend on the product, seller, location, and shipping options shown at checkout.",curated_project_dataset,train,11,0
1656,E-commerce,account_issue,Please help me: I cannot access my shopping account.,"Use the account recovery or password-reset option. If you still cannot sign in, contact customer support through the official channel.",curated_project_dataset,train,0,0
1657,Finance,cash_withdrawal,I need help with this: Why did my cash withdrawal fail? Can you guide me?,"A withdrawal may fail because of insufficient funds, card restrictions, ATM issues, or withdrawal limits.",curated_project_dataset,train,8,1
1658,Finance,credit_card,Can you help me with this? How can I apply for a credit card? Can you guide me?,Credit-card eligibility and application requirements vary by issuer. Check the issuer's official application process and terms.,curated_project_dataset,train,9,1
1659,E-commerce,product_information,How can I get information about a product? (request 93),"Open the product page to view its description, specifications, availability, price, and seller information.",curated_project_dataset,train,22,0
1660,Finance,balance_inquiry,What is my account balance? (request 41),"You can check your current balance through your bank's official mobile app, online banking portal, ATM, or branch.",curated_project_dataset,train,4,1
1661,E-commerce,delivery_time,When will my order be delivered? (request 85),The estimated delivery date is usually shown in your order details and may depend on your location and shipping method.,curated_project_dataset,validation,11,0
1662,Finance,cash_withdrawal,Please help me: Why did my cash withdrawal fail? Can you guide me?,"A withdrawal may fail because of insufficient funds, card restrictions, ATM issues, or withdrawal limits.",curated_project_dataset,train,8,1
1663,Healthcare,health_insurance,I want to know: Does my health insurance cover this treatment?,"Coverage depends on your insurance plan, provider network, and policy terms. Check your policy or contact your insurer for confirmation.",curated_project_dataset,train,14,2
1664,E-commerce,track_order,My order has not arrived yet (request 68),"Please check the latest tracking update first. If the expected delivery date has passed, contact customer support with your order number.",curated_project_dataset,train,26,0
1665,Finance,transfer_pending,When will my pending transfer be completed?,Processing time varies by bank and transfer type. Check the transaction status for the latest update.,curated_project_dataset,train,29,1
1666,Healthcare,appointment_reschedule,Can I move my appointment to next week? (request 75),You can reschedule if the provider has an available slot next week.,curated_project_dataset,train,3,2
1667,Finance,balance_inquiry,What is my account balance? (request 45),"You can check your current balance through your bank's official mobile app, online banking portal, ATM, or branch.",curated_project_dataset,validation,4,1
1668,Healthcare,health_insurance,How can I check my medical insurance coverage? (request 66),Review your policy documents or contact the insurer using the official customer-service channel to confirm coverage.,curated_project_dataset,train,14,2
1669,Healthcare,appointment_cancel,I need to cancel my doctor's appointment.,Please open your appointment details and select the cancellation option. Check the provider's cancellation policy for any applicable conditions.,curated_project_dataset,train,2,2
1670,E-commerce,product_information,Does this product have the features I need?,"Please check the product specifications and description. If a required feature is unclear, contact the seller for confirmation.",curated_project_dataset,train,22,0
1671,Finance,transfer_failed,Why did my transfer fail? (request 50),"Transfers can fail because of incorrect details, account restrictions, insufficient funds, or bank-side issues. Check the transaction information and contact your bank if needed.",curated_project_dataset,train,28,1
1672,Healthcare,appointment_cancel,Please cancel my consultation (request 72),I can guide you through cancellation. Open the appointment record and choose Cancel Appointment.,curated_project_dataset,train,2,2
1673,Healthcare,appointment_cancel,I want to know: Please cancel my consultation.,I can guide you through cancellation. Open the appointment record and choose Cancel Appointment.,curated_project_dataset,validation,2,2
1674,E-commerce,wrong_product,The product I received is not what I ordered (request 63),Please report the mismatch through customer support or the order return process so the issue can be investigated.,curated_project_dataset,train,30,0
1675,E-commerce,product_information,I need help with this: Does this product have the features I need?,"Please check the product specifications and description. If a required feature is unclear, contact the seller for confirmation.",curated_project_dataset,train,22,0
1676,Finance,fraud_transaction,I think my account has been compromised (request 88),"Contact your bank immediately through an official channel, secure your account credentials, and follow its instructions for protecting the account.",curated_project_dataset,test,13,1
1677,Finance,balance_inquiry,I want to know my bank balance.,Please check the balance section of your official banking app or online banking account.,curated_project_dataset,train,4,1
1678,Finance,transfer_pending,My bank transfer has not completed (request 55),"Please check the transfer status and expected processing time. If it remains pending longer than expected, contact your bank.",curated_project_dataset,train,29,1
1679,E-commerce,damaged_product,My product arrived damaged (request 65),"Please take photos of the damaged item and packaging, then report the issue through the order's return or support process as soon as possible.",curated_project_dataset,train,10,0
1680,Finance,transfer_pending,Why is my transfer still pending? (request 34),A transfer may remain pending while the bank processes or verifies it. Check the transaction details for the expected processing time.,curated_project_dataset,train,29,1
1681,E-commerce,account_issue,How do I update my account details? (request 63),"Open your account settings and edit the available profile information, then save the changes.",curated_project_dataset,test,0,0
1682,Finance,balance_inquiry,I want to know my bank balance (request 51),Please check the balance section of your official banking app or online banking account.,curated_project_dataset,test,4,1
1683,Finance,transaction_issue,There is a problem with my transaction (request 41),"Review the transaction details and status in your banking account. If the issue is unresolved, contact your bank with the transaction reference.",curated_project_dataset,train,27,1
1684,Finance,cash_withdrawal,My ATM transaction failed (request 76),Check your account and ATM transaction status. Contact your bank if money was debited or the issue continues.,curated_project_dataset,train,8,1
1685,E-commerce,account_issue,I cannot access my shopping account (request 25),"Use the account recovery or password-reset option. If you still cannot sign in, contact customer support through the official channel.",curated_project_dataset,train,0,0
1686,Healthcare,appointment_reschedule,How can I change my consultation date? (request 96),Use the reschedule option in your appointment details and select a new available date.,curated_project_dataset,test,3,2
1687,Healthcare,medical_report,Where can I see my medical report? (request 13),"If digital records are available, check your healthcare account or patient portal. Otherwise, contact the healthcare provider that performed the test.",curated_project_dataset,train,18,2
1688,Healthcare,appointment_booking,How can I book a doctor appointment? (request 73),"You can book an appointment by selecting a doctor, choosing an available date and time, and confirming the booking.",curated_project_dataset,train,1,2
1689,E-commerce,account_issue,I cannot access my shopping account (request 53),"Use the account recovery or password-reset option. If you still cannot sign in, contact customer support through the official channel.",curated_project_dataset,train,0,0
1690,Finance,balance_inquiry,How can I check my balance? (request 70),Use your bank's official app or online banking service to view your current account balance.,curated_project_dataset,test,4,1
1691,Finance,cash_withdrawal,The ATM did not give me cash (request 62),"If your account was debited, keep the ATM receipt or transaction details and contact your bank immediately for investigation.",curated_project_dataset,train,8,1
1692,Finance,credit_card,What is my credit card limit? (request 86),"Your current credit limit is available through your card issuer's official app, online account, statement, or customer service.",curated_project_dataset,train,9,1
1693,Healthcare,medication_information,Can you give me information about a medicine? (request 82),"Please provide the medicine name. I can give general information, but medication decisions should be confirmed with a qualified healthcare professional.",curated_project_dataset,train,19,2
1694,Finance,balance_inquiry,I want to know: I want to know my bank balance. Can you guide me?,Please check the balance section of your official banking app or online banking account.,curated_project_dataset,train,4,1
1695,E-commerce,product_information,Where can I find product specifications? (request 31),Product specifications are usually listed on the product page under the description or specifications section.,curated_project_dataset,train,22,0
1696,Finance,transfer_failed,The transfer was unsuccessful. Can you guide me?,Please review the transaction details and any error message. Your bank can provide the exact reason if the transaction was rejected.,curated_project_dataset,test,28,1
1697,E-commerce,product_information,Please help me: Where can I find product specifications?,Product specifications are usually listed on the product page under the description or specifications section.,curated_project_dataset,validation,22,0
1698,Finance,fraud_transaction,I do not recognize a transaction (request 61),"If you do not recognize a transaction, contact your bank or card issuer through its official channel immediately and follow its fraud-reporting process.",curated_project_dataset,train,13,1
1699,E-commerce,payment_failed,I cannot complete my payment (request 91),"Check the payment method and billing details, then retry. If it still fails, try another supported payment method.",curated_project_dataset,train,20,0
1700,E-commerce,cancel_order,How do I stop an order before it ships? (request 72),Open your order details and select cancellation if the option is still available.,curated_project_dataset,validation,6,0
1701,Finance,card_payment,My card payment was declined (request 53),"Check your card status, available funds, payment details, and any bank security restrictions. Contact your bank if the decline continues.",curated_project_dataset,train,7,1
1702,Finance,card_payment,Why did my card payment fail? (request 30),"A card payment may fail because of insufficient funds, incorrect details, security checks, or merchant restrictions.",curated_project_dataset,train,7,1
1703,Finance,transfer_pending,Why is my transfer still pending? (request 74),A transfer may remain pending while the bank processes or verifies it. Check the transaction details for the expected processing time.,curated_project_dataset,train,29,1
1704,Finance,balance_inquiry,Can you help me with this? What is my account balance? Can you guide me?,"You can check your current balance through your bank's official mobile app, online banking portal, ATM, or branch.",curated_project_dataset,train,4,1
1705,Finance,balance_inquiry,Can I check my balance online? (request 72),Yes. Most banks provide balance information through their official online banking or mobile application.,curated_project_dataset,train,4,1
1706,Healthcare,medication_information,I need help with this: Can you give me information about a medicine?,"Please provide the medicine name. I can give general information, but medication decisions should be confirmed with a qualified healthcare professional.",curated_project_dataset,train,19,2
1707,Healthcare,medical_report,Can you explain my medical report? (request 58),"I can explain general medical terminology, but a healthcare professional should interpret your results in the context of your symptoms and medical history.",curated_project_dataset,train,18,2
1708,E-commerce,account_issue,I cannot access my shopping account (request 57),"Use the account recovery or password-reset option. If you still cannot sign in, contact customer support through the official channel.",curated_project_dataset,test,0,0
1709,Finance,transfer_failed,My money transfer failed (request 85),"Please check the transfer details and your account status. If the problem persists, contact your bank for the specific reason for failure.",curated_project_dataset,train,28,1
1710,E-commerce,account_issue,My account is not working (request 52),"Try signing out and back in or resetting your password. If the problem continues, contact customer support.",curated_project_dataset,test,0,0
1711,Healthcare,appointment_booking,I need to schedule a consultation (request 98),Sure. Please choose the required doctor or specialty and select an available appointment slot.,curated_project_dataset,train,1,2
1712,E-commerce,refund,My refund has not arrived (request 34),"Please check the refund status and original payment method. If the stated processing period has passed, contact customer support with your order details.",curated_project_dataset,train,23,0
1713,Finance,transaction_issue,My transaction looks incorrect (request 90),"Please verify the amount, date, and transaction details. If you do not recognize or agree with the transaction, contact your bank promptly.",curated_project_dataset,train,27,1
1714,Healthcare,medical_report,How do I download my lab report? (request 44),"If online access is provided, sign in to the patient portal and look under reports or test results.",curated_project_dataset,train,18,2
1715,Healthcare,health_insurance,I want to know: Can I use insurance for my hospital visit?,This depends on your plan and the healthcare provider. Confirm eligibility and any pre-authorization requirements with your insurer.,curated_project_dataset,train,14,2
1716,Finance,loan_information,I need information about a personal loan (request 70),"Personal-loan terms vary by lender, including eligibility, interest rate, tenure, and fees. Review the lender's official terms before applying.",curated_project_dataset,train,16,1
1717,E-commerce,wrong_product,I received the wrong item (request 97),Please report the issue through your order details and provide the order number and photos of the received product if requested.,curated_project_dataset,train,30,0
1718,Finance,card_payment,My debit card payment did not work (request 100),"Please check your card balance and status. If the issue continues, contact your bank for assistance.",curated_project_dataset,train,7,1
1719,E-commerce,product_information,Is this item available? (request 36),Check the product page for the latest stock status. Availability can change quickly.,curated_project_dataset,train,22,0
1720,Finance,transfer_pending,My bank transfer has not completed (request 51),"Please check the transfer status and expected processing time. If it remains pending longer than expected, contact your bank.",curated_project_dataset,test,29,1
1721,Finance,transfer_pending,Please help me: My bank transfer has not completed. Can you guide me?,"Please check the transfer status and expected processing time. If it remains pending longer than expected, contact your bank.",curated_project_dataset,train,29,1
1722,Healthcare,appointment_cancel,How do I cancel my appointment? (request 49),"You can cancel the appointment from your booking details. If cancellation is unavailable online, contact the healthcare provider.",curated_project_dataset,train,2,2
1723,Finance,cash_withdrawal,Why did my cash withdrawal fail? (request 55),"A withdrawal may fail because of insufficient funds, card restrictions, ATM issues, or withdrawal limits.",curated_project_dataset,train,8,1
1724,Finance,transfer_pending,Why is my transfer still pending? (request 54),A transfer may remain pending while the bank processes or verifies it. Check the transaction details for the expected processing time.,curated_project_dataset,train,29,1
1725,E-commerce,account_issue,How do I update my account details?,"Open your account settings and edit the available profile information, then save the changes.",curated_project_dataset,train,0,0
1726,E-commerce,refund,Please help me: I want to know my refund status.,Please provide your order details or check the refund section of your account for the latest status.,curated_project_dataset,train,23,0
1727,Healthcare,lab_test,How do I book a lab test? (request 93),"Select the required test, choose an available laboratory or collection service, and confirm the appointment if booking is available.",curated_project_dataset,train,15,2
1728,Healthcare,health_insurance,Can I use insurance for my hospital visit? (request 19),This depends on your plan and the healthcare provider. Confirm eligibility and any pre-authorization requirements with your insurer.,curated_project_dataset,train,14,2
1729,E-commerce,damaged_product,My product arrived damaged (request 29),"Please take photos of the damaged item and packaging, then report the issue through the order's return or support process as soon as possible.",curated_project_dataset,train,10,0
1730,E-commerce,refund,How does a product refund work? (request 87),"After the return or cancellation is approved, the refund is generally processed to the original payment method, subject to the seller's policy.",curated_project_dataset,train,23,0
1731,Finance,balance_inquiry,How can I check my balance? (request 82),Use your bank's official app or online banking service to view your current account balance.,curated_project_dataset,train,4,1
1732,Finance,loan_information,I need information about a personal loan (request 34),"Personal-loan terms vary by lender, including eligibility, interest rate, tenure, and fees. Review the lender's official terms before applying.",curated_project_dataset,test,16,1
1733,E-commerce,product_information,Is this item available? (request 100),Check the product page for the latest stock status. Availability can change quickly.,curated_project_dataset,train,22,0
1734,Finance,bank_account,I need help with this: I want to open a new bank account. Can you guide me?,Choose an appropriate account type and follow the bank's official application process. You may need identity and address documents.,curated_project_dataset,validation,5,1
1735,Finance,card_payment,Why did my card payment fail? (request 58),"A card payment may fail because of insufficient funds, incorrect details, security checks, or merchant restrictions.",curated_project_dataset,train,7,1
1736,Healthcare,medical_report,Can you explain my medical report?,"I can explain general medical terminology, but a healthcare professional should interpret your results in the context of your symptoms and medical history.",curated_project_dataset,train,18,2
1737,E-commerce,wrong_product,The product I received is not what I ordered (request 79),Please report the mismatch through customer support or the order return process so the issue can be investigated.,curated_project_dataset,validation,30,0
1738,Finance,bank_account,How do I open a bank account? (request 57),"Account-opening requirements vary by bank. Check the bank's official website or branch for eligibility, documents, and application steps.",curated_project_dataset,train,5,1
1739,Healthcare,emergency_guidance,Please help me: I have a severe medical problem. What should I do?,"Seek urgent medical attention immediately, especially if symptoms are severe, sudden, or life-threatening.",curated_project_dataset,train,12,2
1740,E-commerce,payment_failed,My payment failed (request 25),"Please verify your payment details, available funds, and any bank authentication requirements, then try again.",curated_project_dataset,train,20,0
1741,E-commerce,damaged_product,I want to know: My product arrived damaged.,"Please take photos of the damaged item and packaging, then report the issue through the order's return or support process as soon as possible.",curated_project_dataset,train,10,0
1742,Healthcare,emergency_guidance,Can you help me with this? I have a severe medical problem. What should I do?,"Seek urgent medical attention immediately, especially if symptoms are severe, sudden, or life-threatening.",curated_project_dataset,validation,12,2
1743,Healthcare,medication_information,How should I learn about my prescribed medicine? (request 55),"Review the prescription and medication leaflet, and ask your doctor or pharmacist about dosage, interactions, and precautions.",curated_project_dataset,train,19,2
1744,Finance,transfer_failed,Why did my transfer fail? (request 86),"Transfers can fail because of incorrect details, account restrictions, insufficient funds, or bank-side issues. Check the transaction information and contact your bank if needed.",curated_project_dataset,train,28,1
1745,Finance,transaction_issue,I want to know: There is a problem with my transaction. Can you guide me?,"Review the transaction details and status in your banking account. If the issue is unresolved, contact your bank with the transaction reference.",curated_project_dataset,train,27,1
1746,E-commerce,damaged_product,The package arrived damaged (request 72),Document the package condition and contact customer support or the seller with your order number and photos.,curated_project_dataset,train,10,0
1747,Healthcare,appointment_cancel,Please cancel my consultation (request 68),I can guide you through cancellation. Open the appointment record and choose Cancel Appointment.,curated_project_dataset,train,2,2
1748,Healthcare,medical_report,I received my test report. What does it mean? (request 31),"Please discuss the report with your healthcare professional, who can interpret the findings using your clinical history and examination.",curated_project_dataset,test,18,2
1749,Finance,transfer_failed,My money transfer failed (request 89),"Please check the transfer details and your account status. If the problem persists, contact your bank for the specific reason for failure.",curated_project_dataset,train,28,1
1750,E-commerce,refund,Please help me: How does a product refund work?,"After the return or cancellation is approved, the refund is generally processed to the original payment method, subject to the seller's policy.",curated_project_dataset,train,23,0
1751,Healthcare,appointment_booking,Can I make an appointment for tomorrow? (request 27),"Yes, if appointments are available. Please select the doctor and check tomorrow's available time slots.",curated_project_dataset,train,1,2
1752,Finance,transfer_pending,When will my pending transfer be completed? (request 60),Processing time varies by bank and transfer type. Check the transaction status for the latest update.,curated_project_dataset,train,29,1
1753,E-commerce,delivery_time,When will my order be delivered? (request 53),The estimated delivery date is usually shown in your order details and may depend on your location and shipping method.,curated_project_dataset,test,11,0
1754,E-commerce,delivery_time,I want to know: Can I know the expected delivery date?,Yes. Check your order details for the current estimated delivery date.,curated_project_dataset,train,11,0
1755,Healthcare,prescription,How do I view my prescription? (request 88),"If your provider offers online records, sign in to your healthcare account and open the prescription or medication section.",curated_project_dataset,validation,21,2
1756,Finance,transfer_pending,I want to know: My money transfer is pending. Can you guide me?,Pending transfers can take time depending on the bank and transfer type. Please check the transaction status and contact your bank if it remains pending beyond the expected processing period.,curated_project_dataset,train,29,1
1757,Healthcare,emergency_guidance,I have a severe medical problem. What should I do? (request 98),"Seek urgent medical attention immediately, especially if symptoms are severe, sudden, or life-threatening.",curated_project_dataset,train,12,2
1758,E-commerce,cancel_order,I want to cancel my order (request 77),"If the order has not shipped, you may be able to cancel it from your order details. Once shipped, cancellation may no longer be available.",curated_project_dataset,validation,6,0
1759,E-commerce,damaged_product,My product arrived damaged.,"Please take photos of the damaged item and packaging, then report the issue through the order's return or support process as soon as possible.",curated_project_dataset,train,10,0
1760,E-commerce,track_order,Where is my order? (request 41),I can help with order tracking. Please provide your order number or tracking details.,curated_project_dataset,train,26,0
1761,Healthcare,appointment_booking,I need to schedule a consultation (request 34),Sure. Please choose the required doctor or specialty and select an available appointment slot.,curated_project_dataset,test,1,2
1762,E-commerce,wrong_product,My order contains a different product (request 10),Start a return or replacement request for the incorrect item and follow the seller's instructions.,curated_project_dataset,validation,30,0
1763,Finance,bank_account,I want to open a new bank account (request 27),Choose an appropriate account type and follow the bank's official application process. You may need identity and address documents.,curated_project_dataset,test,5,1
1764,E-commerce,refund,I want to know my refund status (request 80),Please provide your order details or check the refund section of your account for the latest status.,curated_project_dataset,train,23,0
1765,Healthcare,appointment_booking,I need to schedule a consultation (request 42),Sure. Please choose the required doctor or specialty and select an available appointment slot.,curated_project_dataset,train,1,2
1766,E-commerce,damaged_product,The package arrived damaged (request 92),Document the package condition and contact customer support or the seller with your order number and photos.,curated_project_dataset,train,10,0
1767,Finance,transfer_failed,Why did my transfer fail? (request 90),"Transfers can fail because of incorrect details, account restrictions, insufficient funds, or bank-side issues. Check the transaction information and contact your bank if needed.",curated_project_dataset,train,28,1
1768,Finance,bank_account,I want to open a new bank account. Can you guide me?,Choose an appropriate account type and follow the bank's official application process. You may need identity and address documents.,curated_project_dataset,train,5,1
1769,E-commerce,account_issue,I cannot access my shopping account (request 73),"Use the account recovery or password-reset option. If you still cannot sign in, contact customer support through the official channel.",curated_project_dataset,train,0,0
1770,Finance,balance_inquiry,How can I check my balance? (request 90),Use your bank's official app or online banking service to view your current account balance.,curated_project_dataset,train,4,1
1771,E-commerce,account_issue,I forgot my account password (request 26),Use the password-reset option associated with your account email or phone number.,curated_project_dataset,train,0,0
1772,Healthcare,lab_test,Where can I get my blood test done? (request 10),You can use an authorized laboratory or collection center. Follow the test-specific preparation instructions provided by your healthcare provider.,curated_project_dataset,train,15,2
1773,E-commerce,cancel_order,I want to cancel my order (request 33),"If the order has not shipped, you may be able to cancel it from your order details. Once shipped, cancellation may no longer be available.",curated_project_dataset,train,6,0
1774,Healthcare,appointment_booking,How can I book a doctor appointment? (request 29),"You can book an appointment by selecting a doctor, choosing an available date and time, and confirming the booking.",curated_project_dataset,train,1,2
1775,Healthcare,medication_information,Can you give me information about a medicine? (request 42),"Please provide the medicine name. I can give general information, but medication decisions should be confirmed with a qualified healthcare professional.",curated_project_dataset,test,19,2
1776,Finance,transaction_issue,I need help with a bank transaction (request 56),Please check the transaction status and reference number. Your bank can investigate account-specific transaction issues.,curated_project_dataset,validation,27,1
1777,Finance,loan_information,What documents are required for a loan? (request 99),"Requirements depend on the lender and loan type. Commonly requested documents may include identity, income, and address information.",curated_project_dataset,train,16,1
1778,Healthcare,medication_information,Can you give me information about a medicine? (request 94),"Please provide the medicine name. I can give general information, but medication decisions should be confirmed with a qualified healthcare professional.",curated_project_dataset,test,19,2
1779,E-commerce,return_order,Can I return my product? (request 59),"Return eligibility depends on the product, seller policy, and purchase date. Check the return policy associated with your order.",curated_project_dataset,train,24,0
1780,E-commerce,refund,My refund has not arrived.,"Please check the refund status and original payment method. If the stated processing period has passed, contact customer support with your order details.",curated_project_dataset,train,23,0
1781,Finance,transaction_issue,My transaction looks incorrect (request 66),"Please verify the amount, date, and transaction details. If you do not recognize or agree with the transaction, contact your bank promptly.",curated_project_dataset,train,27,1
1782,E-commerce,refund,How does a product refund work? (request 83),"After the return or cancellation is approved, the refund is generally processed to the original payment method, subject to the seller's policy.",curated_project_dataset,train,23,0
1783,E-commerce,refund,Can you help me with this? When will I get my refund?,Refund timing depends on the payment method and seller's processing time. Check your order's refund status for the latest update.,curated_project_dataset,train,23,0
1784,Healthcare,appointment_reschedule,Can I change my appointment time? (request 37),"Yes. If another slot is available, you can reschedule the appointment from your booking details.",curated_project_dataset,test,3,2
1785,Healthcare,prescription,How do I view my prescription? (request 52),"If your provider offers online records, sign in to your healthcare account and open the prescription or medication section.",curated_project_dataset,train,21,2
1786,Healthcare,prescription,I need help with this: Where can I find my prescription?,Your prescription may be available in your healthcare account or provided by your doctor. Check your medical records or contact the clinic.,curated_project_dataset,train,21,2
1787,Finance,card_payment,I cannot pay with my card (request 47),"Verify that your card is active and has sufficient funds. If payments continue to fail, contact your card issuer.",curated_project_dataset,train,7,1
1788,E-commerce,return_order,How do I return a product? (request 33),"Open your order details, select the return option if eligible, choose a return reason, and follow the provided instructions.",curated_project_dataset,train,24,0
1789,E-commerce,cancel_order,Please cancel my order (request 39),I can guide you through cancellation. Check your order details for the Cancel Order option.,curated_project_dataset,test,6,0
1790,Healthcare,medical_report,I want to know: Where can I see my medical report?,"If digital records are available, check your healthcare account or patient portal. Otherwise, contact the healthcare provider that performed the test.",curated_project_dataset,train,18,2
1791,Healthcare,medical_report,How do I download my lab report? (request 36),"If online access is provided, sign in to the patient portal and look under reports or test results.",curated_project_dataset,train,18,2
1792,Finance,bank_account,What documents are needed to open an account? (request 54),Requirements vary by bank and account type. Check the bank's official documentation for current identity and address requirements.,curated_project_dataset,train,5,1
1793,E-commerce,damaged_product,I received a broken product (request 51),Please report the issue promptly through your order support or return process and provide clear photos of the damage.,curated_project_dataset,train,10,0
1794,Healthcare,appointment_booking,Can I make an appointment for tomorrow? (request 59),"Yes, if appointments are available. Please select the doctor and check tomorrow's available time slots.",curated_project_dataset,train,1,2
1795,Healthcare,lab_test,I need information about a medical test (request 32),"Please provide the test name. Preparation, timing, and interpretation can vary by test.",curated_project_dataset,train,15,2
1796,E-commerce,cancel_order,Can I cancel my purchase? (request 82),Cancellation depends on the order status. Please open the order details and check whether the cancellation option is available.,curated_project_dataset,train,6,0
1797,Finance,balance_inquiry,Can I check my balance online?,Yes. Most banks provide balance information through their official online banking or mobile application.,curated_project_dataset,validation,4,1
1798,Healthcare,prescription,Where can I find my prescription? (request 93),Your prescription may be available in your healthcare account or provided by your doctor. Check your medical records or contact the clinic.,curated_project_dataset,train,21,2
1799,E-commerce,refund,I want to know my refund status.,Please provide your order details or check the refund section of your account for the latest status.,curated_project_dataset,train,23,0
1800,E-commerce,refund,I want to know my refund status (request 88),Please provide your order details or check the refund section of your account for the latest status.,curated_project_dataset,train,23,0
1801,Finance,bank_account,I need help with this: Can I open a bank account online? Can you guide me?,"Many banks offer online account opening, subject to eligibility and verification requirements. Check your bank's official website.",curated_project_dataset,train,5,1
1802,Finance,bank_account,I want to open a new bank account (request 31),Choose an appropriate account type and follow the bank's official application process. You may need identity and address documents.,curated_project_dataset,train,5,1
1803,E-commerce,wrong_product,My order contains a different product (request 46),Start a return or replacement request for the incorrect item and follow the seller's instructions.,curated_project_dataset,train,30,0
1804,Healthcare,emergency_guidance,This feels like an emergency (request 40),"Please seek immediate emergency medical assistance. If possible, have someone stay with you while help is arranged.",curated_project_dataset,train,12,2
1805,Finance,loan_information,How can I apply for a loan? (request 89),"Loan eligibility, documents, interest rates, and application procedures vary by lender. Check the lender's official application process.",curated_project_dataset,validation,16,1
1806,E-commerce,return_order,I want to return something I bought (request 50),You can request a return from the order details if the item meets the seller's return conditions.,curated_project_dataset,test,24,0
1807,Healthcare,emergency_guidance,What should I do in a medical emergency? (request 5),"For a serious or life-threatening emergency, seek immediate emergency medical care or contact your local emergency service. Do not rely on a chatbot for emergency treatment.",curated_project_dataset,train,12,2
1808,Finance,cash_withdrawal,My ATM transaction failed (request 44),Check your account and ATM transaction status. Contact your bank if money was debited or the issue continues.,curated_project_dataset,test,8,1
1809,E-commerce,return_order,What is the process for returning an item? (request 80),"Start a return request from your order details, select the reason, and follow the packaging and pickup or drop-off instructions.",curated_project_dataset,validation,24,0
1810,Finance,card_payment,I cannot pay with my card.,"Verify that your card is active and has sufficient funds. If payments continue to fail, contact your card issuer.",curated_project_dataset,train,7,1
1811,Finance,fraud_transaction,I think my account has been compromised (request 60),"Contact your bank immediately through an official channel, secure your account credentials, and follow its instructions for protecting the account.",curated_project_dataset,train,13,1
1812,Finance,transfer_failed,I cannot send money (request 27),"Verify the recipient details and available balance, then try again. If the transfer still fails, contact your bank.",curated_project_dataset,train,28,1
1813,Finance,transaction_issue,I need help with a bank transaction (request 88),Please check the transaction status and reference number. Your bank can investigate account-specific transaction issues.,curated_project_dataset,train,27,1
1814,Finance,transfer_pending,My bank transfer has not completed (request 43),"Please check the transfer status and expected processing time. If it remains pending longer than expected, contact your bank.",curated_project_dataset,train,29,1
1815,E-commerce,cancel_order,Please cancel my order (request 43),I can guide you through cancellation. Check your order details for the Cancel Order option.,curated_project_dataset,train,6,0
1816,Finance,transaction_issue,My transaction looks incorrect (request 82),"Please verify the amount, date, and transaction details. If you do not recognize or agree with the transaction, contact your bank promptly.",curated_project_dataset,train,27,1
1817,Healthcare,medical_report,I need help with this: I received my test report. What does it mean?,"Please discuss the report with your healthcare professional, who can interpret the findings using your clinical history and examination.",curated_project_dataset,validation,18,2
1818,Finance,bank_account,What documents are needed to open an account? (request 42),Requirements vary by bank and account type. Check the bank's official documentation for current identity and address requirements.,curated_project_dataset,train,5,1
1819,E-commerce,track_order,I need help with this: What is the status of my order?,Please provide your order number so the current delivery status can be checked.,curated_project_dataset,train,26,0
1820,Healthcare,medical_report,Can you explain my medical report? (request 46),"I can explain general medical terminology, but a healthcare professional should interpret your results in the context of your symptoms and medical history.",curated_project_dataset,train,18,2
1821,E-commerce,product_information,Where can I find product specifications? (request 47),Product specifications are usually listed on the product page under the description or specifications section.,curated_project_dataset,train,22,0
1822,Finance,transaction_issue,My transaction looks incorrect (request 58),"Please verify the amount, date, and transaction details. If you do not recognize or agree with the transaction, contact your bank promptly.",curated_project_dataset,test,27,1
1823,Finance,transfer_pending,My bank transfer has not completed (request 47),"Please check the transfer status and expected processing time. If it remains pending longer than expected, contact your bank.",curated_project_dataset,test,29,1
1824,Healthcare,prescription,Please help me: Can I get a copy of my prescription?,"You can request a copy from your prescribing doctor or healthcare provider, subject to their procedures.",curated_project_dataset,test,21,2
1825,Healthcare,appointment_booking,I need to schedule a consultation (request 82),Sure. Please choose the required doctor or specialty and select an available appointment slot.,curated_project_dataset,validation,1,2
1826,Finance,bank_account,What documents are needed to open an account? (request 62),Requirements vary by bank and account type. Check the bank's official documentation for current identity and address requirements.,curated_project_dataset,train,5,1
1827,E-commerce,refund,When will I get my refund? (request 9),Refund timing depends on the payment method and seller's processing time. Check your order's refund status for the latest update.,curated_project_dataset,train,23,0
1828,Finance,card_payment,My debit card payment did not work (request 96),"Please check your card balance and status. If the issue continues, contact your bank for assistance.",curated_project_dataset,train,7,1
1829,Healthcare,emergency_guidance,When should I seek emergency care? (request 15),"Emergency care may be needed for severe or rapidly worsening symptoms. When in doubt about a potentially serious condition, seek immediate professional medical help.",curated_project_dataset,train,12,2
1830,E-commerce,payment_failed,Please help me: My payment failed.,"Please verify your payment details, available funds, and any bank authentication requirements, then try again.",curated_project_dataset,train,20,0
1831,E-commerce,delivery_time,Do you offer fast delivery? (request 48),"Available delivery speeds depend on the product, seller, location, and shipping options shown at checkout.",curated_project_dataset,train,11,0
1832,Finance,loan_information,How can I apply for a loan? (request 61),"Loan eligibility, documents, interest rates, and application procedures vary by lender. Check the lender's official application process.",curated_project_dataset,train,16,1
1833,E-commerce,cancel_order,Please help me: I want to cancel my order.,"If the order has not shipped, you may be able to cancel it from your order details. Once shipped, cancellation may no longer be available.",curated_project_dataset,test,6,0
1834,Healthcare,appointment_cancel,Can I cancel my appointment today? (request 51),"Yes, if cancellation is allowed by the provider. Please check your appointment details for the applicable cancellation policy.",curated_project_dataset,train,2,2
1835,Finance,loan_information,What documents are required for a loan? (request 27),"Requirements depend on the lender and loan type. Commonly requested documents may include identity, income, and address information.",curated_project_dataset,train,16,1
1836,Healthcare,medical_report,I received my test report. What does it mean? (request 75),"Please discuss the report with your healthcare professional, who can interpret the findings using your clinical history and examination.",curated_project_dataset,test,18,2
1837,Healthcare,symptoms_information,Can you tell me what my symptoms mean? (request 30),Symptoms can have many possible causes. Please consult a healthcare professional for an appropriate evaluation rather than relying on a chatbot for diagnosis.,curated_project_dataset,train,25,2
1838,Healthcare,appointment_booking,I need help with this: Can I make an appointment for tomorrow?,"Yes, if appointments are available. Please select the doctor and check tomorrow's available time slots.",curated_project_dataset,train,1,2
1839,Healthcare,emergency_guidance,This feels like an emergency (request 44),"Please seek immediate emergency medical assistance. If possible, have someone stay with you while help is arranged.",curated_project_dataset,train,12,2
1840,Healthcare,health_insurance,I need help with this: Can I use insurance for my hospital visit?,This depends on your plan and the healthcare provider. Confirm eligibility and any pre-authorization requirements with your insurer.,curated_project_dataset,train,14,2
1841,Healthcare,medical_report,I received my test report. What does it mean? (request 35),"Please discuss the report with your healthcare professional, who can interpret the findings using your clinical history and examination.",curated_project_dataset,test,18,2
1842,Healthcare,emergency_guidance,I have a severe medical problem. What should I do? (request 10),"Seek urgent medical attention immediately, especially if symptoms are severe, sudden, or life-threatening.",curated_project_dataset,train,12,2
1843,Healthcare,medication_information,What is this medicine used for? (request 69),Medication uses depend on the specific medicine and your circumstances. Check the medicine label or consult a pharmacist or doctor for reliable guidance.,curated_project_dataset,train,19,2
1844,Healthcare,appointment_cancel,I need to cancel my doctor's appointment (request 82),Please open your appointment details and select the cancellation option. Check the provider's cancellation policy for any applicable conditions.,curated_project_dataset,train,2,2
1845,Healthcare,appointment_cancel,How do I cancel my appointment? (request 65),"You can cancel the appointment from your booking details. If cancellation is unavailable online, contact the healthcare provider.",curated_project_dataset,train,2,2
1846,E-commerce,product_information,Can you help me with this? Is this item available?,Check the product page for the latest stock status. Availability can change quickly.,curated_project_dataset,test,22,0
1847,Healthcare,medication_information,I want information about my medication (request 52),Please share the medicine name if you want general information. Do not change the prescribed dose without consulting your healthcare professional.,curated_project_dataset,train,19,2
1848,Healthcare,medication_information,How should I learn about my prescribed medicine? (request 91),"Review the prescription and medication leaflet, and ask your doctor or pharmacist about dosage, interactions, and precautions.",curated_project_dataset,train,19,2
1849,Finance,transfer_pending,Can you help me with this? My money transfer is pending. Can you guide me?,Pending transfers can take time depending on the bank and transfer type. Please check the transaction status and contact your bank if it remains pending beyond the expected processing period.,curated_project_dataset,train,29,1
1850,E-commerce,cancel_order,How do I stop an order before it ships? (request 44),Open your order details and select cancellation if the option is still available.,curated_project_dataset,train,6,0
1851,E-commerce,refund,I want to know: I want to know my refund status.,Please provide your order details or check the refund section of your account for the latest status.,curated_project_dataset,train,23,0
1852,Finance,balance_inquiry,I want to know my bank balance (request 43),Please check the balance section of your official banking app or online banking account.,curated_project_dataset,test,4,1
1853,E-commerce,cancel_order,How do I stop an order before it ships? (request 12),Open your order details and select cancellation if the option is still available.,curated_project_dataset,train,6,0
1854,Finance,credit_card,How do I pay my credit card bill? (request 55),"You can usually pay through the issuer's official app, online banking, bank transfer, or another supported payment method.",curated_project_dataset,train,9,1
1855,E-commerce,account_issue,I forgot my account password (request 78),Use the password-reset option associated with your account email or phone number.,curated_project_dataset,train,0,0
1856,E-commerce,payment_failed,Why was my online payment declined? (request 42),"A payment can fail because of incorrect details, bank restrictions, insufficient funds, or security checks. Contact your bank if the problem continues.",curated_project_dataset,train,20,0
1857,E-commerce,wrong_product,My order contains a different product (request 90),Start a return or replacement request for the incorrect item and follow the seller's instructions.,curated_project_dataset,train,30,0
1858,E-commerce,track_order,I want to know: What is the status of my order?,Please provide your order number so the current delivery status can be checked.,curated_project_dataset,train,26,0
1859,E-commerce,delivery_time,Do you offer fast delivery? (request 28),"Available delivery speeds depend on the product, seller, location, and shipping options shown at checkout.",curated_project_dataset,train,11,0
1860,E-commerce,delivery_time,When will my order be delivered? (request 33),The estimated delivery date is usually shown in your order details and may depend on your location and shipping method.,curated_project_dataset,train,11,0
1861,E-commerce,track_order,What is the status of my order? (request 75),Please provide your order number so the current delivery status can be checked.,curated_project_dataset,train,26,0
1862,Healthcare,prescription,I lost my prescription. What should I do? (request 79),Contact the prescribing healthcare provider or pharmacist. They can advise whether a replacement or copy can be issued.,curated_project_dataset,train,21,2
1863,Finance,loan_information,How do I check loan eligibility? (request 28),"Eligibility depends on the lender's criteria, which may include income, credit history, employment, and existing obligations.",curated_project_dataset,train,16,1
1864,Finance,transaction_issue,My transaction looks incorrect (request 46),"Please verify the amount, date, and transaction details. If you do not recognize or agree with the transaction, contact your bank promptly.",curated_project_dataset,train,27,1
1865,Finance,balance_inquiry,Can I check my balance online? (request 64),Yes. Most banks provide balance information through their official online banking or mobile application.,curated_project_dataset,train,4,1
1866,Finance,transaction_issue,Why is my transaction not showing?,Transaction updates can take time depending on the transaction type. Check again later and contact your bank if the expected posting time has passed.,curated_project_dataset,train,27,1
1867,Healthcare,symptoms_information,I want information about my symptoms (request 28),"I can provide general health information, but a clinician should evaluate symptoms to determine the appropriate diagnosis and treatment.",curated_project_dataset,train,25,2
1868,E-commerce,damaged_product,I received a broken product (request 91),Please report the issue promptly through your order support or return process and provide clear photos of the damage.,curated_project_dataset,train,10,0
1869,Healthcare,medication_information,How should I learn about my prescribed medicine? (request 43),"Review the prescription and medication leaflet, and ask your doctor or pharmacist about dosage, interactions, and precautions.",curated_project_dataset,validation,19,2
1870,E-commerce,wrong_product,The product I received is not what I ordered (request 59),Please report the mismatch through customer support or the order return process so the issue can be investigated.,curated_project_dataset,train,30,0
1871,Finance,transfer_failed,I cannot send money (request 71),"Verify the recipient details and available balance, then try again. If the transfer still fails, contact your bank.",curated_project_dataset,train,28,1
1872,Finance,credit_card,How can I apply for a credit card? (request 33),Credit-card eligibility and application requirements vary by issuer. Check the issuer's official application process and terms.,curated_project_dataset,train,9,1
1873,Healthcare,health_insurance,Does my health insurance cover this treatment? (request 33),"Coverage depends on your insurance plan, provider network, and policy terms. Check your policy or contact your insurer for confirmation.",curated_project_dataset,train,14,2
1874,Finance,transaction_issue,Why is my transaction not showing? (request 75),Transaction updates can take time depending on the transaction type. Check again later and contact your bank if the expected posting time has passed.,curated_project_dataset,validation,27,1
1875,Finance,transfer_failed,The transfer was unsuccessful.,Please review the transaction details and any error message. Your bank can provide the exact reason if the transaction was rejected.,curated_project_dataset,train,28,1
1876,E-commerce,payment_failed,Please help me: I cannot complete my payment.,"Check the payment method and billing details, then retry. If it still fails, try another supported payment method.",curated_project_dataset,train,20,0
1877,E-commerce,return_order,I want to return something I bought.,You can request a return from the order details if the item meets the seller's return conditions.,curated_project_dataset,train,24,0
1878,Finance,transaction_issue,I want to know: Why is my transaction not showing? Can you guide me?,Transaction updates can take time depending on the transaction type. Check again later and contact your bank if the expected posting time has passed.,curated_project_dataset,test,27,1
1879,E-commerce,payment_failed,My card payment did not go through (request 100),Please verify your card details and contact your bank if the transaction continues to be declined.,curated_project_dataset,test,20,0
1880,Finance,credit_card,What is my credit card limit? (request 78),"Your current credit limit is available through your card issuer's official app, online account, statement, or customer service.",curated_project_dataset,train,9,1
1881,Healthcare,appointment_booking,Can I make an appointment for tomorrow? (request 87),"Yes, if appointments are available. Please select the doctor and check tomorrow's available time slots.",curated_project_dataset,train,1,2
1882,E-commerce,payment_failed,My card payment did not go through.,Please verify your card details and contact your bank if the transaction continues to be declined.,curated_project_dataset,train,20,0
1883,Finance,fraud_transaction,There is a suspicious transaction on my account (request 27),Review the transaction and report it to your bank promptly if you did not authorize it. Use only official banking contact channels.,curated_project_dataset,train,13,1
1884,E-commerce,payment_failed,Why was my online payment declined? (request 82),"A payment can fail because of incorrect details, bank restrictions, insufficient funds, or security checks. Contact your bank if the problem continues.",curated_project_dataset,train,20,0
1885,Healthcare,medical_report,Can you explain my medical report? (request 78),"I can explain general medical terminology, but a healthcare professional should interpret your results in the context of your symptoms and medical history.",curated_project_dataset,train,18,2
1886,Healthcare,medical_report,How do I download my lab report? (request 100),"If online access is provided, sign in to the patient portal and look under reports or test results.",curated_project_dataset,train,18,2
1887,E-commerce,delivery_time,Can I know the expected delivery date? (request 67),Yes. Check your order details for the current estimated delivery date.,curated_project_dataset,train,11,0
1888,Healthcare,appointment_booking,Can I make an appointment for tomorrow? (request 55),"Yes, if appointments are available. Please select the doctor and check tomorrow's available time slots.",curated_project_dataset,train,1,2
1889,Finance,transaction_issue,Why is my transaction not showing? (request 63),Transaction updates can take time depending on the transaction type. Check again later and contact your bank if the expected posting time has passed.,curated_project_dataset,train,27,1
1890,E-commerce,return_order,What is the process for returning an item? (request 88),"Start a return request from your order details, select the reason, and follow the packaging and pickup or drop-off instructions.",curated_project_dataset,test,24,0
1891,E-commerce,delivery_time,Do you offer fast delivery? (request 68),"Available delivery speeds depend on the product, seller, location, and shipping options shown at checkout.",curated_project_dataset,train,11,0
1892,Finance,cash_withdrawal,Why did my cash withdrawal fail? (request 87),"A withdrawal may fail because of insufficient funds, card restrictions, ATM issues, or withdrawal limits.",curated_project_dataset,train,8,1
1893,Finance,transfer_failed,I cannot send money (request 55),"Verify the recipient details and available balance, then try again. If the transfer still fails, contact your bank.",curated_project_dataset,train,28,1
1894,E-commerce,damaged_product,What should I do if my item is damaged?,"Keep the product and packaging, document the damage with photos, and submit a damage claim or return request through the order details.",curated_project_dataset,train,10,0
1895,E-commerce,return_order,I want to return something I bought (request 46),You can request a return from the order details if the item meets the seller's return conditions.,curated_project_dataset,validation,24,0
1896,Healthcare,appointment_cancel,I need help with this: I need to cancel my doctor's appointment.,Please open your appointment details and select the cancellation option. Check the provider's cancellation policy for any applicable conditions.,curated_project_dataset,train,2,2
1897,Finance,credit_card,I want to know: How do I pay my credit card bill? Can you guide me?,"You can usually pay through the issuer's official app, online banking, bank transfer, or another supported payment method.",curated_project_dataset,train,9,1
1898,Healthcare,emergency_guidance,This feels like an emergency (request 88),"Please seek immediate emergency medical assistance. If possible, have someone stay with you while help is arranged.",curated_project_dataset,train,12,2
1899,Healthcare,prescription,Can I get a copy of my prescription?,"You can request a copy from your prescribing doctor or healthcare provider, subject to their procedures.",curated_project_dataset,train,21,2
1900,Finance,credit_card,I need help with my credit card (request 92),"Please specify whether you need help with payments, limits, transactions, fees, or card access so the appropriate guidance can be provided.",curated_project_dataset,validation,9,1
1901,E-commerce,track_order,Can you help me with this? How can I track my package?,Use the tracking link in your order details or provide your order number to check the shipment status.,curated_project_dataset,train,26,0
1902,E-commerce,cancel_order,Please cancel my order (request 99),I can guide you through cancellation. Check your order details for the Cancel Order option.,curated_project_dataset,train,6,0
1903,E-commerce,refund,How does a product refund work? (request 95),"After the return or cancellation is approved, the refund is generally processed to the original payment method, subject to the seller's policy.",curated_project_dataset,train,23,0
1904,Healthcare,prescription,Can I get a copy of my prescription? (request 90),"You can request a copy from your prescribing doctor or healthcare provider, subject to their procedures.",curated_project_dataset,train,21,2
1905,Healthcare,medical_report,Where can I see my medical report? (request 69),"If digital records are available, check your healthcare account or patient portal. Otherwise, contact the healthcare provider that performed the test.",curated_project_dataset,train,18,2
1906,Healthcare,appointment_booking,I need to schedule a consultation (request 18),Sure. Please choose the required doctor or specialty and select an available appointment slot.,curated_project_dataset,test,1,2
1907,E-commerce,track_order,What is the status of my order? (request 43),Please provide your order number so the current delivery status can be checked.,curated_project_dataset,train,26,0
1908,E-commerce,payment_failed,My card payment did not go through (request 48),Please verify your card details and contact your bank if the transaction continues to be declined.,curated_project_dataset,train,20,0
1909,Finance,card_payment,My debit card payment did not work (request 64),"Please check your card balance and status. If the issue continues, contact your bank for assistance.",curated_project_dataset,test,7,1
1910,Healthcare,appointment_reschedule,I need to reschedule my doctor's visit (request 86),"Open your appointment and select Reschedule, then choose another available date and time.",curated_project_dataset,validation,3,2
1911,Finance,bank_account,I want to open a new bank account (request 39),Choose an appropriate account type and follow the bank's official application process. You may need identity and address documents.,curated_project_dataset,train,5,1
1912,Healthcare,medication_information,What is this medicine used for? (request 29),Medication uses depend on the specific medicine and your circumstances. Check the medicine label or consult a pharmacist or doctor for reliable guidance.,curated_project_dataset,train,19,2
1913,E-commerce,refund,When will I get my refund? (request 29),Refund timing depends on the payment method and seller's processing time. Check your order's refund status for the latest update.,curated_project_dataset,train,23,0
1914,E-commerce,account_issue,I cannot access my shopping account (request 49),"Use the account recovery or password-reset option. If you still cannot sign in, contact customer support through the official channel.",curated_project_dataset,train,0,0
1915,Healthcare,lab_test,Where can I get my blood test done? (request 70),You can use an authorized laboratory or collection center. Follow the test-specific preparation instructions provided by your healthcare provider.,curated_project_dataset,train,15,2
1916,Healthcare,appointment_booking,I want to see a doctor (request 32),I can help you schedule a consultation. Please provide the medical specialty or doctor you want to visit.,curated_project_dataset,train,1,2
1917,E-commerce,refund,My refund has not arrived (request 42),"Please check the refund status and original payment method. If the stated processing period has passed, contact customer support with your order details.",curated_project_dataset,train,23,0
1918,Healthcare,medical_report,I received my test report. What does it mean? (request 23),"Please discuss the report with your healthcare professional, who can interpret the findings using your clinical history and examination.",curated_project_dataset,train,18,2
1919,Healthcare,emergency_guidance,This feels like an emergency (request 52),"Please seek immediate emergency medical assistance. If possible, have someone stay with you while help is arranged.",curated_project_dataset,validation,12,2
1920,E-commerce,account_issue,How do I update my account details? (request 15),"Open your account settings and edit the available profile information, then save the changes.",curated_project_dataset,train,0,0
1921,Finance,balance_inquiry,How can I check my balance? (request 94),Use your bank's official app or online banking service to view your current account balance.,curated_project_dataset,train,4,1
1922,Healthcare,appointment_reschedule,I want to know: Can I move my appointment to next week?,You can reschedule if the provider has an available slot next week.,curated_project_dataset,train,3,2
1923,Healthcare,emergency_guidance,I have a severe medical problem. What should I do? (request 90),"Seek urgent medical attention immediately, especially if symptoms are severe, sudden, or life-threatening.",curated_project_dataset,train,12,2
1924,E-commerce,cancel_order,I want to cancel my order (request 65),"If the order has not shipped, you may be able to cancel it from your order details. Once shipped, cancellation may no longer be available.",curated_project_dataset,train,6,0
1925,Finance,loan_information,How can I apply for a loan? (request 93),"Loan eligibility, documents, interest rates, and application procedures vary by lender. Check the lender's official application process.",curated_project_dataset,train,16,1
1926,Finance,transfer_pending,Please help me: Why is my transfer still pending? Can you guide me?,A transfer may remain pending while the bank processes or verifies it. Check the transaction details for the expected processing time.,curated_project_dataset,train,29,1
1927,Healthcare,symptoms_information,I have been feeling unwell. What should I do? (request 27),"If symptoms are mild, monitor them and consider contacting a healthcare professional. Seek urgent medical care if symptoms are severe or rapidly worsening.",curated_project_dataset,train,25,2
1928,Healthcare,prescription,Where can I find my prescription? (request 61),Your prescription may be available in your healthcare account or provided by your doctor. Check your medical records or contact the clinic.,curated_project_dataset,validation,21,2
1929,E-commerce,refund,I want to know my refund status (request 84),Please provide your order details or check the refund section of your account for the latest status.,curated_project_dataset,train,23,0
1930,E-commerce,damaged_product,My product arrived damaged (request 25),"Please take photos of the damaged item and packaging, then report the issue through the order's return or support process as soon as possible.",curated_project_dataset,train,10,0
1931,E-commerce,track_order,What is the status of my order? (request 87),Please provide your order number so the current delivery status can be checked.,curated_project_dataset,train,26,0
1932,Finance,bank_account,Can I open a bank account online? (request 84),"Many banks offer online account opening, subject to eligibility and verification requirements. Check your bank's official website.",curated_project_dataset,validation,5,1
1933,Healthcare,symptoms_information,Can you tell me what my symptoms mean? (request 42),Symptoms can have many possible causes. Please consult a healthcare professional for an appropriate evaluation rather than relying on a chatbot for diagnosis.,curated_project_dataset,train,25,2
1934,E-commerce,delivery_time,How long does delivery take? (request 54),"Delivery time varies by location, seller, and shipping option. Check the estimated delivery date shown during checkout or in your order.",curated_project_dataset,validation,11,0
1935,Healthcare,appointment_cancel,Please cancel my consultation (request 48),I can guide you through cancellation. Open the appointment record and choose Cancel Appointment.,curated_project_dataset,train,2,2
1936,Finance,transaction_issue,I need help with a bank transaction (request 40),Please check the transaction status and reference number. Your bank can investigate account-specific transaction issues.,curated_project_dataset,train,27,1
1937,Finance,card_payment,Can you help me with this? My card payment was declined. Can you guide me?,"Check your card status, available funds, payment details, and any bank security restrictions. Contact your bank if the decline continues.",curated_project_dataset,test,7,1
1938,E-commerce,cancel_order,Can you help me with this? How do I stop an order before it ships?,Open your order details and select cancellation if the option is still available.,curated_project_dataset,train,6,0
1939,Healthcare,health_insurance,Does my health insurance cover this treatment? (request 49),"Coverage depends on your insurance plan, provider network, and policy terms. Check your policy or contact your insurer for confirmation.",curated_project_dataset,validation,14,2
1940,Healthcare,emergency_guidance,When should I seek emergency care? (request 67),"Emergency care may be needed for severe or rapidly worsening symptoms. When in doubt about a potentially serious condition, seek immediate professional medical help.",curated_project_dataset,train,12,2
1941,E-commerce,track_order,Where is my order? (request 73),I can help with order tracking. Please provide your order number or tracking details.,curated_project_dataset,train,26,0
1942,Finance,card_payment,My card payment was declined (request 65),"Check your card status, available funds, payment details, and any bank security restrictions. Contact your bank if the decline continues.",curated_project_dataset,train,7,1
1943,E-commerce,account_issue,Can you help me with this? I forgot my account password.,Use the password-reset option associated with your account email or phone number.,curated_project_dataset,train,0,0
1944,Healthcare,appointment_cancel,Please cancel my consultation (request 56),I can guide you through cancellation. Open the appointment record and choose Cancel Appointment.,curated_project_dataset,train,2,2
1945,Healthcare,lab_test,Where can I get my blood test done? (request 66),You can use an authorized laboratory or collection center. Follow the test-specific preparation instructions provided by your healthcare provider.,curated_project_dataset,train,15,2
1946,Healthcare,lab_test,Where can I get my blood test done? (request 62),You can use an authorized laboratory or collection center. Follow the test-specific preparation instructions provided by your healthcare provider.,curated_project_dataset,train,15,2
1947,E-commerce,track_order,What is the status of my order?,Please provide your order number so the current delivery status can be checked.,curated_project_dataset,train,26,0
1948,Finance,transaction_issue,My transaction looks incorrect (request 42),"Please verify the amount, date, and transaction details. If you do not recognize or agree with the transaction, contact your bank promptly.",curated_project_dataset,validation,27,1
1949,Finance,cash_withdrawal,Can you help me with this? I could not withdraw cash. Can you guide me?,"Check whether your card is active and whether you have sufficient available balance. If the ATM charged you without dispensing cash, contact your bank promptly.",curated_project_dataset,train,8,1
1950,Healthcare,appointment_cancel,How do I cancel my appointment? (request 77),"You can cancel the appointment from your booking details. If cancellation is unavailable online, contact the healthcare provider.",curated_project_dataset,train,2,2
1951,Finance,bank_account,I want to open a new bank account (request 55),Choose an appropriate account type and follow the bank's official application process. You may need identity and address documents.,curated_project_dataset,validation,5,1
1952,E-commerce,wrong_product,I got the wrong product. What should I do? (request 80),"Keep the item and packaging, then submit an incorrect-item request through your order details.",curated_project_dataset,test,30,0
1953,E-commerce,product_information,How can I get information about a product? (request 25),"Open the product page to view its description, specifications, availability, price, and seller information.",curated_project_dataset,train,22,0
1954,Finance,credit_card,I need help with this: What is my credit card limit? Can you guide me?,"Your current credit limit is available through your card issuer's official app, online account, statement, or customer service.",curated_project_dataset,train,9,1
1955,E-commerce,return_order,What is the process for returning an item?,"Start a return request from your order details, select the reason, and follow the packaging and pickup or drop-off instructions.",curated_project_dataset,train,24,0
1956,Healthcare,appointment_booking,How can I book a doctor appointment? (request 25),"You can book an appointment by selecting a doctor, choosing an available date and time, and confirming the booking.",curated_project_dataset,test,1,2
1957,Finance,credit_card,Please help me: How do I pay my credit card bill? Can you guide me?,"You can usually pay through the issuer's official app, online banking, bank transfer, or another supported payment method.",curated_project_dataset,train,9,1
1958,Finance,credit_card,Can you help me with this? What is my credit card limit? Can you guide me?,"Your current credit limit is available through your card issuer's official app, online account, statement, or customer service.",curated_project_dataset,train,9,1
1959,Finance,transfer_pending,Why is my transfer still pending? (request 78),A transfer may remain pending while the bank processes or verifies it. Check the transaction details for the expected processing time.,curated_project_dataset,validation,29,1
1960,Finance,balance_inquiry,Can I check my balance online? (request 100),Yes. Most banks provide balance information through their official online banking or mobile application.,curated_project_dataset,train,4,1
1961,Healthcare,health_insurance,I need information about health insurance (request 76),"Please specify whether you need help with coverage, claims, eligibility, or policy information so the appropriate guidance can be provided.",curated_project_dataset,train,14,2
1962,Finance,credit_card,I need help with my credit card (request 100),"Please specify whether you need help with payments, limits, transactions, fees, or card access so the appropriate guidance can be provided.",curated_project_dataset,train,9,1
1963,Healthcare,emergency_guidance,When should I seek emergency care? (request 39),"Emergency care may be needed for severe or rapidly worsening symptoms. When in doubt about a potentially serious condition, seek immediate professional medical help.",curated_project_dataset,train,12,2
1964,Finance,bank_account,What documents are needed to open an account? (request 98),Requirements vary by bank and account type. Check the bank's official documentation for current identity and address requirements.,curated_project_dataset,train,5,1
1965,E-commerce,product_information,How can I get information about a product? (request 53),"Open the product page to view its description, specifications, availability, price, and seller information.",curated_project_dataset,train,22,0
1966,Healthcare,symptoms_information,I have been feeling unwell. What should I do? (request 47),"If symptoms are mild, monitor them and consider contacting a healthcare professional. Seek urgent medical care if symptoms are severe or rapidly worsening.",curated_project_dataset,train,25,2
1967,Finance,cash_withdrawal,Please help me: My ATM transaction failed. Can you guide me?,Check your account and ATM transaction status. Contact your bank if money was debited or the issue continues.,curated_project_dataset,train,8,1
1968,Finance,fraud_transaction,I think my account has been compromised (request 72),"Contact your bank immediately through an official channel, secure your account credentials, and follow its instructions for protecting the account.",curated_project_dataset,train,13,1
1969,Finance,transfer_pending,Why is my transfer still pending? (request 38),A transfer may remain pending while the bank processes or verifies it. Check the transaction details for the expected processing time.,curated_project_dataset,train,29,1
1970,E-commerce,account_issue,How do I update my account details? (request 27),"Open your account settings and edit the available profile information, then save the changes.",curated_project_dataset,validation,0,0
1971,Healthcare,symptoms_information,Can you tell me what my symptoms mean? (request 86),Symptoms can have many possible causes. Please consult a healthcare professional for an appropriate evaluation rather than relying on a chatbot for diagnosis.,curated_project_dataset,train,25,2
1972,E-commerce,wrong_product,My order contains a different product (request 30),Start a return or replacement request for the incorrect item and follow the seller's instructions.,curated_project_dataset,train,30,0
1973,Finance,transfer_failed,Why did my transfer fail? (request 62),"Transfers can fail because of incorrect details, account restrictions, insufficient funds, or bank-side issues. Check the transaction information and contact your bank if needed.",curated_project_dataset,train,28,1
1974,Finance,cash_withdrawal,I want to know: I could not withdraw cash. Can you guide me?,"Check whether your card is active and whether you have sufficient available balance. If the ATM charged you without dispensing cash, contact your bank promptly.",curated_project_dataset,train,8,1
1975,Finance,transfer_failed,My money transfer failed (request 97),"Please check the transfer details and your account status. If the problem persists, contact your bank for the specific reason for failure.",curated_project_dataset,train,28,1
1976,Healthcare,appointment_reschedule,How can I change my consultation date? (request 44),Use the reschedule option in your appointment details and select a new available date.,curated_project_dataset,train,3,2
1977,Finance,transfer_pending,My bank transfer has not completed (request 87),"Please check the transfer status and expected processing time. If it remains pending longer than expected, contact your bank.",curated_project_dataset,validation,29,1
1978,E-commerce,wrong_product,The product I received is not what I ordered (request 27),Please report the mismatch through customer support or the order return process so the issue can be investigated.,curated_project_dataset,train,30,0
1979,Healthcare,emergency_guidance,What should I do in a medical emergency? (request 37),"For a serious or life-threatening emergency, seek immediate emergency medical care or contact your local emergency service. Do not rely on a chatbot for emergency treatment.",curated_project_dataset,train,12,2
1980,E-commerce,delivery_time,How long does delivery take? (request 90),"Delivery time varies by location, seller, and shipping option. Check the estimated delivery date shown during checkout or in your order.",curated_project_dataset,train,11,0
1981,Finance,cash_withdrawal,I could not withdraw cash (request 81),"Check whether your card is active and whether you have sufficient available balance. If the ATM charged you without dispensing cash, contact your bank promptly.",curated_project_dataset,train,8,1
1982,Healthcare,symptoms_information,Please help me: What should I do about these symptoms?,"I can provide general information, but symptoms alone cannot establish a diagnosis. For persistent, severe, or worrying symptoms, consult a qualified healthcare professional.",curated_project_dataset,train,25,2
1983,E-commerce,payment_failed,My card payment did not go through (request 60),Please verify your card details and contact your bank if the transaction continues to be declined.,curated_project_dataset,train,20,0
1984,Finance,fraud_transaction,Someone may have used my card (request 26),"Contact your card issuer immediately using the official number or app, secure your account, and follow the issuer's instructions for reporting suspected fraud.",curated_project_dataset,test,13,1
1985,Finance,transfer_failed,Please help me: The transfer was unsuccessful. Can you guide me?,Please review the transaction details and any error message. Your bank can provide the exact reason if the transaction was rejected.,curated_project_dataset,train,28,1
1986,E-commerce,refund,When will I get my refund? (request 33),Refund timing depends on the payment method and seller's processing time. Check your order's refund status for the latest update.,curated_project_dataset,train,23,0
1987,Healthcare,emergency_guidance,What should I do in a medical emergency? (request 69),"For a serious or life-threatening emergency, seek immediate emergency medical care or contact your local emergency service. Do not rely on a chatbot for emergency treatment.",curated_project_dataset,train,12,2
1988,E-commerce,payment_failed,I cannot complete my payment (request 55),"Check the payment method and billing details, then retry. If it still fails, try another supported payment method.",curated_project_dataset,train,20,0
1989,Healthcare,lab_test,How do I book a lab test? (request 61),"Select the required test, choose an available laboratory or collection service, and confirm the appointment if booking is available.",curated_project_dataset,train,15,2
1990,E-commerce,account_issue,How do I update my account details? (request 35),"Open your account settings and edit the available profile information, then save the changes.",curated_project_dataset,train,0,0
1991,Healthcare,emergency_guidance,This feels like an emergency (request 36),"Please seek immediate emergency medical assistance. If possible, have someone stay with you while help is arranged.",curated_project_dataset,train,12,2
1992,Healthcare,symptoms_information,I have been feeling unwell. What should I do? (request 71),"If symptoms are mild, monitor them and consider contacting a healthcare professional. Seek urgent medical care if symptoms are severe or rapidly worsening.",curated_project_dataset,train,25,2
1993,Healthcare,prescription,I lost my prescription. What should I do? (request 67),Contact the prescribing healthcare provider or pharmacist. They can advise whether a replacement or copy can be issued.,curated_project_dataset,train,21,2
1994,E-commerce,account_issue,I forgot my account password (request 74),Use the password-reset option associated with your account email or phone number.,curated_project_dataset,train,0,0
1995,E-commerce,wrong_product,The product I received is not what I ordered (request 55),Please report the mismatch through customer support or the order return process so the issue can be investigated.,curated_project_dataset,train,30,0
1996,E-commerce,track_order,Where is my order? (request 25),I can help with order tracking. Please provide your order number or tracking details.,curated_project_dataset,train,26,0
1997,Healthcare,health_insurance,Does my health insurance cover this treatment? (request 25),"Coverage depends on your insurance plan, provider network, and policy terms. Check your policy or contact your insurer for confirmation.",curated_project_dataset,train,14,2
1998,Healthcare,emergency_guidance,When should I seek emergency care? (request 83),"Emergency care may be needed for severe or rapidly worsening symptoms. When in doubt about a potentially serious condition, seek immediate professional medical help.",curated_project_dataset,train,12,2
1999,Finance,bank_account,How do I open a bank account? (request 73),"Account-opening requirements vary by bank. Check the bank's official website or branch for eligibility, documents, and application steps.",curated_project_dataset,train,5,1
2000,Finance,fraud_transaction,I do not recognize a transaction (request 57),"If you do not recognize a transaction, contact your bank or card issuer through its official channel immediately and follow its fraud-reporting process.",curated_project_dataset,train,13,1
2001,E-commerce,delivery_time,How long does delivery take? (request 46),"Delivery time varies by location, seller, and shipping option. Check the estimated delivery date shown during checkout or in your order.",curated_project_dataset,train,11,0
2002,Finance,cash_withdrawal,Why did my cash withdrawal fail? (request 83),"A withdrawal may fail because of insufficient funds, card restrictions, ATM issues, or withdrawal limits.",curated_project_dataset,train,8,1
2003,Finance,balance_inquiry,How can I check my balance? (request 46),Use your bank's official app or online banking service to view your current account balance.,curated_project_dataset,train,4,1
2004,Finance,transfer_failed,I want to know: I cannot send money. Can you guide me?,"Verify the recipient details and available balance, then try again. If the transfer still fails, contact your bank.",curated_project_dataset,train,28,1
2005,Healthcare,health_insurance,How can I check my medical insurance coverage? (request 14),Review your policy documents or contact the insurer using the official customer-service channel to confirm coverage.,curated_project_dataset,train,14,2
2006,E-commerce,damaged_product,My product arrived damaged (request 93),"Please take photos of the damaged item and packaging, then report the issue through the order's return or support process as soon as possible.",curated_project_dataset,train,10,0
2007,E-commerce,payment_failed,I cannot complete my payment (request 31),"Check the payment method and billing details, then retry. If it still fails, try another supported payment method.",curated_project_dataset,train,20,0
2008,Healthcare,medical_report,I received my test report. What does it mean? (request 79),"Please discuss the report with your healthcare professional, who can interpret the findings using your clinical history and examination.",curated_project_dataset,train,18,2
2009,E-commerce,damaged_product,What should I do if my item is damaged? (request 50),"Keep the product and packaging, document the damage with photos, and submit a damage claim or return request through the order details.",curated_project_dataset,validation,10,0
2010,E-commerce,refund,Please help me: When will I get my refund?,Refund timing depends on the payment method and seller's processing time. Check your order's refund status for the latest update.,curated_project_dataset,train,23,0
2011,Finance,transaction_issue,I need help with a bank transaction (request 100),Please check the transaction status and reference number. Your bank can investigate account-specific transaction issues.,curated_project_dataset,validation,27,1
2012,Finance,credit_card,I need help with my credit card (request 72),"Please specify whether you need help with payments, limits, transactions, fees, or card access so the appropriate guidance can be provided.",curated_project_dataset,train,9,1
2013,E-commerce,track_order,Where is my order? (request 53),I can help with order tracking. Please provide your order number or tracking details.,curated_project_dataset,train,26,0
2014,Finance,transaction_issue,My transaction looks incorrect. Can you guide me?,"Please verify the amount, date, and transaction details. If you do not recognize or agree with the transaction, contact your bank promptly.",curated_project_dataset,train,27,1
2015,E-commerce,track_order,How can I track my package? (request 14),Use the tracking link in your order details or provide your order number to check the shipment status.,curated_project_dataset,train,26,0
2016,E-commerce,account_issue,I cannot access my shopping account (request 29),"Use the account recovery or password-reset option. If you still cannot sign in, contact customer support through the official channel.",curated_project_dataset,train,0,0
2017,E-commerce,payment_failed,Why was my online payment declined?,"A payment can fail because of incorrect details, bank restrictions, insufficient funds, or security checks. Contact your bank if the problem continues.",curated_project_dataset,train,20,0
2018,E-commerce,wrong_product,I want to know: The product I received is not what I ordered.,Please report the mismatch through customer support or the order return process so the issue can be investigated.,curated_project_dataset,train,30,0
2019,Finance,balance_inquiry,Can I check my balance online? (request 48),Yes. Most banks provide balance information through their official online banking or mobile application.,curated_project_dataset,train,4,1
2020,Finance,card_payment,Why did my card payment fail? (request 94),"A card payment may fail because of insufficient funds, incorrect details, security checks, or merchant restrictions.",curated_project_dataset,validation,7,1
2021,Finance,cash_withdrawal,My ATM transaction failed (request 92),Check your account and ATM transaction status. Contact your bank if money was debited or the issue continues.,curated_project_dataset,train,8,1
2022,Healthcare,appointment_cancel,Can I cancel my appointment today? (request 27),"Yes, if cancellation is allowed by the provider. Please check your appointment details for the applicable cancellation policy.",curated_project_dataset,train,2,2
2023,Finance,transfer_pending,When will my pending transfer be completed? (request 92),Processing time varies by bank and transfer type. Check the transaction status for the latest update.,curated_project_dataset,train,29,1
2024,Finance,transfer_failed,I cannot send money (request 35),"Verify the recipient details and available balance, then try again. If the transfer still fails, contact your bank.",curated_project_dataset,train,28,1
2025,Healthcare,health_insurance,I need information about health insurance (request 88),"Please specify whether you need help with coverage, claims, eligibility, or policy information so the appropriate guidance can be provided.",curated_project_dataset,train,14,2
2026,Finance,card_payment,My card payment was declined (request 57),"Check your card status, available funds, payment details, and any bank security restrictions. Contact your bank if the decline continues.",curated_project_dataset,train,7,1
2027,E-commerce,refund,I want to know my refund status (request 48),Please provide your order details or check the refund section of your account for the latest status.,curated_project_dataset,train,23,0
2028,E-commerce,track_order,I need help with this: My order has not arrived yet.,"Please check the latest tracking update first. If the expected delivery date has passed, contact customer support with your order number.",curated_project_dataset,test,26,0
2029,Healthcare,symptoms_information,I want information about my symptoms (request 56),"I can provide general health information, but a clinician should evaluate symptoms to determine the appropriate diagnosis and treatment.",curated_project_dataset,validation,25,2
2030,E-commerce,track_order,My order has not arrived yet.,"Please check the latest tracking update first. If the expected delivery date has passed, contact customer support with your order number.",curated_project_dataset,train,26,0
2031,E-commerce,payment_failed,My card payment did not go through (request 84),Please verify your card details and contact your bank if the transaction continues to be declined.,curated_project_dataset,train,20,0
2032,Healthcare,lab_test,Do I need an appointment for a lab test? (request 83),It depends on the laboratory and test. Check the laboratory's booking requirements before visiting.,curated_project_dataset,validation,15,2
2033,Healthcare,health_insurance,I need information about health insurance (request 28),"Please specify whether you need help with coverage, claims, eligibility, or policy information so the appropriate guidance can be provided.",curated_project_dataset,train,14,2
2034,Finance,credit_card,How do I pay my credit card bill? (request 51),"You can usually pay through the issuer's official app, online banking, bank transfer, or another supported payment method.",curated_project_dataset,train,9,1
2035,Finance,balance_inquiry,I need help with this: What is my account balance? Can you guide me?,"You can check your current balance through your bank's official mobile app, online banking portal, ATM, or branch.",curated_project_dataset,test,4,1
2036,Finance,bank_account,Can I open a bank account online? (request 92),"Many banks offer online account opening, subject to eligibility and verification requirements. Check your bank's official website.",curated_project_dataset,train,5,1
2037,Healthcare,emergency_guidance,What should I do in a medical emergency? (request 85),"For a serious or life-threatening emergency, seek immediate emergency medical care or contact your local emergency service. Do not rely on a chatbot for emergency treatment.",curated_project_dataset,train,12,2
2038,E-commerce,return_order,I want to return something I bought (request 34),You can request a return from the order details if the item meets the seller's return conditions.,curated_project_dataset,train,24,0
2039,Finance,cash_withdrawal,The ATM did not give me cash (request 54),"If your account was debited, keep the ATM receipt or transaction details and contact your bank immediately for investigation.",curated_project_dataset,train,8,1
2040,E-commerce,delivery_time,Do you offer fast delivery? (request 40),"Available delivery speeds depend on the product, seller, location, and shipping options shown at checkout.",curated_project_dataset,validation,11,0
2041,Healthcare,appointment_cancel,How do I cancel my appointment? (request 41),"You can cancel the appointment from your booking details. If cancellation is unavailable online, contact the healthcare provider.",curated_project_dataset,validation,2,2
2042,Healthcare,appointment_reschedule,Can you help me with this? I need to reschedule my doctor's visit.,"Open your appointment and select Reschedule, then choose another available date and time.",curated_project_dataset,train,3,2
2043,Finance,card_payment,Why did my card payment fail? (request 66),"A card payment may fail because of insufficient funds, incorrect details, security checks, or merchant restrictions.",curated_project_dataset,train,7,1
2044,Healthcare,symptoms_information,I have been feeling unwell. What should I do? (request 63),"If symptoms are mild, monitor them and consider contacting a healthcare professional. Seek urgent medical care if symptoms are severe or rapidly worsening.",curated_project_dataset,train,25,2
2045,Finance,bank_account,How do I open a bank account? (request 65),"Account-opening requirements vary by bank. Check the bank's official website or branch for eligibility, documents, and application steps.",curated_project_dataset,train,5,1
2046,Healthcare,symptoms_information,Can you tell me what my symptoms mean? (request 46),Symptoms can have many possible causes. Please consult a healthcare professional for an appropriate evaluation rather than relying on a chatbot for diagnosis.,curated_project_dataset,test,25,2
2047,Finance,transfer_pending,My bank transfer has not completed (request 59),"Please check the transfer status and expected processing time. If it remains pending longer than expected, contact your bank.",curated_project_dataset,validation,29,1
2048,Healthcare,appointment_booking,Can I make an appointment for tomorrow? (request 23),"Yes, if appointments are available. Please select the doctor and check tomorrow's available time slots.",curated_project_dataset,train,1,2
2049,Healthcare,medical_report,I need help with this: How do I download my lab report?,"If online access is provided, sign in to the patient portal and look under reports or test results.",curated_project_dataset,train,18,2
2050,Finance,fraud_transaction,Someone may have used my card (request 50),"Contact your card issuer immediately using the official number or app, secure your account, and follow the issuer's instructions for reporting suspected fraud.",curated_project_dataset,train,13,1
2051,Healthcare,appointment_booking,I want to know: Can I make an appointment for tomorrow?,"Yes, if appointments are available. Please select the doctor and check tomorrow's available time slots.",curated_project_dataset,train,1,2
2052,Finance,card_payment,My card payment was declined. Can you guide me?,"Check your card status, available funds, payment details, and any bank security restrictions. Contact your bank if the decline continues.",curated_project_dataset,train,7,1
2053,E-commerce,wrong_product,The product I received is not what I ordered (request 35),Please report the mismatch through customer support or the order return process so the issue can be investigated.,curated_project_dataset,train,30,0
2054,Healthcare,medical_report,Can you explain my medical report? (request 94),"I can explain general medical terminology, but a healthcare professional should interpret your results in the context of your symptoms and medical history.",curated_project_dataset,validation,18,2
2055,Finance,loan_information,I need information about a personal loan (request 66),"Personal-loan terms vary by lender, including eligibility, interest rate, tenure, and fees. Review the lender's official terms before applying.",curated_project_dataset,train,16,1
2056,Healthcare,appointment_booking,Can I make an appointment for tomorrow? (request 95),"Yes, if appointments are available. Please select the doctor and check tomorrow's available time slots.",curated_project_dataset,validation,1,2
2057,Healthcare,appointment_cancel,I need to cancel my doctor's appointment (request 30),Please open your appointment details and select the cancellation option. Check the provider's cancellation policy for any applicable conditions.,curated_project_dataset,train,2,2
2058,E-commerce,account_issue,I cannot access my shopping account.,"Use the account recovery or password-reset option. If you still cannot sign in, contact customer support through the official channel.",curated_project_dataset,train,0,0
2059,Finance,card_payment,I want to know: Why did my card payment fail? Can you guide me?,"A card payment may fail because of insufficient funds, incorrect details, security checks, or merchant restrictions.",curated_project_dataset,train,7,1
2060,E-commerce,account_issue,I cannot access my shopping account (request 33),"Use the account recovery or password-reset option. If you still cannot sign in, contact customer support through the official channel.",curated_project_dataset,train,0,0
2061,Finance,bank_account,What documents are needed to open an account? (request 70),Requirements vary by bank and account type. Check the bank's official documentation for current identity and address requirements.,curated_project_dataset,train,5,1
2062,E-commerce,wrong_product,My order contains a different product (request 66),Start a return or replacement request for the incorrect item and follow the seller's instructions.,curated_project_dataset,train,30,0
2063,E-commerce,delivery_time,Can I know the expected delivery date? (request 59),Yes. Check your order details for the current estimated delivery date.,curated_project_dataset,train,11,0
2064,Healthcare,prescription,Where can I find my prescription? (request 17),Your prescription may be available in your healthcare account or provided by your doctor. Check your medical records or contact the clinic.,curated_project_dataset,train,21,2
2065,E-commerce,wrong_product,My order contains a different product (request 58),Start a return or replacement request for the incorrect item and follow the seller's instructions.,curated_project_dataset,train,30,0
2066,E-commerce,return_order,I want to return something I bought (request 78),You can request a return from the order details if the item meets the seller's return conditions.,curated_project_dataset,train,24,0
2067,Healthcare,emergency_guidance,When should I seek emergency care? (request 51),"Emergency care may be needed for severe or rapidly worsening symptoms. When in doubt about a potentially serious condition, seek immediate professional medical help.",curated_project_dataset,train,12,2
2068,E-commerce,cancel_order,I need help with this: I want to cancel my order.,"If the order has not shipped, you may be able to cancel it from your order details. Once shipped, cancellation may no longer be available.",curated_project_dataset,train,6,0
2069,Healthcare,medication_information,I want to know: I want information about my medication.,Please share the medicine name if you want general information. Do not change the prescribed dose without consulting your healthcare professional.,curated_project_dataset,train,19,2
2070,Healthcare,emergency_guidance,I want to know: When should I seek emergency care?,"Emergency care may be needed for severe or rapidly worsening symptoms. When in doubt about a potentially serious condition, seek immediate professional medical help.",curated_project_dataset,train,12,2
2071,Finance,loan_information,How can I apply for a loan? (request 29),"Loan eligibility, documents, interest rates, and application procedures vary by lender. Check the lender's official application process.",curated_project_dataset,train,16,1
2072,Healthcare,medication_information,Can you give me information about a medicine? (request 78),"Please provide the medicine name. I can give general information, but medication decisions should be confirmed with a qualified healthcare professional.",curated_project_dataset,train,19,2
2073,Finance,transfer_pending,When will my pending transfer be completed? (request 36),Processing time varies by bank and transfer type. Check the transaction status for the latest update.,curated_project_dataset,train,29,1
2074,Finance,transfer_failed,Why did my transfer fail? (request 78),"Transfers can fail because of incorrect details, account restrictions, insufficient funds, or bank-side issues. Check the transaction information and contact your bank if needed.",curated_project_dataset,train,28,1
2075,E-commerce,delivery_time,When will my order be delivered? (request 93),The estimated delivery date is usually shown in your order details and may depend on your location and shipping method.,curated_project_dataset,validation,11,0
2076,Finance,balance_inquiry,Please help me: What is my account balance? Can you guide me?,"You can check your current balance through your bank's official mobile app, online banking portal, ATM, or branch.",curated_project_dataset,test,4,1
2077,E-commerce,payment_failed,My card payment did not go through (request 72),Please verify your card details and contact your bank if the transaction continues to be declined.,curated_project_dataset,train,20,0
2078,E-commerce,return_order,Can I return my product?,"Return eligibility depends on the product, seller policy, and purchase date. Check the return policy associated with your order.",curated_project_dataset,train,24,0
2079,E-commerce,delivery_time,How long does delivery take? (request 70),"Delivery time varies by location, seller, and shipping option. Check the estimated delivery date shown during checkout or in your order.",curated_project_dataset,train,11,0
2080,Finance,loan_information,What documents are required for a loan? (request 75),"Requirements depend on the lender and loan type. Commonly requested documents may include identity, income, and address information.",curated_project_dataset,validation,16,1
2081,E-commerce,account_issue,How do I update my account details? (request 71),"Open your account settings and edit the available profile information, then save the changes.",curated_project_dataset,train,0,0
2082,Healthcare,health_insurance,Please help me: Does my health insurance cover this treatment?,"Coverage depends on your insurance plan, provider network, and policy terms. Check your policy or contact your insurer for confirmation.",curated_project_dataset,train,14,2
2083,E-commerce,account_issue,I forgot my account password (request 98),Use the password-reset option associated with your account email or phone number.,curated_project_dataset,train,0,0
2084,Finance,credit_card,How can I apply for a credit card? (request 69),Credit-card eligibility and application requirements vary by issuer. Check the issuer's official application process and terms.,curated_project_dataset,train,9,1
2085,E-commerce,return_order,How do I return a product? (request 49),"Open your order details, select the return option if eligible, choose a return reason, and follow the provided instructions.",curated_project_dataset,train,24,0
2086,Finance,credit_card,How can I apply for a credit card? (request 73),Credit-card eligibility and application requirements vary by issuer. Check the issuer's official application process and terms.,curated_project_dataset,train,9,1
2087,Finance,bank_account,What documents are needed to open an account? (request 50),Requirements vary by bank and account type. Check the bank's official documentation for current identity and address requirements.,curated_project_dataset,train,5,1
2088,E-commerce,track_order,What is the status of my order? (request 47),Please provide your order number so the current delivery status can be checked.,curated_project_dataset,train,26,0
2089,E-commerce,wrong_product,I received the wrong item (request 89),Please report the issue through your order details and provide the order number and photos of the received product if requested.,curated_project_dataset,train,30,0
2090,Healthcare,lab_test,Can you help me with this? I need information about a medical test.,"Please provide the test name. Preparation, timing, and interpretation can vary by test.",curated_project_dataset,train,15,2
2091,E-commerce,refund,How does a product refund work? (request 19),"After the return or cancellation is approved, the refund is generally processed to the original payment method, subject to the seller's policy.",curated_project_dataset,train,23,0
2092,Finance,credit_card,How can I apply for a credit card? (request 85),Credit-card eligibility and application requirements vary by issuer. Check the issuer's official application process and terms.,curated_project_dataset,validation,9,1
2093,Finance,card_payment,My card payment was declined (request 61),"Check your card status, available funds, payment details, and any bank security restrictions. Contact your bank if the decline continues.",curated_project_dataset,train,7,1
2094,E-commerce,damaged_product,My product arrived damaged (request 73),"Please take photos of the damaged item and packaging, then report the issue through the order's return or support process as soon as possible.",curated_project_dataset,train,10,0
2095,Finance,fraud_transaction,I think my account has been compromised (request 52),"Contact your bank immediately through an official channel, secure your account credentials, and follow its instructions for protecting the account.",curated_project_dataset,train,13,1
2096,Healthcare,appointment_cancel,Please cancel my consultation (request 32),I can guide you through cancellation. Open the appointment record and choose Cancel Appointment.,curated_project_dataset,validation,2,2
2097,Healthcare,appointment_booking,I need to schedule a consultation (request 78),Sure. Please choose the required doctor or specialty and select an available appointment slot.,curated_project_dataset,train,1,2
2098,Finance,transfer_pending,My money transfer is pending (request 53),Pending transfers can take time depending on the bank and transfer type. Please check the transaction status and contact your bank if it remains pending beyond the expected processing period.,curated_project_dataset,train,29,1
2099,Healthcare,medical_report,Where can I see my medical report? (request 25),"If digital records are available, check your healthcare account or patient portal. Otherwise, contact the healthcare provider that performed the test.",curated_project_dataset,train,18,2
2100,E-commerce,refund,Can you help me with this? How does a product refund work?,"After the return or cancellation is approved, the refund is generally processed to the original payment method, subject to the seller's policy.",curated_project_dataset,train,23,0
2101,E-commerce,wrong_product,I got the wrong product. What should I do? (request 52),"Keep the item and packaging, then submit an incorrect-item request through your order details.",curated_project_dataset,train,30,0
2102,Finance,balance_inquiry,What is my account balance? (request 97),"You can check your current balance through your bank's official mobile app, online banking portal, ATM, or branch.",curated_project_dataset,train,4,1
2103,Finance,card_payment,I cannot pay with my card (request 87),"Verify that your card is active and has sufficient funds. If payments continue to fail, contact your card issuer.",curated_project_dataset,train,7,1
2104,E-commerce,refund,When will I get my refund? (request 73),Refund timing depends on the payment method and seller's processing time. Check your order's refund status for the latest update.,curated_project_dataset,validation,23,0
2105,E-commerce,wrong_product,I got the wrong product. What should I do? (request 56),"Keep the item and packaging, then submit an incorrect-item request through your order details.",curated_project_dataset,train,30,0
2106,E-commerce,refund,Can you help me with this? I want to know my refund status.,Please provide your order details or check the refund section of your account for the latest status.,curated_project_dataset,train,23,0
2107,Finance,credit_card,How do I pay my credit card bill? (request 75),"You can usually pay through the issuer's official app, online banking, bank transfer, or another supported payment method.",curated_project_dataset,validation,9,1
2108,Finance,transfer_failed,The transfer was unsuccessful (request 72),Please review the transaction details and any error message. Your bank can provide the exact reason if the transaction was rejected.,curated_project_dataset,test,28,1
2109,Healthcare,symptoms_information,I want information about my symptoms (request 76),"I can provide general health information, but a clinician should evaluate symptoms to determine the appropriate diagnosis and treatment.",curated_project_dataset,validation,25,2
2110,E-commerce,account_issue,I need help with this: I cannot access my shopping account.,"Use the account recovery or password-reset option. If you still cannot sign in, contact customer support through the official channel.",curated_project_dataset,train,0,0
2111,Healthcare,symptoms_information,Can you tell me what my symptoms mean? (request 34),Symptoms can have many possible causes. Please consult a healthcare professional for an appropriate evaluation rather than relying on a chatbot for diagnosis.,curated_project_dataset,train,25,2
2112,Finance,balance_inquiry,Can I check my balance online? (request 52),Yes. Most banks provide balance information through their official online banking or mobile application.,curated_project_dataset,train,4,1
2113,Finance,loan_information,How can I apply for a loan? (request 37),"Loan eligibility, documents, interest rates, and application procedures vary by lender. Check the lender's official application process.",curated_project_dataset,train,16,1
2114,E-commerce,delivery_time,When will my order be delivered? (request 5),The estimated delivery date is usually shown in your order details and may depend on your location and shipping method.,curated_project_dataset,train,11,0
2115,E-commerce,cancel_order,Please help me: Please cancel my order.,I can guide you through cancellation. Check your order details for the Cancel Order option.,curated_project_dataset,train,6,0
2116,Finance,credit_card,How can I apply for a credit card? (request 29),Credit-card eligibility and application requirements vary by issuer. Check the issuer's official application process and terms.,curated_project_dataset,train,9,1
2117,E-commerce,account_issue,My account is not working (request 44),"Try signing out and back in or resetting your password. If the problem continues, contact customer support.",curated_project_dataset,validation,0,0
2118,Finance,balance_inquiry,How can I check my balance? (request 62),Use your bank's official app or online banking service to view your current account balance.,curated_project_dataset,train,4,1
2119,Finance,cash_withdrawal,The ATM did not give me cash (request 50),"If your account was debited, keep the ATM receipt or transaction details and contact your bank immediately for investigation.",curated_project_dataset,train,8,1
2120,E-commerce,refund,How does a product refund work? (request 43),"After the return or cancellation is approved, the refund is generally processed to the original payment method, subject to the seller's policy.",curated_project_dataset,train,23,0
2121,Healthcare,symptoms_information,What should I do about these symptoms? (request 21),"I can provide general information, but symptoms alone cannot establish a diagnosis. For persistent, severe, or worrying symptoms, consult a qualified healthcare professional.",curated_project_dataset,test,25,2
2122,E-commerce,delivery_time,Do you offer fast delivery? (request 20),"Available delivery speeds depend on the product, seller, location, and shipping options shown at checkout.",curated_project_dataset,train,11,0
2123,Finance,card_payment,My debit card payment did not work (request 48),"Please check your card balance and status. If the issue continues, contact your bank for assistance.",curated_project_dataset,train,7,1
2124,Finance,transfer_pending,My money transfer is pending (request 61),Pending transfers can take time depending on the bank and transfer type. Please check the transaction status and contact your bank if it remains pending beyond the expected processing period.,curated_project_dataset,train,29,1
2125,E-commerce,delivery_time,How long does delivery take? (request 74),"Delivery time varies by location, seller, and shipping option. Check the estimated delivery date shown during checkout or in your order.",curated_project_dataset,train,11,0
2126,E-commerce,account_issue,How do I update my account details? (request 43),"Open your account settings and edit the available profile information, then save the changes.",curated_project_dataset,train,0,0
2127,Healthcare,appointment_reschedule,Can I change my appointment time? (request 61),"Yes. If another slot is available, you can reschedule the appointment from your booking details.",curated_project_dataset,train,3,2
2128,Finance,transaction_issue,Why is my transaction not showing? (request 55),Transaction updates can take time depending on the transaction type. Check again later and contact your bank if the expected posting time has passed.,curated_project_dataset,train,27,1
2129,Finance,transfer_pending,When will my pending transfer be completed? (request 40),Processing time varies by bank and transfer type. Check the transaction status for the latest update.,curated_project_dataset,train,29,1
2130,Healthcare,lab_test,Where can I get my blood test done? (request 90),You can use an authorized laboratory or collection center. Follow the test-specific preparation instructions provided by your healthcare provider.,curated_project_dataset,test,15,2
2131,Healthcare,emergency_guidance,I have a severe medical problem. What should I do?,"Seek urgent medical attention immediately, especially if symptoms are severe, sudden, or life-threatening.",curated_project_dataset,train,12,2
2132,Finance,transfer_pending,My bank transfer has not completed (request 27),"Please check the transfer status and expected processing time. If it remains pending longer than expected, contact your bank.",curated_project_dataset,train,29,1
2133,Healthcare,appointment_cancel,Can I cancel my appointment today? (request 39),"Yes, if cancellation is allowed by the provider. Please check your appointment details for the applicable cancellation policy.",curated_project_dataset,validation,2,2
2134,E-commerce,account_issue,I want to know: I forgot my account password.,Use the password-reset option associated with your account email or phone number.,curated_project_dataset,train,0,0
2135,E-commerce,wrong_product,I received the wrong item (request 29),Please report the issue through your order details and provide the order number and photos of the received product if requested.,curated_project_dataset,train,30,0
2136,E-commerce,product_information,Does this product have the features I need? (request 74),"Please check the product specifications and description. If a required feature is unclear, contact the seller for confirmation.",curated_project_dataset,train,22,0
2137,Healthcare,symptoms_information,I need help with this: I want information about my symptoms.,"I can provide general health information, but a clinician should evaluate symptoms to determine the appropriate diagnosis and treatment.",curated_project_dataset,train,25,2
2138,Healthcare,lab_test,Where can I get my blood test done? (request 54),You can use an authorized laboratory or collection center. Follow the test-specific preparation instructions provided by your healthcare provider.,curated_project_dataset,train,15,2
2139,Finance,transfer_failed,Why did my transfer fail? (request 38),"Transfers can fail because of incorrect details, account restrictions, insufficient funds, or bank-side issues. Check the transaction information and contact your bank if needed.",curated_project_dataset,train,28,1
2140,Finance,transaction_issue,Can you help me with this? Why is my transaction not showing? Can you guide me?,Transaction updates can take time depending on the transaction type. Check again later and contact your bank if the expected posting time has passed.,curated_project_dataset,train,27,1
2141,Healthcare,prescription,I lost my prescription. What should I do? (request 59),Contact the prescribing healthcare provider or pharmacist. They can advise whether a replacement or copy can be issued.,curated_project_dataset,train,21,2
2142,Healthcare,appointment_cancel,I want to know: How do I cancel my appointment?,"You can cancel the appointment from your booking details. If cancellation is unavailable online, contact the healthcare provider.",curated_project_dataset,validation,2,2
2143,Healthcare,prescription,How do I view my prescription? (request 32),"If your provider offers online records, sign in to your healthcare account and open the prescription or medication section.",curated_project_dataset,train,21,2
2144,Healthcare,appointment_reschedule,Can I change my appointment time? (request 25),"Yes. If another slot is available, you can reschedule the appointment from your booking details.",curated_project_dataset,train,3,2
2145,Healthcare,medical_report,Can you help me with this? How do I download my lab report?,"If online access is provided, sign in to the patient portal and look under reports or test results.",curated_project_dataset,train,18,2
2146,Finance,card_payment,My card payment was declined (request 29),"Check your card status, available funds, payment details, and any bank security restrictions. Contact your bank if the decline continues.",curated_project_dataset,validation,7,1
2147,Finance,cash_withdrawal,Why did my cash withdrawal fail? (request 71),"A withdrawal may fail because of insufficient funds, card restrictions, ATM issues, or withdrawal limits.",curated_project_dataset,train,8,1
2148,E-commerce,payment_failed,Why was my online payment declined? (request 34),"A payment can fail because of incorrect details, bank restrictions, insufficient funds, or security checks. Contact your bank if the problem continues.",curated_project_dataset,validation,20,0
2149,Finance,transaction_issue,My transaction looks incorrect (request 30),"Please verify the amount, date, and transaction details. If you do not recognize or agree with the transaction, contact your bank promptly.",curated_project_dataset,train,27,1
2150,E-commerce,payment_failed,I cannot complete my payment (request 59),"Check the payment method and billing details, then retry. If it still fails, try another supported payment method.",curated_project_dataset,train,20,0
2151,Finance,loan_information,I need information about a personal loan.,"Personal-loan terms vary by lender, including eligibility, interest rate, tenure, and fees. Review the lender's official terms before applying.",curated_project_dataset,train,16,1
2152,Healthcare,health_insurance,Can I use insurance for my hospital visit? (request 47),This depends on your plan and the healthcare provider. Confirm eligibility and any pre-authorization requirements with your insurer.,curated_project_dataset,train,14,2
2153,Healthcare,appointment_cancel,I need to cancel my doctor's appointment (request 94),Please open your appointment details and select the cancellation option. Check the provider's cancellation policy for any applicable conditions.,curated_project_dataset,train,2,2
2154,E-commerce,payment_failed,My payment failed (request 65),"Please verify your payment details, available funds, and any bank authentication requirements, then try again.",curated_project_dataset,train,20,0
2155,Healthcare,emergency_guidance,When should I seek emergency care? (request 47),"Emergency care may be needed for severe or rapidly worsening symptoms. When in doubt about a potentially serious condition, seek immediate professional medical help.",curated_project_dataset,train,12,2
2156,Finance,transfer_pending,I want to know: Why is my transfer still pending? Can you guide me?,A transfer may remain pending while the bank processes or verifies it. Check the transaction details for the expected processing time.,curated_project_dataset,train,29,1
2157,E-commerce,delivery_time,How long does delivery take? (request 30),"Delivery time varies by location, seller, and shipping option. Check the estimated delivery date shown during checkout or in your order.",curated_project_dataset,train,11,0
2158,Healthcare,appointment_cancel,I want to know: I need to cancel my doctor's appointment.,Please open your appointment details and select the cancellation option. Check the provider's cancellation policy for any applicable conditions.,curated_project_dataset,train,2,2
2159,Healthcare,lab_test,Where can I get my blood test done? (request 46),You can use an authorized laboratory or collection center. Follow the test-specific preparation instructions provided by your healthcare provider.,curated_project_dataset,validation,15,2
2160,E-commerce,wrong_product,The product I received is not what I ordered (request 71),Please report the mismatch through customer support or the order return process so the issue can be investigated.,curated_project_dataset,train,30,0
2161,Healthcare,appointment_booking,I want to see a doctor.,I can help you schedule a consultation. Please provide the medical specialty or doctor you want to visit.,curated_project_dataset,train,1,2
2162,Healthcare,appointment_booking,Can I make an appointment for tomorrow? (request 75),"Yes, if appointments are available. Please select the doctor and check tomorrow's available time slots.",curated_project_dataset,train,1,2
2163,E-commerce,damaged_product,The package arrived damaged (request 56),Document the package condition and contact customer support or the seller with your order number and photos.,curated_project_dataset,train,10,0
2164,Healthcare,medication_information,I want information about my medication (request 68),Please share the medicine name if you want general information. Do not change the prescribed dose without consulting your healthcare professional.,curated_project_dataset,train,19,2
2165,Healthcare,appointment_booking,I want to know: I need to schedule a consultation.,Sure. Please choose the required doctor or specialty and select an available appointment slot.,curated_project_dataset,train,1,2
2166,E-commerce,return_order,Can I return my product? (request 47),"Return eligibility depends on the product, seller policy, and purchase date. Check the return policy associated with your order.",curated_project_dataset,train,24,0
2167,Healthcare,emergency_guidance,This feels like an emergency (request 20),"Please seek immediate emergency medical assistance. If possible, have someone stay with you while help is arranged.",curated_project_dataset,test,12,2
2168,Healthcare,appointment_reschedule,Can I change my appointment time? (request 29),"Yes. If another slot is available, you can reschedule the appointment from your booking details.",curated_project_dataset,test,3,2
2169,E-commerce,track_order,My order has not arrived yet (request 64),"Please check the latest tracking update first. If the expected delivery date has passed, contact customer support with your order number.",curated_project_dataset,train,26,0
2170,Healthcare,appointment_reschedule,Can I move my appointment to next week? (request 43),You can reschedule if the provider has an available slot next week.,curated_project_dataset,test,3,2
2171,Finance,balance_inquiry,Can I check my balance online? (request 80),Yes. Most banks provide balance information through their official online banking or mobile application.,curated_project_dataset,train,4,1
2172,E-commerce,cancel_order,I want to cancel my order (request 61),"If the order has not shipped, you may be able to cancel it from your order details. Once shipped, cancellation may no longer be available.",curated_project_dataset,train,6,0
2173,Finance,cash_withdrawal,I want to know: The ATM did not give me cash. Can you guide me?,"If your account was debited, keep the ATM receipt or transaction details and contact your bank immediately for investigation.",curated_project_dataset,validation,8,1
2174,E-commerce,product_information,Where can I find product specifications? (request 27),Product specifications are usually listed on the product page under the description or specifications section.,curated_project_dataset,train,22,0
2175,E-commerce,delivery_time,Can you help me with this? How long does delivery take?,"Delivery time varies by location, seller, and shipping option. Check the estimated delivery date shown during checkout or in your order.",curated_project_dataset,train,11,0
2176,Finance,loan_information,How can I apply for a loan? (request 85),"Loan eligibility, documents, interest rates, and application procedures vary by lender. Check the lender's official application process.",curated_project_dataset,train,16,1
2177,Finance,bank_account,I want to open a new bank account (request 67),Choose an appropriate account type and follow the bank's official application process. You may need identity and address documents.,curated_project_dataset,train,5,1
2178,Finance,bank_account,What documents are needed to open an account? (request 66),Requirements vary by bank and account type. Check the bank's official documentation for current identity and address requirements.,curated_project_dataset,train,5,1
2179,E-commerce,account_issue,I forgot my account password (request 90),Use the password-reset option associated with your account email or phone number.,curated_project_dataset,validation,0,0
2180,Finance,bank_account,I want to know: What documents are needed to open an account? Can you guide me?,Requirements vary by bank and account type. Check the bank's official documentation for current identity and address requirements.,curated_project_dataset,train,5,1
2181,E-commerce,account_issue,My account is not working (request 76),"Try signing out and back in or resetting your password. If the problem continues, contact customer support.",curated_project_dataset,train,0,0
2182,E-commerce,damaged_product,What should I do if my item is damaged? (request 62),"Keep the product and packaging, document the damage with photos, and submit a damage claim or return request through the order details.",curated_project_dataset,validation,10,0
2183,E-commerce,refund,Please help me: My refund has not arrived.,"Please check the refund status and original payment method. If the stated processing period has passed, contact customer support with your order details.",curated_project_dataset,train,23,0
2184,E-commerce,product_information,Does this product have the features I need? (request 42),"Please check the product specifications and description. If a required feature is unclear, contact the seller for confirmation.",curated_project_dataset,train,22,0
2185,Healthcare,lab_test,I want to know: Do I need an appointment for a lab test?,It depends on the laboratory and test. Check the laboratory's booking requirements before visiting.,curated_project_dataset,train,15,2
2186,Finance,transaction_issue,Please help me: My transaction looks incorrect. Can you guide me?,"Please verify the amount, date, and transaction details. If you do not recognize or agree with the transaction, contact your bank promptly.",curated_project_dataset,train,27,1
2187,E-commerce,payment_failed,Why was my online payment declined? (request 94),"A payment can fail because of incorrect details, bank restrictions, insufficient funds, or security checks. Contact your bank if the problem continues.",curated_project_dataset,train,20,0
2188,Healthcare,appointment_cancel,Can you help me with this? Can I cancel my appointment today?,"Yes, if cancellation is allowed by the provider. Please check your appointment details for the applicable cancellation policy.",curated_project_dataset,test,2,2
2189,Finance,card_payment,My debit card payment did not work (request 88),"Please check your card balance and status. If the issue continues, contact your bank for assistance.",curated_project_dataset,train,7,1
2190,E-commerce,cancel_order,Can I cancel my purchase? (request 70),Cancellation depends on the order status. Please open the order details and check whether the cancellation option is available.,curated_project_dataset,train,6,0
2191,Finance,card_payment,Why did my card payment fail? (request 62),"A card payment may fail because of insufficient funds, incorrect details, security checks, or merchant restrictions.",curated_project_dataset,validation,7,1
2192,Healthcare,appointment_reschedule,Can I change my appointment time? (request 33),"Yes. If another slot is available, you can reschedule the appointment from your booking details.",curated_project_dataset,validation,3,2
2193,Healthcare,appointment_booking,Can I make an appointment for tomorrow? (request 67),"Yes, if appointments are available. Please select the doctor and check tomorrow's available time slots.",curated_project_dataset,train,1,2
2194,Finance,loan_information,I need help with this: How do I check loan eligibility? Can you guide me?,"Eligibility depends on the lender's criteria, which may include income, credit history, employment, and existing obligations.",curated_project_dataset,train,16,1
2195,Finance,transfer_pending,My money transfer is pending (request 73),Pending transfers can take time depending on the bank and transfer type. Please check the transaction status and contact your bank if it remains pending beyond the expected processing period.,curated_project_dataset,train,29,1
2196,Finance,transfer_failed,My money transfer failed (request 93),"Please check the transfer details and your account status. If the problem persists, contact your bank for the specific reason for failure.",curated_project_dataset,train,28,1
2197,Healthcare,prescription,Where can I find my prescription? (request 37),Your prescription may be available in your healthcare account or provided by your doctor. Check your medical records or contact the clinic.,curated_project_dataset,train,21,2
2198,Healthcare,appointment_cancel,I need to cancel my doctor's appointment (request 26),Please open your appointment details and select the cancellation option. Check the provider's cancellation policy for any applicable conditions.,curated_project_dataset,train,2,2
2199,Finance,transfer_failed,Why did my transfer fail? (request 34),"Transfers can fail because of incorrect details, account restrictions, insufficient funds, or bank-side issues. Check the transaction information and contact your bank if needed.",curated_project_dataset,train,28,1
2200,E-commerce,return_order,Can I return my product? (request 55),"Return eligibility depends on the product, seller policy, and purchase date. Check the return policy associated with your order.",curated_project_dataset,train,24,0
2201,Finance,card_payment,My card payment was declined (request 85),"Check your card status, available funds, payment details, and any bank security restrictions. Contact your bank if the decline continues.",curated_project_dataset,train,7,1
2202,E-commerce,account_issue,I cannot access my shopping account (request 77),"Use the account recovery or password-reset option. If you still cannot sign in, contact customer support through the official channel.",curated_project_dataset,test,0,0
2203,Finance,card_payment,I cannot pay with my card (request 63),"Verify that your card is active and has sufficient funds. If payments continue to fail, contact your card issuer.",curated_project_dataset,train,7,1
2204,Finance,card_payment,My card payment was declined (request 89),"Check your card status, available funds, payment details, and any bank security restrictions. Contact your bank if the decline continues.",curated_project_dataset,train,7,1
2205,Finance,transfer_pending,When will my pending transfer be completed? (request 76),Processing time varies by bank and transfer type. Check the transaction status for the latest update.,curated_project_dataset,train,29,1
2206,Healthcare,medication_information,What is this medicine used for? (request 85),Medication uses depend on the specific medicine and your circumstances. Check the medicine label or consult a pharmacist or doctor for reliable guidance.,curated_project_dataset,train,19,2
2207,E-commerce,delivery_time,Can I know the expected delivery date? (request 55),Yes. Check your order details for the current estimated delivery date.,curated_project_dataset,train,11,0
2208,Finance,bank_account,How do I open a bank account? (request 77),"Account-opening requirements vary by bank. Check the bank's official website or branch for eligibility, documents, and application steps.",curated_project_dataset,train,5,1
2209,Finance,cash_withdrawal,Why did my cash withdrawal fail? (request 51),"A withdrawal may fail because of insufficient funds, card restrictions, ATM issues, or withdrawal limits.",curated_project_dataset,train,8,1
2210,Finance,card_payment,I need help with this: Why did my card payment fail? Can you guide me?,"A card payment may fail because of insufficient funds, incorrect details, security checks, or merchant restrictions.",curated_project_dataset,train,7,1
2211,E-commerce,damaged_product,I received a broken product (request 75),Please report the issue promptly through your order support or return process and provide clear photos of the damage.,curated_project_dataset,validation,10,0
2212,Healthcare,emergency_guidance,I need help with this: When should I seek emergency care?,"Emergency care may be needed for severe or rapidly worsening symptoms. When in doubt about a potentially serious condition, seek immediate professional medical help.",curated_project_dataset,train,12,2
2213,E-commerce,delivery_time,Can I know the expected delivery date? (request 47),Yes. Check your order details for the current estimated delivery date.,curated_project_dataset,train,11,0
2214,E-commerce,track_order,What is the status of my order? (request 27),Please provide your order number so the current delivery status can be checked.,curated_project_dataset,train,26,0
2215,E-commerce,track_order,What is the status of my order? (request 31),Please provide your order number so the current delivery status can be checked.,curated_project_dataset,train,26,0
2216,Healthcare,health_insurance,Can I use insurance for my hospital visit? (request 83),This depends on your plan and the healthcare provider. Confirm eligibility and any pre-authorization requirements with your insurer.,curated_project_dataset,train,14,2
2217,E-commerce,refund,I want to know my refund status (request 36),Please provide your order details or check the refund section of your account for the latest status.,curated_project_dataset,train,23,0
2218,Finance,balance_inquiry,Please help me: I want to know my bank balance. Can you guide me?,Please check the balance section of your official banking app or online banking account.,curated_project_dataset,train,4,1
2219,Healthcare,symptoms_information,What should I do about these symptoms? (request 65),"I can provide general information, but symptoms alone cannot establish a diagnosis. For persistent, severe, or worrying symptoms, consult a qualified healthcare professional.",curated_project_dataset,train,25,2
2220,Finance,transfer_failed,Why did my transfer fail? (request 26),"Transfers can fail because of incorrect details, account restrictions, insufficient funds, or bank-side issues. Check the transaction information and contact your bank if needed.",curated_project_dataset,train,28,1
2221,Healthcare,appointment_booking,I want to see a doctor (request 28),I can help you schedule a consultation. Please provide the medical specialty or doctor you want to visit.,curated_project_dataset,train,1,2
2222,Healthcare,medication_information,Can you give me information about a medicine? (request 74),"Please provide the medicine name. I can give general information, but medication decisions should be confirmed with a qualified healthcare professional.",curated_project_dataset,train,19,2
2223,Healthcare,prescription,Can I get a copy of my prescription? (request 26),"You can request a copy from your prescribing doctor or healthcare provider, subject to their procedures.",curated_project_dataset,train,21,2
2224,Healthcare,medical_report,Can you explain my medical report? (request 26),"I can explain general medical terminology, but a healthcare professional should interpret your results in the context of your symptoms and medical history.",curated_project_dataset,train,18,2
2225,Healthcare,appointment_booking,I want to see a doctor (request 56),I can help you schedule a consultation. Please provide the medical specialty or doctor you want to visit.,curated_project_dataset,train,1,2
2226,Healthcare,lab_test,Do I need an appointment for a lab test? (request 39),It depends on the laboratory and test. Check the laboratory's booking requirements before visiting.,curated_project_dataset,validation,15,2
2227,Healthcare,symptoms_information,I have been feeling unwell. What should I do?,"If symptoms are mild, monitor them and consider contacting a healthcare professional. Seek urgent medical care if symptoms are severe or rapidly worsening.",curated_project_dataset,test,25,2
2228,Finance,bank_account,Please help me: How do I open a bank account? Can you guide me?,"Account-opening requirements vary by bank. Check the bank's official website or branch for eligibility, documents, and application steps.",curated_project_dataset,test,5,1
2229,E-commerce,return_order,How do I return a product? (request 77),"Open your order details, select the return option if eligible, choose a return reason, and follow the provided instructions.",curated_project_dataset,train,24,0
2230,Finance,bank_account,Can I open a bank account online? (request 36),"Many banks offer online account opening, subject to eligibility and verification requirements. Check your bank's official website.",curated_project_dataset,train,5,1
2231,Healthcare,lab_test,How do I book a lab test? (request 25),"Select the required test, choose an available laboratory or collection service, and confirm the appointment if booking is available.",curated_project_dataset,train,15,2
2232,Finance,transfer_pending,When will my pending transfer be completed? (request 56),Processing time varies by bank and transfer type. Check the transaction status for the latest update.,curated_project_dataset,train,29,1
2233,E-commerce,return_order,How do I return a product? (request 81),"Open your order details, select the return option if eligible, choose a return reason, and follow the provided instructions.",curated_project_dataset,test,24,0
2234,E-commerce,track_order,How can I track my package? (request 50),Use the tracking link in your order details or provide your order number to check the shipment status.,curated_project_dataset,train,26,0
2235,Healthcare,symptoms_information,What should I do about these symptoms? (request 37),"I can provide general information, but symptoms alone cannot establish a diagnosis. For persistent, severe, or worrying symptoms, consult a qualified healthcare professional.",curated_project_dataset,train,25,2
2236,Healthcare,appointment_booking,I want to see a doctor (request 48),I can help you schedule a consultation. Please provide the medical specialty or doctor you want to visit.,curated_project_dataset,train,1,2
2237,Healthcare,appointment_cancel,Please help me: Can I cancel my appointment today?,"Yes, if cancellation is allowed by the provider. Please check your appointment details for the applicable cancellation policy.",curated_project_dataset,train,2,2
2238,E-commerce,track_order,My order has not arrived yet (request 80),"Please check the latest tracking update first. If the expected delivery date has passed, contact customer support with your order number.",curated_project_dataset,train,26,0
2239,E-commerce,cancel_order,I want to cancel my order (request 45),"If the order has not shipped, you may be able to cancel it from your order details. Once shipped, cancellation may no longer be available.",curated_project_dataset,test,6,0
2240,Finance,card_payment,My card payment was declined (request 41),"Check your card status, available funds, payment details, and any bank security restrictions. Contact your bank if the decline continues.",curated_project_dataset,train,7,1
2241,E-commerce,wrong_product,I received the wrong item (request 37),Please report the issue through your order details and provide the order number and photos of the received product if requested.,curated_project_dataset,train,30,0
2242,E-commerce,damaged_product,What should I do if my item is damaged? (request 54),"Keep the product and packaging, document the damage with photos, and submit a damage claim or return request through the order details.",curated_project_dataset,train,10,0
2243,E-commerce,cancel_order,Can I cancel my purchase?,Cancellation depends on the order status. Please open the order details and check whether the cancellation option is available.,curated_project_dataset,validation,6,0
2244,E-commerce,account_issue,I cannot access my shopping account (request 69),"Use the account recovery or password-reset option. If you still cannot sign in, contact customer support through the official channel.",curated_project_dataset,train,0,0
2245,Healthcare,prescription,Please help me: How do I view my prescription?,"If your provider offers online records, sign in to your healthcare account and open the prescription or medication section.",curated_project_dataset,train,21,2
2246,E-commerce,payment_failed,My payment failed (request 29),"Please verify your payment details, available funds, and any bank authentication requirements, then try again.",curated_project_dataset,train,20,0
2247,Finance,bank_account,Can you help me with this? Can I open a bank account online? Can you guide me?,"Many banks offer online account opening, subject to eligibility and verification requirements. Check your bank's official website.",curated_project_dataset,train,5,1
2248,Healthcare,lab_test,I need information about a medical test.,"Please provide the test name. Preparation, timing, and interpretation can vary by test.",curated_project_dataset,test,15,2
2249,E-commerce,payment_failed,Why was my online payment declined? (request 90),"A payment can fail because of incorrect details, bank restrictions, insufficient funds, or security checks. Contact your bank if the problem continues.",curated_project_dataset,train,20,0
2250,Finance,transaction_issue,I need help with a bank transaction (request 52),Please check the transaction status and reference number. Your bank can investigate account-specific transaction issues.,curated_project_dataset,train,27,1
2251,Healthcare,appointment_booking,How can I book a doctor appointment? (request 61),"You can book an appointment by selecting a doctor, choosing an available date and time, and confirming the booking.",curated_project_dataset,train,1,2
2252,Finance,loan_information,I need information about a personal loan (request 50),"Personal-loan terms vary by lender, including eligibility, interest rate, tenure, and fees. Review the lender's official terms before applying.",curated_project_dataset,train,16,1
2253,Healthcare,lab_test,I need information about a medical test (request 72),"Please provide the test name. Preparation, timing, and interpretation can vary by test.",curated_project_dataset,train,15,2
2254,Healthcare,appointment_booking,How can I book a doctor appointment? (request 93),"You can book an appointment by selecting a doctor, choosing an available date and time, and confirming the booking.",curated_project_dataset,test,1,2
2255,Healthcare,lab_test,Do I need an appointment for a lab test? (request 67),It depends on the laboratory and test. Check the laboratory's booking requirements before visiting.,curated_project_dataset,train,15,2
2256,E-commerce,wrong_product,I got the wrong product. What should I do? (request 88),"Keep the item and packaging, then submit an incorrect-item request through your order details.",curated_project_dataset,train,30,0
2257,Healthcare,appointment_reschedule,Can I change my appointment time? (request 81),"Yes. If another slot is available, you can reschedule the appointment from your booking details.",curated_project_dataset,validation,3,2
2258,E-commerce,damaged_product,I need help with this: The package arrived damaged.,Document the package condition and contact customer support or the seller with your order number and photos.,curated_project_dataset,train,10,0
2259,Healthcare,symptoms_information,I want information about my symptoms (request 60),"I can provide general health information, but a clinician should evaluate symptoms to determine the appropriate diagnosis and treatment.",curated_project_dataset,train,25,2
2260,Healthcare,health_insurance,I need information about health insurance (request 100),"Please specify whether you need help with coverage, claims, eligibility, or policy information so the appropriate guidance can be provided.",curated_project_dataset,train,14,2
2261,E-commerce,account_issue,My account is not working (request 36),"Try signing out and back in or resetting your password. If the problem continues, contact customer support.",curated_project_dataset,train,0,0
2262,E-commerce,account_issue,How do I update my account details? (request 95),"Open your account settings and edit the available profile information, then save the changes.",curated_project_dataset,train,0,0
2263,Finance,transaction_issue,Can you help me with this? There is a problem with my transaction. Can you guide me?,"Review the transaction details and status in your banking account. If the issue is unresolved, contact your bank with the transaction reference.",curated_project_dataset,train,27,1
2264,Healthcare,medical_report,Where can I see my medical report? (request 61),"If digital records are available, check your healthcare account or patient portal. Otherwise, contact the healthcare provider that performed the test.",curated_project_dataset,train,18,2
2265,Finance,transfer_failed,I cannot send money (request 59),"Verify the recipient details and available balance, then try again. If the transfer still fails, contact your bank.",curated_project_dataset,train,28,1
2266,Finance,bank_account,Can you help me with this? I want to open a new bank account. Can you guide me?,Choose an appropriate account type and follow the bank's official application process. You may need identity and address documents.,curated_project_dataset,validation,5,1
2267,Healthcare,appointment_booking,Can I make an appointment for tomorrow? (request 43),"Yes, if appointments are available. Please select the doctor and check tomorrow's available time slots.",curated_project_dataset,train,1,2
2268,Finance,transfer_failed,Why did my transfer fail? (request 74),"Transfers can fail because of incorrect details, account restrictions, insufficient funds, or bank-side issues. Check the transaction information and contact your bank if needed.",curated_project_dataset,train,28,1
2269,Healthcare,appointment_reschedule,I want to know: Can I change my appointment time?,"Yes. If another slot is available, you can reschedule the appointment from your booking details.",curated_project_dataset,train,3,2
2270,E-commerce,payment_failed,Why was my online payment declined? (request 74),"A payment can fail because of incorrect details, bank restrictions, insufficient funds, or security checks. Contact your bank if the problem continues.",curated_project_dataset,test,20,0
2271,Finance,transfer_failed,My money transfer failed.,"Please check the transfer details and your account status. If the problem persists, contact your bank for the specific reason for failure.",curated_project_dataset,train,28,1
2272,Healthcare,appointment_booking,How can I book a doctor appointment? (request 69),"You can book an appointment by selecting a doctor, choosing an available date and time, and confirming the booking.",curated_project_dataset,train,1,2
2273,E-commerce,wrong_product,I got the wrong product. What should I do? (request 76),"Keep the item and packaging, then submit an incorrect-item request through your order details.",curated_project_dataset,validation,30,0
2274,Finance,transaction_issue,I need help with a bank transaction (request 80),Please check the transaction status and reference number. Your bank can investigate account-specific transaction issues.,curated_project_dataset,train,27,1
2275,Finance,balance_inquiry,Can I check my balance online? (request 32),Yes. Most banks provide balance information through their official online banking or mobile application.,curated_project_dataset,train,4,1
2276,Healthcare,appointment_cancel,I need to cancel my doctor's appointment (request 38),Please open your appointment details and select the cancellation option. Check the provider's cancellation policy for any applicable conditions.,curated_project_dataset,validation,2,2
2277,Healthcare,medical_report,Where can I see my medical report? (request 97),"If digital records are available, check your healthcare account or patient portal. Otherwise, contact the healthcare provider that performed the test.",curated_project_dataset,train,18,2
2278,Finance,transfer_failed,My money transfer failed (request 81),"Please check the transfer details and your account status. If the problem persists, contact your bank for the specific reason for failure.",curated_project_dataset,train,28,1
2279,Finance,transfer_failed,My money transfer failed (request 29),"Please check the transfer details and your account status. If the problem persists, contact your bank for the specific reason for failure.",curated_project_dataset,train,28,1
2280,Healthcare,medical_report,I received my test report. What does it mean? (request 59),"Please discuss the report with your healthcare professional, who can interpret the findings using your clinical history and examination.",curated_project_dataset,train,18,2
2281,Healthcare,prescription,Can I get a copy of my prescription? (request 42),"You can request a copy from your prescribing doctor or healthcare provider, subject to their procedures.",curated_project_dataset,test,21,2
2282,E-commerce,track_order,Can you help me with this? My order has not arrived yet.,"Please check the latest tracking update first. If the expected delivery date has passed, contact customer support with your order number.",curated_project_dataset,train,26,0
2283,Finance,balance_inquiry,What is my account balance? (request 89),"You can check your current balance through your bank's official mobile app, online banking portal, ATM, or branch.",curated_project_dataset,train,4,1
2284,Healthcare,appointment_cancel,I need to cancel my doctor's appointment (request 66),Please open your appointment details and select the cancellation option. Check the provider's cancellation policy for any applicable conditions.,curated_project_dataset,train,2,2
2285,Healthcare,appointment_reschedule,Can I change my appointment time? (request 49),"Yes. If another slot is available, you can reschedule the appointment from your booking details.",curated_project_dataset,train,3,2
2286,E-commerce,refund,I want to know my refund status (request 32),Please provide your order details or check the refund section of your account for the latest status.,curated_project_dataset,train,23,0
2287,Finance,transfer_pending,I need help with this: Why is my transfer still pending? Can you guide me?,A transfer may remain pending while the bank processes or verifies it. Check the transaction details for the expected processing time.,curated_project_dataset,train,29,1
2288,Healthcare,medication_information,How should I learn about my prescribed medicine? (request 47),"Review the prescription and medication leaflet, and ask your doctor or pharmacist about dosage, interactions, and precautions.",curated_project_dataset,train,19,2
2289,E-commerce,refund,How does a product refund work? (request 59),"After the return or cancellation is approved, the refund is generally processed to the original payment method, subject to the seller's policy.",curated_project_dataset,validation,23,0
2290,Finance,transfer_failed,Why did my transfer fail? (request 46),"Transfers can fail because of incorrect details, account restrictions, insufficient funds, or bank-side issues. Check the transaction information and contact your bank if needed.",curated_project_dataset,train,28,1
2291,E-commerce,refund,My refund has not arrived (request 30),"Please check the refund status and original payment method. If the stated processing period has passed, contact customer support with your order details.",curated_project_dataset,train,23,0
2292,Finance,fraud_transaction,I need help with this: There is a suspicious transaction on my account. Can you guide me?,Review the transaction and report it to your bank promptly if you did not authorize it. Use only official banking contact channels.,curated_project_dataset,train,13,1
2293,Finance,transfer_failed,I cannot send money (request 51),"Verify the recipient details and available balance, then try again. If the transfer still fails, contact your bank.",curated_project_dataset,train,28,1
2294,Healthcare,medication_information,How should I learn about my prescribed medicine? (request 35),"Review the prescription and medication leaflet, and ask your doctor or pharmacist about dosage, interactions, and precautions.",curated_project_dataset,test,19,2
2295,Finance,transfer_failed,Please help me: I cannot send money. Can you guide me?,"Verify the recipient details and available balance, then try again. If the transfer still fails, contact your bank.",curated_project_dataset,validation,28,1
2296,Healthcare,prescription,Can I get a copy of my prescription? (request 78),"You can request a copy from your prescribing doctor or healthcare provider, subject to their procedures.",curated_project_dataset,train,21,2
2297,Finance,fraud_transaction,I do not recognize a transaction (request 85),"If you do not recognize a transaction, contact your bank or card issuer through its official channel immediately and follow its fraud-reporting process.",curated_project_dataset,train,13,1
2298,Finance,loan_information,I need information about a personal loan (request 42),"Personal-loan terms vary by lender, including eligibility, interest rate, tenure, and fees. Review the lender's official terms before applying.",curated_project_dataset,train,16,1
2299,E-commerce,wrong_product,I received the wrong item (request 49),Please report the issue through your order details and provide the order number and photos of the received product if requested.,curated_project_dataset,train,30,0
2300,Healthcare,medical_report,I received my test report. What does it mean? (request 63),"Please discuss the report with your healthcare professional, who can interpret the findings using your clinical history and examination.",curated_project_dataset,train,18,2
2301,Healthcare,symptoms_information,What should I do about these symptoms? (request 89),"I can provide general information, but symptoms alone cannot establish a diagnosis. For persistent, severe, or worrying symptoms, consult a qualified healthcare professional.",curated_project_dataset,train,25,2
2302,Healthcare,appointment_reschedule,How can I change my consultation date? (request 36),Use the reschedule option in your appointment details and select a new available date.,curated_project_dataset,train,3,2
2303,Finance,bank_account,I need help with this: What documents are needed to open an account? Can you guide me?,Requirements vary by bank and account type. Check the bank's official documentation for current identity and address requirements.,curated_project_dataset,train,5,1
2304,E-commerce,account_issue,I cannot access my shopping account (request 85),"Use the account recovery or password-reset option. If you still cannot sign in, contact customer support through the official channel.",curated_project_dataset,validation,0,0
2305,Healthcare,appointment_reschedule,How can I change my consultation date? (request 68),Use the reschedule option in your appointment details and select a new available date.,curated_project_dataset,train,3,2
2306,Healthcare,medical_report,I received my test report. What does it mean? (request 71),"Please discuss the report with your healthcare professional, who can interpret the findings using your clinical history and examination.",curated_project_dataset,train,18,2
2307,Finance,transfer_failed,Why did my transfer fail? (request 66),"Transfers can fail because of incorrect details, account restrictions, insufficient funds, or bank-side issues. Check the transaction information and contact your bank if needed.",curated_project_dataset,train,28,1
2308,Healthcare,medication_information,Can you give me information about a medicine? (request 38),"Please provide the medicine name. I can give general information, but medication decisions should be confirmed with a qualified healthcare professional.",curated_project_dataset,validation,19,2
2309,Healthcare,lab_test,Where can I get my blood test done? (request 74),You can use an authorized laboratory or collection center. Follow the test-specific preparation instructions provided by your healthcare provider.,curated_project_dataset,validation,15,2
2310,Healthcare,appointment_reschedule,I need to reschedule my doctor's visit (request 50),"Open your appointment and select Reschedule, then choose another available date and time.",curated_project_dataset,train,3,2
2311,Finance,balance_inquiry,How can I check my balance?,Use your bank's official app or online banking service to view your current account balance.,curated_project_dataset,train,4,1
2312,E-commerce,product_information,Where can I find product specifications? (request 75),Product specifications are usually listed on the product page under the description or specifications section.,curated_project_dataset,test,22,0
2313,Finance,transfer_failed,I cannot send money (request 43),"Verify the recipient details and available balance, then try again. If the transfer still fails, contact your bank.",curated_project_dataset,train,28,1
2314,Finance,transfer_pending,Why is my transfer still pending? (request 82),A transfer may remain pending while the bank processes or verifies it. Check the transaction details for the expected processing time.,curated_project_dataset,train,29,1
2315,Finance,bank_account,Can you help me with this? What documents are needed to open an account? Can you guide me?,Requirements vary by bank and account type. Check the bank's official documentation for current identity and address requirements.,curated_project_dataset,train,5,1
2316,Finance,fraud_transaction,I think my account has been compromised.,"Contact your bank immediately through an official channel, secure your account credentials, and follow its instructions for protecting the account.",curated_project_dataset,test,13,1
2317,Finance,loan_information,How do I check loan eligibility? (request 40),"Eligibility depends on the lender's criteria, which may include income, credit history, employment, and existing obligations.",curated_project_dataset,train,16,1
2318,Healthcare,medication_information,What is this medicine used for? (request 49),Medication uses depend on the specific medicine and your circumstances. Check the medicine label or consult a pharmacist or doctor for reliable guidance.,curated_project_dataset,train,19,2
2319,E-commerce,payment_failed,Why was my online payment declined? (request 70),"A payment can fail because of incorrect details, bank restrictions, insufficient funds, or security checks. Contact your bank if the problem continues.",curated_project_dataset,train,20,0
2320,Healthcare,medical_report,I need help with this: Where can I see my medical report?,"If digital records are available, check your healthcare account or patient portal. Otherwise, contact the healthcare provider that performed the test.",curated_project_dataset,validation,18,2
2321,Finance,transaction_issue,Why is my transaction not showing? (request 99),Transaction updates can take time depending on the transaction type. Check again later and contact your bank if the expected posting time has passed.,curated_project_dataset,train,27,1
2322,Finance,bank_account,I want to know: I want to open a new bank account. Can you guide me?,Choose an appropriate account type and follow the bank's official application process. You may need identity and address documents.,curated_project_dataset,validation,5,1
2323,Finance,transfer_pending,My money transfer is pending (request 49),Pending transfers can take time depending on the bank and transfer type. Please check the transaction status and contact your bank if it remains pending beyond the expected processing period.,curated_project_dataset,train,29,1
2324,E-commerce,account_issue,I forgot my account password.,Use the password-reset option associated with your account email or phone number.,curated_project_dataset,train,0,0
2325,E-commerce,cancel_order,I want to cancel my order (request 69),"If the order has not shipped, you may be able to cancel it from your order details. Once shipped, cancellation may no longer be available.",curated_project_dataset,test,6,0
2326,Healthcare,appointment_booking,Can I make an appointment for tomorrow? (request 83),"Yes, if appointments are available. Please select the doctor and check tomorrow's available time slots.",curated_project_dataset,train,1,2
2327,Finance,card_payment,My card payment was declined (request 25),"Check your card status, available funds, payment details, and any bank security restrictions. Contact your bank if the decline continues.",curated_project_dataset,train,7,1
2328,E-commerce,payment_failed,My payment failed (request 61),"Please verify your payment details, available funds, and any bank authentication requirements, then try again.",curated_project_dataset,train,20,0
2329,E-commerce,wrong_product,My order contains a different product (request 94),Start a return or replacement request for the incorrect item and follow the seller's instructions.,curated_project_dataset,train,30,0
2330,E-commerce,delivery_time,When will my order be delivered? (request 69),The estimated delivery date is usually shown in your order details and may depend on your location and shipping method.,curated_project_dataset,train,11,0
2331,Finance,transfer_pending,My money transfer is pending.,Pending transfers can take time depending on the bank and transfer type. Please check the transaction status and contact your bank if it remains pending beyond the expected processing period.,curated_project_dataset,train,29,1
2332,Healthcare,medication_information,I want information about my medication (request 76),Please share the medicine name if you want general information. Do not change the prescribed dose without consulting your healthcare professional.,curated_project_dataset,train,19,2
2333,Healthcare,prescription,Can you help me with this? Can I get a copy of my prescription?,"You can request a copy from your prescribing doctor or healthcare provider, subject to their procedures.",curated_project_dataset,train,21,2
2334,Healthcare,medication_information,I want to know: What is this medicine used for?,Medication uses depend on the specific medicine and your circumstances. Check the medicine label or consult a pharmacist or doctor for reliable guidance.,curated_project_dataset,train,19,2
2335,Healthcare,symptoms_information,What should I do about these symptoms? (request 85),"I can provide general information, but symptoms alone cannot establish a diagnosis. For persistent, severe, or worrying symptoms, consult a qualified healthcare professional.",curated_project_dataset,train,25,2
2336,Finance,fraud_transaction,Someone may have used my card (request 82),"Contact your card issuer immediately using the official number or app, secure your account, and follow the issuer's instructions for reporting suspected fraud.",curated_project_dataset,train,13,1
2337,Finance,transfer_failed,My money transfer failed (request 53),"Please check the transfer details and your account status. If the problem persists, contact your bank for the specific reason for failure.",curated_project_dataset,train,28,1
2338,E-commerce,delivery_time,How long does delivery take? (request 34),"Delivery time varies by location, seller, and shipping option. Check the estimated delivery date shown during checkout or in your order.",curated_project_dataset,train,11,0
2339,Finance,credit_card,I need help with my credit card (request 60),"Please specify whether you need help with payments, limits, transactions, fees, or card access so the appropriate guidance can be provided.",curated_project_dataset,validation,9,1
2340,Healthcare,lab_test,How do I book a lab test? (request 89),"Select the required test, choose an available laboratory or collection service, and confirm the appointment if booking is available.",curated_project_dataset,train,15,2
2341,E-commerce,return_order,How do I return a product? (request 41),"Open your order details, select the return option if eligible, choose a return reason, and follow the provided instructions.",curated_project_dataset,train,24,0
2342,Healthcare,appointment_booking,Can I make an appointment for tomorrow? (request 63),"Yes, if appointments are available. Please select the doctor and check tomorrow's available time slots.",curated_project_dataset,train,1,2
2343,Healthcare,health_insurance,Does my health insurance cover this treatment? (request 53),"Coverage depends on your insurance plan, provider network, and policy terms. Check your policy or contact your insurer for confirmation.",curated_project_dataset,train,14,2
2344,Finance,loan_information,How do I check loan eligibility? (request 52),"Eligibility depends on the lender's criteria, which may include income, credit history, employment, and existing obligations.",curated_project_dataset,train,16,1
2345,Finance,card_payment,My card payment was declined (request 77),"Check your card status, available funds, payment details, and any bank security restrictions. Contact your bank if the decline continues.",curated_project_dataset,train,7,1
2346,E-commerce,return_order,Can I return my product? (request 63),"Return eligibility depends on the product, seller policy, and purchase date. Check the return policy associated with your order.",curated_project_dataset,test,24,0
2347,Healthcare,appointment_reschedule,Please help me: How can I change my consultation date?,Use the reschedule option in your appointment details and select a new available date.,curated_project_dataset,train,3,2
2348,Finance,transfer_failed,Why did my transfer fail? (request 94),"Transfers can fail because of incorrect details, account restrictions, insufficient funds, or bank-side issues. Check the transaction information and contact your bank if needed.",curated_project_dataset,test,28,1
2349,Healthcare,symptoms_information,Can you tell me what my symptoms mean? (request 74),Symptoms can have many possible causes. Please consult a healthcare professional for an appropriate evaluation rather than relying on a chatbot for diagnosis.,curated_project_dataset,train,25,2
2350,E-commerce,wrong_product,I received the wrong item (request 25),Please report the issue through your order details and provide the order number and photos of the received product if requested.,curated_project_dataset,test,30,0
2351,Finance,cash_withdrawal,I could not withdraw cash (request 37),"Check whether your card is active and whether you have sufficient available balance. If the ATM charged you without dispensing cash, contact your bank promptly.",curated_project_dataset,train,8,1
2352,Finance,credit_card,What is my credit card limit? (request 70),"Your current credit limit is available through your card issuer's official app, online account, statement, or customer service.",curated_project_dataset,train,9,1
2353,Finance,cash_withdrawal,The ATM did not give me cash (request 98),"If your account was debited, keep the ATM receipt or transaction details and contact your bank immediately for investigation.",curated_project_dataset,train,8,1
2354,Finance,bank_account,How do I open a bank account? (request 85),"Account-opening requirements vary by bank. Check the bank's official website or branch for eligibility, documents, and application steps.",curated_project_dataset,train,5,1
2355,Healthcare,appointment_booking,Please help me: I need to schedule a consultation.,Sure. Please choose the required doctor or specialty and select an available appointment slot.,curated_project_dataset,train,1,2
2356,E-commerce,account_issue,I cannot access my shopping account (request 45),"Use the account recovery or password-reset option. If you still cannot sign in, contact customer support through the official channel.",curated_project_dataset,train,0,0
2357,E-commerce,wrong_product,The product I received is not what I ordered (request 39),Please report the mismatch through customer support or the order return process so the issue can be investigated.,curated_project_dataset,test,30,0
2358,Healthcare,medical_report,Can you help me with this? Where can I see my medical report?,"If digital records are available, check your healthcare account or patient portal. Otherwise, contact the healthcare provider that performed the test.",curated_project_dataset,train,18,2
2359,Healthcare,appointment_reschedule,How can I change my consultation date? (request 56),Use the reschedule option in your appointment details and select a new available date.,curated_project_dataset,train,3,2
2360,E-commerce,delivery_time,I want to know: How long does delivery take?,"Delivery time varies by location, seller, and shipping option. Check the estimated delivery date shown during checkout or in your order.",curated_project_dataset,train,11,0
2361,Healthcare,symptoms_information,Can you tell me what my symptoms mean? (request 90),Symptoms can have many possible causes. Please consult a healthcare professional for an appropriate evaluation rather than relying on a chatbot for diagnosis.,curated_project_dataset,test,25,2
2362,E-commerce,product_information,Does this product have the features I need? (request 82),"Please check the product specifications and description. If a required feature is unclear, contact the seller for confirmation.",curated_project_dataset,train,22,0
2363,Healthcare,emergency_guidance,What should I do in a medical emergency? (request 25),"For a serious or life-threatening emergency, seek immediate emergency medical care or contact your local emergency service. Do not rely on a chatbot for emergency treatment.",curated_project_dataset,test,12,2
2364,Finance,transfer_pending,My money transfer is pending (request 37),Pending transfers can take time depending on the bank and transfer type. Please check the transaction status and contact your bank if it remains pending beyond the expected processing period.,curated_project_dataset,train,29,1
2365,Finance,card_payment,My debit card payment did not work.,"Please check your card balance and status. If the issue continues, contact your bank for assistance.",curated_project_dataset,validation,7,1
2366,E-commerce,return_order,How do I return a product? (request 25),"Open your order details, select the return option if eligible, choose a return reason, and follow the provided instructions.",curated_project_dataset,train,24,0
2367,E-commerce,account_issue,How do I update my account details? (request 47),"Open your account settings and edit the available profile information, then save the changes.",curated_project_dataset,test,0,0
2368,Healthcare,medical_report,How do I download my lab report? (request 40),"If online access is provided, sign in to the patient portal and look under reports or test results.",curated_project_dataset,train,18,2
2369,Healthcare,appointment_booking,How can I book a doctor appointment? (request 41),"You can book an appointment by selecting a doctor, choosing an available date and time, and confirming the booking.",curated_project_dataset,train,1,2
2370,Healthcare,health_insurance,Does my health insurance cover this treatment? (request 69),"Coverage depends on your insurance plan, provider network, and policy terms. Check your policy or contact your insurer for confirmation.",curated_project_dataset,train,14,2
2371,Healthcare,prescription,How do I view my prescription? (request 40),"If your provider offers online records, sign in to your healthcare account and open the prescription or medication section.",curated_project_dataset,train,21,2
2372,Finance,cash_withdrawal,Why did my cash withdrawal fail? Can you guide me?,"A withdrawal may fail because of insufficient funds, card restrictions, ATM issues, or withdrawal limits.",curated_project_dataset,test,8,1
2373,E-commerce,refund,I want to know my refund status (request 72),Please provide your order details or check the refund section of your account for the latest status.,curated_project_dataset,validation,23,0
2374,E-commerce,cancel_order,Can I cancel my purchase? (request 46),Cancellation depends on the order status. Please open the order details and check whether the cancellation option is available.,curated_project_dataset,train,6,0
2375,E-commerce,track_order,My order has not arrived yet (request 32),"Please check the latest tracking update first. If the expected delivery date has passed, contact customer support with your order number.",curated_project_dataset,train,26,0
2376,Healthcare,symptoms_information,What should I do about these symptoms? (request 73),"I can provide general information, but symptoms alone cannot establish a diagnosis. For persistent, severe, or worrying symptoms, consult a qualified healthcare professional.",curated_project_dataset,train,25,2
2377,Healthcare,lab_test,I need information about a medical test (request 68),"Please provide the test name. Preparation, timing, and interpretation can vary by test.",curated_project_dataset,train,15,2
2378,Healthcare,symptoms_information,Can you tell me what my symptoms mean? (request 58),Symptoms can have many possible causes. Please consult a healthcare professional for an appropriate evaluation rather than relying on a chatbot for diagnosis.,curated_project_dataset,test,25,2
2379,Healthcare,emergency_guidance,This feels like an emergency (request 68),"Please seek immediate emergency medical assistance. If possible, have someone stay with you while help is arranged.",curated_project_dataset,test,12,2
2380,E-commerce,refund,My refund has not arrived (request 54),"Please check the refund status and original payment method. If the stated processing period has passed, contact customer support with your order details.",curated_project_dataset,train,23,0
2381,E-commerce,track_order,My order has not arrived yet (request 36),"Please check the latest tracking update first. If the expected delivery date has passed, contact customer support with your order number.",curated_project_dataset,validation,26,0
2382,Healthcare,medication_information,How should I learn about my prescribed medicine? (request 71),"Review the prescription and medication leaflet, and ask your doctor or pharmacist about dosage, interactions, and precautions.",curated_project_dataset,train,19,2
2383,E-commerce,refund,When will I get my refund? (request 97),Refund timing depends on the payment method and seller's processing time. Check your order's refund status for the latest update.,curated_project_dataset,train,23,0
2384,Finance,bank_account,I need help with this: How do I open a bank account? Can you guide me?,"Account-opening requirements vary by bank. Check the bank's official website or branch for eligibility, documents, and application steps.",curated_project_dataset,test,5,1
2385,E-commerce,product_information,Does this product have the features I need? (request 50),"Please check the product specifications and description. If a required feature is unclear, contact the seller for confirmation.",curated_project_dataset,train,22,0
2386,E-commerce,return_order,How do I return a product? (request 57),"Open your order details, select the return option if eligible, choose a return reason, and follow the provided instructions.",curated_project_dataset,train,24,0
2387,Finance,transfer_pending,My bank transfer has not completed (request 95),"Please check the transfer status and expected processing time. If it remains pending longer than expected, contact your bank.",curated_project_dataset,train,29,1
2388,E-commerce,product_information,Is this item available? (request 56),Check the product page for the latest stock status. Availability can change quickly.,curated_project_dataset,test,22,0
2389,Finance,cash_withdrawal,The ATM did not give me cash (request 90),"If your account was debited, keep the ATM receipt or transaction details and contact your bank immediately for investigation.",curated_project_dataset,train,8,1
2390,E-commerce,return_order,Can I return my product? (request 51),"Return eligibility depends on the product, seller policy, and purchase date. Check the return policy associated with your order.",curated_project_dataset,validation,24,0
2391,E-commerce,delivery_time,Do you offer fast delivery? (request 100),"Available delivery speeds depend on the product, seller, location, and shipping options shown at checkout.",curated_project_dataset,train,11,0
2392,E-commerce,return_order,How do I return a product? (request 53),"Open your order details, select the return option if eligible, choose a return reason, and follow the provided instructions.",curated_project_dataset,train,24,0
2393,Finance,loan_information,How can I apply for a loan? (request 81),"Loan eligibility, documents, interest rates, and application procedures vary by lender. Check the lender's official application process.",curated_project_dataset,train,16,1
2394,Healthcare,appointment_booking,I want to see a doctor (request 80),I can help you schedule a consultation. Please provide the medical specialty or doctor you want to visit.,curated_project_dataset,train,1,2
2395,E-commerce,cancel_order,I want to cancel my order (request 73),"If the order has not shipped, you may be able to cancel it from your order details. Once shipped, cancellation may no longer be available.",curated_project_dataset,train,6,0
2396,Healthcare,health_insurance,Can you help me with this? Can I use insurance for my hospital visit?,This depends on your plan and the healthcare provider. Confirm eligibility and any pre-authorization requirements with your insurer.,curated_project_dataset,train,14,2
2397,E-commerce,wrong_product,I received the wrong item (request 53),Please report the issue through your order details and provide the order number and photos of the received product if requested.,curated_project_dataset,train,30,0
2398,Finance,balance_inquiry,What is my account balance? Can you guide me?,"You can check your current balance through your bank's official mobile app, online banking portal, ATM, or branch.",curated_project_dataset,train,4,1
2399,Finance,bank_account,How do I open a bank account? (request 29),"Account-opening requirements vary by bank. Check the bank's official website or branch for eligibility, documents, and application steps.",curated_project_dataset,train,5,1
2400,Finance,transfer_failed,Why did my transfer fail? Can you guide me?,"Transfers can fail because of incorrect details, account restrictions, insufficient funds, or bank-side issues. Check the transaction information and contact your bank if needed.",curated_project_dataset,train,28,1
2401,Healthcare,appointment_cancel,I need to cancel my doctor's appointment (request 34),Please open your appointment details and select the cancellation option. Check the provider's cancellation policy for any applicable conditions.,curated_project_dataset,train,2,2
2402,E-commerce,cancel_order,I want to cancel my order (request 41),"If the order has not shipped, you may be able to cancel it from your order details. Once shipped, cancellation may no longer be available.",curated_project_dataset,train,6,0
2403,Healthcare,emergency_guidance,I have a severe medical problem. What should I do? (request 34),"Seek urgent medical attention immediately, especially if symptoms are severe, sudden, or life-threatening.",curated_project_dataset,train,12,2
2404,Healthcare,emergency_guidance,What should I do in a medical emergency? (request 29),"For a serious or life-threatening emergency, seek immediate emergency medical care or contact your local emergency service. Do not rely on a chatbot for emergency treatment.",curated_project_dataset,test,12,2
2405,Healthcare,health_insurance,I need information about health insurance (request 24),"Please specify whether you need help with coverage, claims, eligibility, or policy information so the appropriate guidance can be provided.",curated_project_dataset,train,14,2
2406,E-commerce,product_information,Is this item available? (request 32),Check the product page for the latest stock status. Availability can change quickly.,curated_project_dataset,train,22,0
2407,E-commerce,return_order,I want to know: Can I return my product?,"Return eligibility depends on the product, seller policy, and purchase date. Check the return policy associated with your order.",curated_project_dataset,test,24,0
2408,Healthcare,prescription,I want to know: Where can I find my prescription?,Your prescription may be available in your healthcare account or provided by your doctor. Check your medical records or contact the clinic.,curated_project_dataset,train,21,2
2409,Finance,fraud_transaction,I do not recognize a transaction (request 65),"If you do not recognize a transaction, contact your bank or card issuer through its official channel immediately and follow its fraud-reporting process.",curated_project_dataset,train,13,1
2410,Finance,transaction_issue,I need help with a bank transaction (request 96),Please check the transaction status and reference number. Your bank can investigate account-specific transaction issues.,curated_project_dataset,train,27,1
2411,E-commerce,account_issue,I cannot access my shopping account (request 97),"Use the account recovery or password-reset option. If you still cannot sign in, contact customer support through the official channel.",curated_project_dataset,train,0,0
2412,E-commerce,account_issue,How do I update my account details? (request 59),"Open your account settings and edit the available profile information, then save the changes.",curated_project_dataset,train,0,0
2413,E-commerce,refund,When will I get my refund? (request 85),Refund timing depends on the payment method and seller's processing time. Check your order's refund status for the latest update.,curated_project_dataset,train,23,0
2414,Healthcare,health_insurance,Can I use insurance for my hospital visit? (request 95),This depends on your plan and the healthcare provider. Confirm eligibility and any pre-authorization requirements with your insurer.,curated_project_dataset,train,14,2
2415,Healthcare,health_insurance,Does my health insurance cover this treatment? (request 29),"Coverage depends on your insurance plan, provider network, and policy terms. Check your policy or contact your insurer for confirmation.",curated_project_dataset,train,14,2
2416,Finance,fraud_transaction,I need help with this: I do not recognize a transaction. Can you guide me?,"If you do not recognize a transaction, contact your bank or card issuer through its official channel immediately and follow its fraud-reporting process.",curated_project_dataset,train,13,1
2417,E-commerce,delivery_time,Do you offer fast delivery? (request 84),"Available delivery speeds depend on the product, seller, location, and shipping options shown at checkout.",curated_project_dataset,train,11,0
2418,Finance,cash_withdrawal,Why did my cash withdrawal fail? (request 75),"A withdrawal may fail because of insufficient funds, card restrictions, ATM issues, or withdrawal limits.",curated_project_dataset,train,8,1
2419,Finance,fraud_transaction,Someone may have used my card (request 70),"Contact your card issuer immediately using the official number or app, secure your account, and follow the issuer's instructions for reporting suspected fraud.",curated_project_dataset,train,13,1
2420,Finance,cash_withdrawal,Please help me: I could not withdraw cash. Can you guide me?,"Check whether your card is active and whether you have sufficient available balance. If the ATM charged you without dispensing cash, contact your bank promptly.",curated_project_dataset,train,8,1
2421,Healthcare,lab_test,How do I book a lab test? (request 53),"Select the required test, choose an available laboratory or collection service, and confirm the appointment if booking is available.",curated_project_dataset,train,15,2
2422,Healthcare,appointment_cancel,How do I cancel my appointment? (request 73),"You can cancel the appointment from your booking details. If cancellation is unavailable online, contact the healthcare provider.",curated_project_dataset,train,2,2
2423,Healthcare,appointment_booking,Can I make an appointment for tomorrow? (request 39),"Yes, if appointments are available. Please select the doctor and check tomorrow's available time slots.",curated_project_dataset,train,1,2
2424,Finance,credit_card,How can I apply for a credit card? (request 61),Credit-card eligibility and application requirements vary by issuer. Check the issuer's official application process and terms.,curated_project_dataset,train,9,1
2425,Healthcare,medical_report,Can you help me with this? Can you explain my medical report?,"I can explain general medical terminology, but a healthcare professional should interpret your results in the context of your symptoms and medical history.",curated_project_dataset,validation,18,2
2426,Healthcare,appointment_booking,Can I make an appointment for tomorrow? (request 91),"Yes, if appointments are available. Please select the doctor and check tomorrow's available time slots.",curated_project_dataset,train,1,2
2427,Finance,fraud_transaction,There is a suspicious transaction on my account (request 55),Review the transaction and report it to your bank promptly if you did not authorize it. Use only official banking contact channels.,curated_project_dataset,validation,13,1
2428,E-commerce,return_order,I need help with this: I want to return something I bought.,You can request a return from the order details if the item meets the seller's return conditions.,curated_project_dataset,train,24,0
2429,Finance,cash_withdrawal,The ATM did not give me cash (request 86),"If your account was debited, keep the ATM receipt or transaction details and contact your bank immediately for investigation.",curated_project_dataset,train,8,1
2430,E-commerce,wrong_product,I got the wrong product. What should I do? (request 28),"Keep the item and packaging, then submit an incorrect-item request through your order details.",curated_project_dataset,train,30,0
2431,E-commerce,cancel_order,How do I stop an order before it ships? (request 56),Open your order details and select cancellation if the option is still available.,curated_project_dataset,train,6,0
2432,E-commerce,refund,When will I get my refund? (request 25),Refund timing depends on the payment method and seller's processing time. Check your order's refund status for the latest update.,curated_project_dataset,train,23,0
2433,Healthcare,appointment_reschedule,Can I change my appointment time? (request 17),"Yes. If another slot is available, you can reschedule the appointment from your booking details.",curated_project_dataset,train,3,2
2434,Healthcare,prescription,I need help with this: I lost my prescription. What should I do?,Contact the prescribing healthcare provider or pharmacist. They can advise whether a replacement or copy can be issued.,curated_project_dataset,train,21,2
2435,E-commerce,delivery_time,When will my order be delivered? (request 81),The estimated delivery date is usually shown in your order details and may depend on your location and shipping method.,curated_project_dataset,train,11,0
2436,Healthcare,medication_information,I want information about my medication (request 100),Please share the medicine name if you want general information. Do not change the prescribed dose without consulting your healthcare professional.,curated_project_dataset,validation,19,2
2437,Finance,cash_withdrawal,I could not withdraw cash (request 49),"Check whether your card is active and whether you have sufficient available balance. If the ATM charged you without dispensing cash, contact your bank promptly.",curated_project_dataset,train,8,1
2438,E-commerce,wrong_product,I received the wrong item (request 57),Please report the issue through your order details and provide the order number and photos of the received product if requested.,curated_project_dataset,train,30,0
2439,E-commerce,refund,When will I get my refund? (request 89),Refund timing depends on the payment method and seller's processing time. Check your order's refund status for the latest update.,curated_project_dataset,train,23,0
2440,E-commerce,product_information,Please help me: Is this item available?,Check the product page for the latest stock status. Availability can change quickly.,curated_project_dataset,train,22,0
2441,Finance,transaction_issue,Why is my transaction not showing? (request 87),Transaction updates can take time depending on the transaction type. Check again later and contact your bank if the expected posting time has passed.,curated_project_dataset,test,27,1
2442,Finance,loan_information,I want to know: I need information about a personal loan. Can you guide me?,"Personal-loan terms vary by lender, including eligibility, interest rate, tenure, and fees. Review the lender's official terms before applying.",curated_project_dataset,test,16,1
2443,Finance,transfer_pending,My money transfer is pending (request 77),Pending transfers can take time depending on the bank and transfer type. Please check the transaction status and contact your bank if it remains pending beyond the expected processing period.,curated_project_dataset,train,29,1
2444,E-commerce,product_information,How can I get information about a product? (request 41),"Open the product page to view its description, specifications, availability, price, and seller information.",curated_project_dataset,train,22,0
2445,E-commerce,return_order,Can you help me with this? I want to return something I bought.,You can request a return from the order details if the item meets the seller's return conditions.,curated_project_dataset,train,24,0
2446,E-commerce,payment_failed,I need help with this: My payment failed.,"Please verify your payment details, available funds, and any bank authentication requirements, then try again.",curated_project_dataset,test,20,0
2447,Finance,balance_inquiry,Please help me: How can I check my balance? Can you guide me?,Use your bank's official app or online banking service to view your current account balance.,curated_project_dataset,train,4,1
2448,Finance,bank_account,What documents are needed to open an account? Can you guide me?,Requirements vary by bank and account type. Check the bank's official documentation for current identity and address requirements.,curated_project_dataset,validation,5,1
2449,E-commerce,delivery_time,When will my order be delivered? (request 77),The estimated delivery date is usually shown in your order details and may depend on your location and shipping method.,curated_project_dataset,train,11,0
2450,E-commerce,cancel_order,Can I cancel my purchase? (request 98),Cancellation depends on the order status. Please open the order details and check whether the cancellation option is available.,curated_project_dataset,train,6,0
2451,E-commerce,product_information,Where can I find product specifications? (request 43),Product specifications are usually listed on the product page under the description or specifications section.,curated_project_dataset,train,22,0
2452,Healthcare,emergency_guidance,I have a severe medical problem. What should I do? (request 54),"Seek urgent medical attention immediately, especially if symptoms are severe, sudden, or life-threatening.",curated_project_dataset,train,12,2
2453,Healthcare,medical_report,I received my test report. What does it mean? (request 51),"Please discuss the report with your healthcare professional, who can interpret the findings using your clinical history and examination.",curated_project_dataset,test,18,2
2454,Healthcare,appointment_reschedule,Can I move my appointment to next week? (request 35),You can reschedule if the provider has an available slot next week.,curated_project_dataset,train,3,2
2455,Healthcare,medical_report,Where can I see my medical report? (request 33),"If digital records are available, check your healthcare account or patient portal. Otherwise, contact the healthcare provider that performed the test.",curated_project_dataset,train,18,2
2456,Finance,fraud_transaction,I do not recognize a transaction (request 93),"If you do not recognize a transaction, contact your bank or card issuer through its official channel immediately and follow its fraud-reporting process.",curated_project_dataset,validation,13,1
2457,E-commerce,cancel_order,I want to cancel my order (request 57),"If the order has not shipped, you may be able to cancel it from your order details. Once shipped, cancellation may no longer be available.",curated_project_dataset,train,6,0
2458,Finance,cash_withdrawal,The ATM did not give me cash (request 74),"If your account was debited, keep the ATM receipt or transaction details and contact your bank immediately for investigation.",curated_project_dataset,test,8,1
2459,Finance,card_payment,Why did my card payment fail? (request 46),"A card payment may fail because of insufficient funds, incorrect details, security checks, or merchant restrictions.",curated_project_dataset,test,7,1
2460,E-commerce,return_order,I want to know: I want to return something I bought.,You can request a return from the order details if the item meets the seller's return conditions.,curated_project_dataset,train,24,0
2461,E-commerce,track_order,How can I track my package? (request 66),Use the tracking link in your order details or provide your order number to check the shipment status.,curated_project_dataset,train,26,0
2462,Finance,transfer_failed,My money transfer failed (request 57),"Please check the transfer details and your account status. If the problem persists, contact your bank for the specific reason for failure.",curated_project_dataset,train,28,1
2463,E-commerce,track_order,What is the status of my order? (request 63),Please provide your order number so the current delivery status can be checked.,curated_project_dataset,validation,26,0
2464,E-commerce,cancel_order,How do I stop an order before it ships? (request 68),Open your order details and select cancellation if the option is still available.,curated_project_dataset,test,6,0
2465,E-commerce,payment_failed,My payment failed (request 93),"Please verify your payment details, available funds, and any bank authentication requirements, then try again.",curated_project_dataset,train,20,0
2466,Finance,card_payment,I cannot pay with my card (request 75),"Verify that your card is active and has sufficient funds. If payments continue to fail, contact your card issuer.",curated_project_dataset,test,7,1
2467,Healthcare,health_insurance,Does my health insurance cover this treatment? (request 85),"Coverage depends on your insurance plan, provider network, and policy terms. Check your policy or contact your insurer for confirmation.",curated_project_dataset,train,14,2
2468,Healthcare,appointment_cancel,Please cancel my consultation (request 44),I can guide you through cancellation. Open the appointment record and choose Cancel Appointment.,curated_project_dataset,train,2,2
2469,Finance,fraud_transaction,There is a suspicious transaction on my account (request 43),Review the transaction and report it to your bank promptly if you did not authorize it. Use only official banking contact channels.,curated_project_dataset,train,13,1
2470,Healthcare,health_insurance,Can I use insurance for my hospital visit? (request 51),This depends on your plan and the healthcare provider. Confirm eligibility and any pre-authorization requirements with your insurer.,curated_project_dataset,train,14,2
2471,Healthcare,medical_report,Can you explain my medical report? (request 18),"I can explain general medical terminology, but a healthcare professional should interpret your results in the context of your symptoms and medical history.",curated_project_dataset,train,18,2
2472,Finance,credit_card,How can I apply for a credit card? (request 65),Credit-card eligibility and application requirements vary by issuer. Check the issuer's official application process and terms.,curated_project_dataset,train,9,1
2473,Healthcare,appointment_reschedule,Can I change my appointment time? (request 65),"Yes. If another slot is available, you can reschedule the appointment from your booking details.",curated_project_dataset,train,3,2
2474,Healthcare,appointment_booking,I want to see a doctor (request 76),I can help you schedule a consultation. Please provide the medical specialty or doctor you want to visit.,curated_project_dataset,train,1,2
2475,Healthcare,symptoms_information,I want information about my symptoms (request 96),"I can provide general health information, but a clinician should evaluate symptoms to determine the appropriate diagnosis and treatment.",curated_project_dataset,validation,25,2
2476,Finance,cash_withdrawal,The ATM did not give me cash (request 46),"If your account was debited, keep the ATM receipt or transaction details and contact your bank immediately for investigation.",curated_project_dataset,train,8,1
2477,Finance,balance_inquiry,What is my account balance? (request 25),"You can check your current balance through your bank's official mobile app, online banking portal, ATM, or branch.",curated_project_dataset,validation,4,1
2478,Finance,loan_information,How do I check loan eligibility? (request 100),"Eligibility depends on the lender's criteria, which may include income, credit history, employment, and existing obligations.",curated_project_dataset,train,16,1
2479,Healthcare,symptoms_information,What should I do about these symptoms? (request 97),"I can provide general information, but symptoms alone cannot establish a diagnosis. For persistent, severe, or worrying symptoms, consult a qualified healthcare professional.",curated_project_dataset,train,25,2
2480,E-commerce,refund,My refund has not arrived (request 66),"Please check the refund status and original payment method. If the stated processing period has passed, contact customer support with your order details.",curated_project_dataset,train,23,0
2481,Finance,cash_withdrawal,I could not withdraw cash.,"Check whether your card is active and whether you have sufficient available balance. If the ATM charged you without dispensing cash, contact your bank promptly.",curated_project_dataset,train,8,1
2482,E-commerce,account_issue,My account is not working.,"Try signing out and back in or resetting your password. If the problem continues, contact customer support.",curated_project_dataset,train,0,0
2483,Healthcare,prescription,How do I view my prescription? (request 96),"If your provider offers online records, sign in to your healthcare account and open the prescription or medication section.",curated_project_dataset,train,21,2
2484,Finance,transfer_failed,I need help with this: Why did my transfer fail? Can you guide me?,"Transfers can fail because of incorrect details, account restrictions, insufficient funds, or bank-side issues. Check the transaction information and contact your bank if needed.",curated_project_dataset,test,28,1
2485,E-commerce,return_order,How do I return a product? (request 97),"Open your order details, select the return option if eligible, choose a return reason, and follow the provided instructions.",curated_project_dataset,train,24,0
2486,E-commerce,wrong_product,Please help me: My order contains a different product.,Start a return or replacement request for the incorrect item and follow the seller's instructions.,curated_project_dataset,validation,30,0
2487,Healthcare,health_insurance,Does my health insurance cover this treatment? (request 73),"Coverage depends on your insurance plan, provider network, and policy terms. Check your policy or contact your insurer for confirmation.",curated_project_dataset,train,14,2
2488,Finance,fraud_transaction,I think my account has been compromised. Can you guide me?,"Contact your bank immediately through an official channel, secure your account credentials, and follow its instructions for protecting the account.",curated_project_dataset,train,13,1
2489,Finance,transaction_issue,Why is my transaction not showing? (request 27),Transaction updates can take time depending on the transaction type. Check again later and contact your bank if the expected posting time has passed.,curated_project_dataset,train,27,1
2490,E-commerce,product_information,How can I get information about a product? (request 49),"Open the product page to view its description, specifications, availability, price, and seller information.",curated_project_dataset,train,22,0
2491,Healthcare,appointment_booking,How can I book a doctor appointment? (request 37),"You can book an appointment by selecting a doctor, choosing an available date and time, and confirming the booking.",curated_project_dataset,validation,1,2
2492,Finance,cash_withdrawal,Why did my cash withdrawal fail? (request 27),"A withdrawal may fail because of insufficient funds, card restrictions, ATM issues, or withdrawal limits.",curated_project_dataset,test,8,1
2493,Finance,transfer_failed,The transfer was unsuccessful (request 44),Please review the transaction details and any error message. Your bank can provide the exact reason if the transaction was rejected.,curated_project_dataset,train,28,1
2494,Finance,fraud_transaction,I do not recognize a transaction (request 41),"If you do not recognize a transaction, contact your bank or card issuer through its official channel immediately and follow its fraud-reporting process.",curated_project_dataset,validation,13,1
2495,Healthcare,emergency_guidance,I have a severe medical problem. What should I do? (request 78),"Seek urgent medical attention immediately, especially if symptoms are severe, sudden, or life-threatening.",curated_project_dataset,train,12,2
2496,E-commerce,product_information,Is this item available? (request 72),Check the product page for the latest stock status. Availability can change quickly.,curated_project_dataset,train,22,0
2497,E-commerce,cancel_order,Can you help me with this? Please cancel my order.,I can guide you through cancellation. Check your order details for the Cancel Order option.,curated_project_dataset,train,6,0
2498,Finance,balance_inquiry,Can I check my balance online? (request 40),Yes. Most banks provide balance information through their official online banking or mobile application.,curated_project_dataset,train,4,1
2499,E-commerce,wrong_product,I received the wrong item (request 93),Please report the issue through your order details and provide the order number and photos of the received product if requested.,curated_project_dataset,train,30,0
2500,Healthcare,lab_test,I need information about a medical test (request 76),"Please provide the test name. Preparation, timing, and interpretation can vary by test.",curated_project_dataset,train,15,2
2501,Healthcare,medical_report,Where can I see my medical report? (request 29),"If digital records are available, check your healthcare account or patient portal. Otherwise, contact the healthcare provider that performed the test.",curated_project_dataset,train,18,2
2502,Healthcare,medication_information,Can you help me with this? What is this medicine used for?,Medication uses depend on the specific medicine and your circumstances. Check the medicine label or consult a pharmacist or doctor for reliable guidance.,curated_project_dataset,train,19,2
2503,E-commerce,product_information,I need help with this: How can I get information about a product?,"Open the product page to view its description, specifications, availability, price, and seller information.",curated_project_dataset,train,22,0
2504,E-commerce,delivery_time,How long does delivery take? (request 50),"Delivery time varies by location, seller, and shipping option. Check the estimated delivery date shown during checkout or in your order.",curated_project_dataset,test,11,0
2505,Healthcare,health_insurance,How can I check my medical insurance coverage? (request 26),Review your policy documents or contact the insurer using the official customer-service channel to confirm coverage.,curated_project_dataset,train,14,2
2506,Healthcare,lab_test,Please help me: How do I book a lab test?,"Select the required test, choose an available laboratory or collection service, and confirm the appointment if booking is available.",curated_project_dataset,train,15,2
2507,Healthcare,appointment_cancel,Can I cancel my appointment today? (request 15),"Yes, if cancellation is allowed by the provider. Please check your appointment details for the applicable cancellation policy.",curated_project_dataset,test,2,2
2508,Healthcare,medication_information,Can you help me with this? Can you give me information about a medicine?,"Please provide the medicine name. I can give general information, but medication decisions should be confirmed with a qualified healthcare professional.",curated_project_dataset,train,19,2
2509,E-commerce,delivery_time,How long does delivery take? (request 26),"Delivery time varies by location, seller, and shipping option. Check the estimated delivery date shown during checkout or in your order.",curated_project_dataset,test,11,0
2510,Finance,fraud_transaction,I think my account has been compromised (request 40),"Contact your bank immediately through an official channel, secure your account credentials, and follow its instructions for protecting the account.",curated_project_dataset,train,13,1
2511,Healthcare,appointment_booking,I need to schedule a consultation (request 90),Sure. Please choose the required doctor or specialty and select an available appointment slot.,curated_project_dataset,train,1,2
2512,Finance,transfer_pending,My bank transfer has not completed (request 83),"Please check the transfer status and expected processing time. If it remains pending longer than expected, contact your bank.",curated_project_dataset,train,29,1
2513,Healthcare,medical_report,Can you explain my medical report? (request 54),"I can explain general medical terminology, but a healthcare professional should interpret your results in the context of your symptoms and medical history.",curated_project_dataset,train,18,2
2514,E-commerce,delivery_time,Can I know the expected delivery date? (request 31),Yes. Check your order details for the current estimated delivery date.,curated_project_dataset,validation,11,0
2515,Healthcare,appointment_booking,I need help with this: I want to see a doctor.,I can help you schedule a consultation. Please provide the medical specialty or doctor you want to visit.,curated_project_dataset,train,1,2
2516,Finance,card_payment,My card payment was declined (request 45),"Check your card status, available funds, payment details, and any bank security restrictions. Contact your bank if the decline continues.",curated_project_dataset,test,7,1
2517,Healthcare,appointment_reschedule,Can I change my appointment time? (request 85),"Yes. If another slot is available, you can reschedule the appointment from your booking details.",curated_project_dataset,train,3,2
2518,E-commerce,track_order,What is the status of my order? (request 67),Please provide your order number so the current delivery status can be checked.,curated_project_dataset,train,26,0
2519,E-commerce,cancel_order,How do I stop an order before it ships? (request 92),Open your order details and select cancellation if the option is still available.,curated_project_dataset,train,6,0
2520,E-commerce,payment_failed,My payment failed (request 41),"Please verify your payment details, available funds, and any bank authentication requirements, then try again.",curated_project_dataset,train,20,0
2521,Finance,credit_card,What is my credit card limit?,"Your current credit limit is available through your card issuer's official app, online account, statement, or customer service.",curated_project_dataset,train,9,1
2522,Finance,credit_card,How can I apply for a credit card?,Credit-card eligibility and application requirements vary by issuer. Check the issuer's official application process and terms.,curated_project_dataset,train,9,1
2523,Finance,loan_information,Please help me: What documents are required for a loan? Can you guide me?,"Requirements depend on the lender and loan type. Commonly requested documents may include identity, income, and address information.",curated_project_dataset,train,16,1
2524,E-commerce,product_information,How can I get information about a product? (request 69),"Open the product page to view its description, specifications, availability, price, and seller information.",curated_project_dataset,train,22,0
2525,Finance,card_payment,My debit card payment did not work (request 28),"Please check your card balance and status. If the issue continues, contact your bank for assistance.",curated_project_dataset,train,7,1
2526,Finance,cash_withdrawal,The ATM did not give me cash (request 78),"If your account was debited, keep the ATM receipt or transaction details and contact your bank immediately for investigation.",curated_project_dataset,train,8,1
2527,E-commerce,delivery_time,Do you offer fast delivery? (request 88),"Available delivery speeds depend on the product, seller, location, and shipping options shown at checkout.",curated_project_dataset,train,11,0
2528,Healthcare,health_insurance,I need information about health insurance (request 52),"Please specify whether you need help with coverage, claims, eligibility, or policy information so the appropriate guidance can be provided.",curated_project_dataset,train,14,2
2529,Finance,balance_inquiry,Please help me: Can I check my balance online? Can you guide me?,Yes. Most banks provide balance information through their official online banking or mobile application.,curated_project_dataset,train,4,1
2530,Healthcare,health_insurance,I need information about health insurance (request 96),"Please specify whether you need help with coverage, claims, eligibility, or policy information so the appropriate guidance can be provided.",curated_project_dataset,validation,14,2
2531,Healthcare,medication_information,What is this medicine used for? (request 97),Medication uses depend on the specific medicine and your circumstances. Check the medicine label or consult a pharmacist or doctor for reliable guidance.,curated_project_dataset,train,19,2
2532,Finance,transaction_issue,I need help with this: My transaction looks incorrect. Can you guide me?,"Please verify the amount, date, and transaction details. If you do not recognize or agree with the transaction, contact your bank promptly.",curated_project_dataset,train,27,1
2533,E-commerce,damaged_product,I received a broken product (request 83),Please report the issue promptly through your order support or return process and provide clear photos of the damage.,curated_project_dataset,train,10,0
2534,Healthcare,symptoms_information,I want information about my symptoms (request 36),"I can provide general health information, but a clinician should evaluate symptoms to determine the appropriate diagnosis and treatment.",curated_project_dataset,train,25,2
2535,Healthcare,prescription,I need help with this: How do I view my prescription?,"If your provider offers online records, sign in to your healthcare account and open the prescription or medication section.",curated_project_dataset,train,21,2
2536,E-commerce,refund,When will I get my refund? (request 49),Refund timing depends on the payment method and seller's processing time. Check your order's refund status for the latest update.,curated_project_dataset,train,23,0
2537,E-commerce,track_order,Please help me: My order has not arrived yet.,"Please check the latest tracking update first. If the expected delivery date has passed, contact customer support with your order number.",curated_project_dataset,test,26,0
2538,Finance,credit_card,How can I apply for a credit card? Can you guide me?,Credit-card eligibility and application requirements vary by issuer. Check the issuer's official application process and terms.,curated_project_dataset,train,9,1
2539,Finance,credit_card,I need help with my credit card.,"Please specify whether you need help with payments, limits, transactions, fees, or card access so the appropriate guidance can be provided.",curated_project_dataset,train,9,1
2540,E-commerce,damaged_product,What should I do if my item is damaged? (request 82),"Keep the product and packaging, document the damage with photos, and submit a damage claim or return request through the order details.",curated_project_dataset,train,10,0
2541,E-commerce,damaged_product,What should I do if my item is damaged? (request 86),"Keep the product and packaging, document the damage with photos, and submit a damage claim or return request through the order details.",curated_project_dataset,train,10,0
2542,Finance,transfer_pending,My bank transfer has not completed (request 71),"Please check the transfer status and expected processing time. If it remains pending longer than expected, contact your bank.",curated_project_dataset,test,29,1
2543,Healthcare,symptoms_information,What should I do about these symptoms? (request 57),"I can provide general information, but symptoms alone cannot establish a diagnosis. For persistent, severe, or worrying symptoms, consult a qualified healthcare professional.",curated_project_dataset,train,25,2
2544,Finance,credit_card,How can I apply for a credit card? (request 53),Credit-card eligibility and application requirements vary by issuer. Check the issuer's official application process and terms.,curated_project_dataset,validation,9,1
2545,E-commerce,refund,I need help with this: When will I get my refund?,Refund timing depends on the payment method and seller's processing time. Check your order's refund status for the latest update.,curated_project_dataset,validation,23,0
2546,E-commerce,delivery_time,Do you offer fast delivery? (request 36),"Available delivery speeds depend on the product, seller, location, and shipping options shown at checkout.",curated_project_dataset,train,11,0
2547,Healthcare,prescription,I lost my prescription. What should I do? (request 51),Contact the prescribing healthcare provider or pharmacist. They can advise whether a replacement or copy can be issued.,curated_project_dataset,train,21,2
2548,Finance,transaction_issue,There is a problem with my transaction (request 89),"Review the transaction details and status in your banking account. If the issue is unresolved, contact your bank with the transaction reference.",curated_project_dataset,train,27,1
2549,Finance,card_payment,My debit card payment did not work (request 80),"Please check your card balance and status. If the issue continues, contact your bank for assistance.",curated_project_dataset,train,7,1
2550,Finance,cash_withdrawal,Can you help me with this? The ATM did not give me cash. Can you guide me?,"If your account was debited, keep the ATM receipt or transaction details and contact your bank immediately for investigation.",curated_project_dataset,train,8,1
2551,Finance,balance_inquiry,How can I check my balance? (request 66),Use your bank's official app or online banking service to view your current account balance.,curated_project_dataset,train,4,1
2552,E-commerce,return_order,What is the process for returning an item? (request 28),"Start a return request from your order details, select the reason, and follow the packaging and pickup or drop-off instructions.",curated_project_dataset,validation,24,0
2553,Finance,credit_card,I need help with this: How do I pay my credit card bill? Can you guide me?,"You can usually pay through the issuer's official app, online banking, bank transfer, or another supported payment method.",curated_project_dataset,train,9,1
2554,Healthcare,emergency_guidance,I have a severe medical problem. What should I do? (request 58),"Seek urgent medical attention immediately, especially if symptoms are severe, sudden, or life-threatening.",curated_project_dataset,train,12,2
2555,E-commerce,damaged_product,What should I do if my item is damaged? (request 74),"Keep the product and packaging, document the damage with photos, and submit a damage claim or return request through the order details.",curated_project_dataset,train,10,0
2556,Finance,transfer_failed,Why did my transfer fail? (request 42),"Transfers can fail because of incorrect details, account restrictions, insufficient funds, or bank-side issues. Check the transaction information and contact your bank if needed.",curated_project_dataset,train,28,1
2557,E-commerce,track_order,Where is my order? (request 9),I can help with order tracking. Please provide your order number or tracking details.,curated_project_dataset,train,26,0
2558,E-commerce,track_order,Where is my order? (request 93),I can help with order tracking. Please provide your order number or tracking details.,curated_project_dataset,test,26,0
2559,Finance,bank_account,I want to open a new bank account (request 75),Choose an appropriate account type and follow the bank's official application process. You may need identity and address documents.,curated_project_dataset,train,5,1
2560,Healthcare,emergency_guidance,What should I do in a medical emergency? (request 97),"For a serious or life-threatening emergency, seek immediate emergency medical care or contact your local emergency service. Do not rely on a chatbot for emergency treatment.",curated_project_dataset,train,12,2
2561,E-commerce,delivery_time,Do you offer fast delivery? (request 80),"Available delivery speeds depend on the product, seller, location, and shipping options shown at checkout.",curated_project_dataset,test,11,0
2562,Healthcare,appointment_cancel,I need to cancel my doctor's appointment (request 54),Please open your appointment details and select the cancellation option. Check the provider's cancellation policy for any applicable conditions.,curated_project_dataset,test,2,2
2563,Finance,loan_information,What documents are required for a loan? (request 83),"Requirements depend on the lender and loan type. Commonly requested documents may include identity, income, and address information.",curated_project_dataset,test,16,1
2564,Healthcare,prescription,Where can I find my prescription? (request 81),Your prescription may be available in your healthcare account or provided by your doctor. Check your medical records or contact the clinic.,curated_project_dataset,train,21,2
2565,E-commerce,payment_failed,I cannot complete my payment (request 71),"Check the payment method and billing details, then retry. If it still fails, try another supported payment method.",curated_project_dataset,train,20,0
2566,Healthcare,medical_report,How do I download my lab report?,"If online access is provided, sign in to the patient portal and look under reports or test results.",curated_project_dataset,train,18,2
2567,E-commerce,return_order,Can you help me with this? How do I return a product?,"Open your order details, select the return option if eligible, choose a return reason, and follow the provided instructions.",curated_project_dataset,train,24,0
2568,Healthcare,health_insurance,Does my health insurance cover this treatment? (request 97),"Coverage depends on your insurance plan, provider network, and policy terms. Check your policy or contact your insurer for confirmation.",curated_project_dataset,validation,14,2
2569,Healthcare,medication_information,I want information about my medication (request 88),Please share the medicine name if you want general information. Do not change the prescribed dose without consulting your healthcare professional.,curated_project_dataset,train,19,2
2570,Healthcare,prescription,How do I view my prescription? (request 60),"If your provider offers online records, sign in to your healthcare account and open the prescription or medication section.",curated_project_dataset,train,21,2
2571,E-commerce,cancel_order,Can I cancel my purchase? (request 42),Cancellation depends on the order status. Please open the order details and check whether the cancellation option is available.,curated_project_dataset,train,6,0
2572,E-commerce,cancel_order,I want to know: How do I stop an order before it ships?,Open your order details and select cancellation if the option is still available.,curated_project_dataset,validation,6,0
2573,Healthcare,prescription,Can you help me with this? Where can I find my prescription?,Your prescription may be available in your healthcare account or provided by your doctor. Check your medical records or contact the clinic.,curated_project_dataset,train,21,2
2574,Healthcare,lab_test,Where can I get my blood test done? (request 34),You can use an authorized laboratory or collection center. Follow the test-specific preparation instructions provided by your healthcare provider.,curated_project_dataset,train,15,2
2575,Finance,cash_withdrawal,I could not withdraw cash (request 85),"Check whether your card is active and whether you have sufficient available balance. If the ATM charged you without dispensing cash, contact your bank promptly.",curated_project_dataset,train,8,1
2576,E-commerce,delivery_time,When will my order be delivered? (request 65),The estimated delivery date is usually shown in your order details and may depend on your location and shipping method.,curated_project_dataset,train,11,0
2577,E-commerce,track_order,I need help with this: Where is my order?,I can help with order tracking. Please provide your order number or tracking details.,curated_project_dataset,test,26,0
2578,E-commerce,account_issue,My account is not working (request 32),"Try signing out and back in or resetting your password. If the problem continues, contact customer support.",curated_project_dataset,test,0,0
2579,E-commerce,cancel_order,Please cancel my order (request 51),I can guide you through cancellation. Check your order details for the Cancel Order option.,curated_project_dataset,validation,6,0
2580,Finance,credit_card,Please help me: What is my credit card limit? Can you guide me?,"Your current credit limit is available through your card issuer's official app, online account, statement, or customer service.",curated_project_dataset,test,9,1
2581,Healthcare,appointment_cancel,Please help me: How do I cancel my appointment?,"You can cancel the appointment from your booking details. If cancellation is unavailable online, contact the healthcare provider.",curated_project_dataset,train,2,2
2582,Healthcare,medical_report,Where can I see my medical report? (request 41),"If digital records are available, check your healthcare account or patient portal. Otherwise, contact the healthcare provider that performed the test.",curated_project_dataset,train,18,2
2583,Finance,loan_information,How do I check loan eligibility? (request 64),"Eligibility depends on the lender's criteria, which may include income, credit history, employment, and existing obligations.",curated_project_dataset,train,16,1
2584,E-commerce,account_issue,How do I update my account details? (request 75),"Open your account settings and edit the available profile information, then save the changes.",curated_project_dataset,train,0,0
2585,E-commerce,track_order,How can I track my package? (request 82),Use the tracking link in your order details or provide your order number to check the shipment status.,curated_project_dataset,validation,26,0
2586,E-commerce,wrong_product,Can you help me with this? The product I received is not what I ordered.,Please report the mismatch through customer support or the order return process so the issue can be investigated.,curated_project_dataset,test,30,0
2587,Healthcare,health_insurance,Can I use insurance for my hospital visit? (request 31),This depends on your plan and the healthcare provider. Confirm eligibility and any pre-authorization requirements with your insurer.,curated_project_dataset,train,14,2
2588,Healthcare,appointment_cancel,Please cancel my consultation (request 20),I can guide you through cancellation. Open the appointment record and choose Cancel Appointment.,curated_project_dataset,test,2,2
2589,Healthcare,lab_test,How do I book a lab test? (request 57),"Select the required test, choose an available laboratory or collection service, and confirm the appointment if booking is available.",curated_project_dataset,train,15,2
2590,Finance,loan_information,How can I apply for a loan? (request 33),"Loan eligibility, documents, interest rates, and application procedures vary by lender. Check the lender's official application process.",curated_project_dataset,train,16,1
2591,Finance,bank_account,How do I open a bank account? (request 93),"Account-opening requirements vary by bank. Check the bank's official website or branch for eligibility, documents, and application steps.",curated_project_dataset,train,5,1
2592,Finance,fraud_transaction,I do not recognize a transaction (request 33),"If you do not recognize a transaction, contact your bank or card issuer through its official channel immediately and follow its fraud-reporting process.",curated_project_dataset,train,13,1
2593,Healthcare,lab_test,I need information about a medical test (request 36),"Please provide the test name. Preparation, timing, and interpretation can vary by test.",curated_project_dataset,train,15,2
2594,Healthcare,symptoms_information,Can you tell me what my symptoms mean? (request 70),Symptoms can have many possible causes. Please consult a healthcare professional for an appropriate evaluation rather than relying on a chatbot for diagnosis.,curated_project_dataset,train,25,2
2595,Healthcare,appointment_reschedule,Can I change my appointment time? (request 69),"Yes. If another slot is available, you can reschedule the appointment from your booking details.",curated_project_dataset,test,3,2
2596,Healthcare,appointment_booking,Can I make an appointment for tomorrow? (request 47),"Yes, if appointments are available. Please select the doctor and check tomorrow's available time slots.",curated_project_dataset,train,1,2
2597,Healthcare,emergency_guidance,This feels like an emergency (request 92),"Please seek immediate emergency medical assistance. If possible, have someone stay with you while help is arranged.",curated_project_dataset,validation,12,2
2598,Healthcare,health_insurance,Does my health insurance cover this treatment? (request 77),"Coverage depends on your insurance plan, provider network, and policy terms. Check your policy or contact your insurer for confirmation.",curated_project_dataset,train,14,2
2599,Healthcare,medical_report,Can you explain my medical report? (request 74),"I can explain general medical terminology, but a healthcare professional should interpret your results in the context of your symptoms and medical history.",curated_project_dataset,train,18,2
2600,E-commerce,return_order,I want to know: What is the process for returning an item?,"Start a return request from your order details, select the reason, and follow the packaging and pickup or drop-off instructions.",curated_project_dataset,train,24,0
2601,E-commerce,cancel_order,Please cancel my order (request 27),I can guide you through cancellation. Check your order details for the Cancel Order option.,curated_project_dataset,train,6,0
2602,Healthcare,appointment_booking,Please help me: How can I book a doctor appointment?,"You can book an appointment by selecting a doctor, choosing an available date and time, and confirming the booking.",curated_project_dataset,test,1,2
2603,E-commerce,product_information,Is this item available? (request 96),Check the product page for the latest stock status. Availability can change quickly.,curated_project_dataset,validation,22,0
2604,Finance,transaction_issue,I need help with a bank transaction. Can you guide me?,Please check the transaction status and reference number. Your bank can investigate account-specific transaction issues.,curated_project_dataset,train,27,1
2605,Finance,card_payment,My debit card payment did not work (request 92),"Please check your card balance and status. If the issue continues, contact your bank for assistance.",curated_project_dataset,train,7,1
2606,E-commerce,track_order,How can I track my package? (request 78),Use the tracking link in your order details or provide your order number to check the shipment status.,curated_project_dataset,train,26,0
2607,Healthcare,health_insurance,How can I check my medical insurance coverage? (request 38),Review your policy documents or contact the insurer using the official customer-service channel to confirm coverage.,curated_project_dataset,train,14,2
2608,Healthcare,lab_test,Where can I get my blood test done? (request 82),You can use an authorized laboratory or collection center. Follow the test-specific preparation instructions provided by your healthcare provider.,curated_project_dataset,train,15,2
2609,E-commerce,damaged_product,The package arrived damaged (request 16),Document the package condition and contact customer support or the seller with your order number and photos.,curated_project_dataset,train,10,0
2610,Finance,transaction_issue,There is a problem with my transaction (request 53),"Review the transaction details and status in your banking account. If the issue is unresolved, contact your bank with the transaction reference.",curated_project_dataset,train,27,1
2611,Finance,transaction_issue,My transaction looks incorrect (request 62),"Please verify the amount, date, and transaction details. If you do not recognize or agree with the transaction, contact your bank promptly.",curated_project_dataset,train,27,1
2612,Finance,transfer_failed,Why did my transfer fail? (request 98),"Transfers can fail because of incorrect details, account restrictions, insufficient funds, or bank-side issues. Check the transaction information and contact your bank if needed.",curated_project_dataset,train,28,1
2613,E-commerce,cancel_order,I want to cancel my order (request 49),"If the order has not shipped, you may be able to cancel it from your order details. Once shipped, cancellation may no longer be available.",curated_project_dataset,train,6,0
2614,Healthcare,prescription,I lost my prescription. What should I do? (request 75),Contact the prescribing healthcare provider or pharmacist. They can advise whether a replacement or copy can be issued.,curated_project_dataset,train,21,2
2615,Healthcare,appointment_booking,Can I make an appointment for tomorrow? (request 51),"Yes, if appointments are available. Please select the doctor and check tomorrow's available time slots.",curated_project_dataset,train,1,2
2616,Healthcare,health_insurance,How can I check my medical insurance coverage? (request 54),Review your policy documents or contact the insurer using the official customer-service channel to confirm coverage.,curated_project_dataset,train,14,2
2617,E-commerce,account_issue,How do I update my account details? (request 83),"Open your account settings and edit the available profile information, then save the changes.",curated_project_dataset,train,0,0
2618,E-commerce,wrong_product,I need help with this: I got the wrong product. What should I do?,"Keep the item and packaging, then submit an incorrect-item request through your order details.",curated_project_dataset,train,30,0
2619,Healthcare,health_insurance,How can I check my medical insurance coverage? (request 34),Review your policy documents or contact the insurer using the official customer-service channel to confirm coverage.,curated_project_dataset,train,14,2
2620,E-commerce,cancel_order,I need help with this: How do I stop an order before it ships?,Open your order details and select cancellation if the option is still available.,curated_project_dataset,train,6,0
2621,E-commerce,cancel_order,Please cancel my order (request 67),I can guide you through cancellation. Check your order details for the Cancel Order option.,curated_project_dataset,train,6,0
2622,Finance,cash_withdrawal,I want to know: Why did my cash withdrawal fail? Can you guide me?,"A withdrawal may fail because of insufficient funds, card restrictions, ATM issues, or withdrawal limits.",curated_project_dataset,validation,8,1
2623,E-commerce,account_issue,Please help me: How do I update my account details?,"Open your account settings and edit the available profile information, then save the changes.",curated_project_dataset,validation,0,0
2624,Healthcare,emergency_guidance,This feels like an emergency (request 72),"Please seek immediate emergency medical assistance. If possible, have someone stay with you while help is arranged.",curated_project_dataset,train,12,2
2625,Healthcare,symptoms_information,I want information about my symptoms (request 100),"I can provide general health information, but a clinician should evaluate symptoms to determine the appropriate diagnosis and treatment.",curated_project_dataset,train,25,2
2626,Finance,cash_withdrawal,My ATM transaction failed (request 60),Check your account and ATM transaction status. Contact your bank if money was debited or the issue continues.,curated_project_dataset,train,8,1
2627,Finance,transaction_issue,There is a problem with my transaction (request 69),"Review the transaction details and status in your banking account. If the issue is unresolved, contact your bank with the transaction reference.",curated_project_dataset,test,27,1
2628,Healthcare,appointment_booking,Please help me: I want to see a doctor.,I can help you schedule a consultation. Please provide the medical specialty or doctor you want to visit.,curated_project_dataset,train,1,2
2629,Healthcare,lab_test,How do I book a lab test? (request 85),"Select the required test, choose an available laboratory or collection service, and confirm the appointment if booking is available.",curated_project_dataset,test,15,2
2630,Healthcare,appointment_booking,I want to see a doctor (request 36),I can help you schedule a consultation. Please provide the medical specialty or doctor you want to visit.,curated_project_dataset,train,1,2
2631,Finance,credit_card,What is my credit card limit? (request 30),"Your current credit limit is available through your card issuer's official app, online account, statement, or customer service.",curated_project_dataset,validation,9,1
2632,Healthcare,prescription,Where can I find my prescription? (request 25),Your prescription may be available in your healthcare account or provided by your doctor. Check your medical records or contact the clinic.,curated_project_dataset,train,21,2
2633,Finance,card_payment,My debit card payment did not work (request 56),"Please check your card balance and status. If the issue continues, contact your bank for assistance.",curated_project_dataset,train,7,1
2634,Healthcare,emergency_guidance,Can you help me with this? What should I do in a medical emergency?,"For a serious or life-threatening emergency, seek immediate emergency medical care or contact your local emergency service. Do not rely on a chatbot for emergency treatment.",curated_project_dataset,test,12,2
2635,E-commerce,wrong_product,My order contains a different product (request 42),Start a return or replacement request for the incorrect item and follow the seller's instructions.,curated_project_dataset,train,30,0
2636,E-commerce,wrong_product,The product I received is not what I ordered (request 91),Please report the mismatch through customer support or the order return process so the issue can be investigated.,curated_project_dataset,train,30,0
2637,Healthcare,prescription,Can I get a copy of my prescription? (request 38),"You can request a copy from your prescribing doctor or healthcare provider, subject to their procedures.",curated_project_dataset,train,21,2
2638,E-commerce,damaged_product,What should I do if my item is damaged? (request 6),"Keep the product and packaging, document the damage with photos, and submit a damage claim or return request through the order details.",curated_project_dataset,train,10,0
2639,Finance,fraud_transaction,I think my account has been compromised (request 32),"Contact your bank immediately through an official channel, secure your account credentials, and follow its instructions for protecting the account.",curated_project_dataset,train,13,1
2640,Healthcare,appointment_reschedule,I need to reschedule my doctor's visit (request 46),"Open your appointment and select Reschedule, then choose another available date and time.",curated_project_dataset,validation,3,2
2641,Healthcare,medical_report,Where can I see my medical report? (request 85),"If digital records are available, check your healthcare account or patient portal. Otherwise, contact the healthcare provider that performed the test.",curated_project_dataset,test,18,2
2642,E-commerce,payment_failed,Please help me: Why was my online payment declined?,"A payment can fail because of incorrect details, bank restrictions, insufficient funds, or security checks. Contact your bank if the problem continues.",curated_project_dataset,train,20,0
2643,Finance,cash_withdrawal,The ATM did not give me cash (request 38),"If your account was debited, keep the ATM receipt or transaction details and contact your bank immediately for investigation.",curated_project_dataset,train,8,1
2644,Healthcare,appointment_cancel,Can I cancel my appointment today? (request 55),"Yes, if cancellation is allowed by the provider. Please check your appointment details for the applicable cancellation policy.",curated_project_dataset,train,2,2
2645,E-commerce,delivery_time,Can I know the expected delivery date? (request 87),Yes. Check your order details for the current estimated delivery date.,curated_project_dataset,train,11,0
2646,Healthcare,lab_test,Where can I get my blood test done? (request 26),You can use an authorized laboratory or collection center. Follow the test-specific preparation instructions provided by your healthcare provider.,curated_project_dataset,train,15,2
2647,Finance,credit_card,How can I apply for a credit card? (request 77),Credit-card eligibility and application requirements vary by issuer. Check the issuer's official application process and terms.,curated_project_dataset,train,9,1
2648,E-commerce,refund,How does a product refund work? (request 47),"After the return or cancellation is approved, the refund is generally processed to the original payment method, subject to the seller's policy.",curated_project_dataset,train,23,0
2649,Healthcare,prescription,Can I get a copy of my prescription? (request 70),"You can request a copy from your prescribing doctor or healthcare provider, subject to their procedures.",curated_project_dataset,train,21,2
2650,Finance,fraud_transaction,Someone may have used my card (request 34),"Contact your card issuer immediately using the official number or app, secure your account, and follow the issuer's instructions for reporting suspected fraud.",curated_project_dataset,train,13,1
2651,E-commerce,damaged_product,I received a broken product (request 59),Please report the issue promptly through your order support or return process and provide clear photos of the damage.,curated_project_dataset,train,10,0
2652,E-commerce,wrong_product,Please help me: I received the wrong item.,Please report the issue through your order details and provide the order number and photos of the received product if requested.,curated_project_dataset,test,30,0
2653,Finance,transfer_pending,Why is my transfer still pending? (request 66),A transfer may remain pending while the bank processes or verifies it. Check the transaction details for the expected processing time.,curated_project_dataset,train,29,1
2654,Healthcare,appointment_cancel,Please cancel my consultation (request 28),I can guide you through cancellation. Open the appointment record and choose Cancel Appointment.,curated_project_dataset,train,2,2
2655,Finance,fraud_transaction,Someone may have used my card (request 78),"Contact your card issuer immediately using the official number or app, secure your account, and follow the issuer's instructions for reporting suspected fraud.",curated_project_dataset,test,13,1
2656,Finance,transfer_pending,I want to know: My bank transfer has not completed. Can you guide me?,"Please check the transfer status and expected processing time. If it remains pending longer than expected, contact your bank.",curated_project_dataset,train,29,1
2657,Healthcare,emergency_guidance,What should I do in a medical emergency? (request 81),"For a serious or life-threatening emergency, seek immediate emergency medical care or contact your local emergency service. Do not rely on a chatbot for emergency treatment.",curated_project_dataset,train,12,2
2658,Finance,fraud_transaction,There is a suspicious transaction on my account (request 75),Review the transaction and report it to your bank promptly if you did not authorize it. Use only official banking contact channels.,curated_project_dataset,train,13,1
2659,Healthcare,appointment_cancel,Can I cancel my appointment today? (request 91),"Yes, if cancellation is allowed by the provider. Please check your appointment details for the applicable cancellation policy.",curated_project_dataset,test,2,2
2660,E-commerce,cancel_order,How do I stop an order before it ships? (request 40),Open your order details and select cancellation if the option is still available.,curated_project_dataset,test,6,0
2661,Healthcare,emergency_guidance,What should I do in a medical emergency? (request 93),"For a serious or life-threatening emergency, seek immediate emergency medical care or contact your local emergency service. Do not rely on a chatbot for emergency treatment.",curated_project_dataset,test,12,2
2662,Healthcare,lab_test,I need information about a medical test (request 100),"Please provide the test name. Preparation, timing, and interpretation can vary by test.",curated_project_dataset,train,15,2
2663,Healthcare,lab_test,Please help me: Do I need an appointment for a lab test?,It depends on the laboratory and test. Check the laboratory's booking requirements before visiting.,curated_project_dataset,train,15,2
2664,Healthcare,appointment_cancel,How do I cancel my appointment? (request 81),"You can cancel the appointment from your booking details. If cancellation is unavailable online, contact the healthcare provider.",curated_project_dataset,train,2,2
2665,Healthcare,symptoms_information,Can you tell me what my symptoms mean?,Symptoms can have many possible causes. Please consult a healthcare professional for an appropriate evaluation rather than relying on a chatbot for diagnosis.,curated_project_dataset,train,25,2
2666,Finance,cash_withdrawal,I could not withdraw cash (request 45),"Check whether your card is active and whether you have sufficient available balance. If the ATM charged you without dispensing cash, contact your bank promptly.",curated_project_dataset,train,8,1
2667,Finance,loan_information,How do I check loan eligibility? (request 76),"Eligibility depends on the lender's criteria, which may include income, credit history, employment, and existing obligations.",curated_project_dataset,train,16,1
2668,E-commerce,track_order,Where is my order? (request 61),I can help with order tracking. Please provide your order number or tracking details.,curated_project_dataset,train,26,0
2669,Finance,credit_card,Can you help me with this? I need help with my credit card. Can you guide me?,"Please specify whether you need help with payments, limits, transactions, fees, or card access so the appropriate guidance can be provided.",curated_project_dataset,test,9,1
2670,Finance,credit_card,How do I pay my credit card bill? (request 79),"You can usually pay through the issuer's official app, online banking, bank transfer, or another supported payment method.",curated_project_dataset,test,9,1
2671,Finance,cash_withdrawal,The ATM did not give me cash (request 66),"If your account was debited, keep the ATM receipt or transaction details and contact your bank immediately for investigation.",curated_project_dataset,test,8,1
2672,E-commerce,track_order,How can I track my package? (request 70),Use the tracking link in your order details or provide your order number to check the shipment status.,curated_project_dataset,train,26,0
2673,Finance,cash_withdrawal,I could not withdraw cash (request 25),"Check whether your card is active and whether you have sufficient available balance. If the ATM charged you without dispensing cash, contact your bank promptly.",curated_project_dataset,train,8,1
2674,Finance,balance_inquiry,How can I check my balance? Can you guide me?,Use your bank's official app or online banking service to view your current account balance.,curated_project_dataset,train,4,1
2675,E-commerce,return_order,What is the process for returning an item? (request 44),"Start a return request from your order details, select the reason, and follow the packaging and pickup or drop-off instructions.",curated_project_dataset,train,24,0
2676,Healthcare,appointment_booking,I need help with this: How can I book a doctor appointment?,"You can book an appointment by selecting a doctor, choosing an available date and time, and confirming the booking.",curated_project_dataset,test,1,2
2677,Finance,fraud_transaction,I do not recognize a transaction (request 81),"If you do not recognize a transaction, contact your bank or card issuer through its official channel immediately and follow its fraud-reporting process.",curated_project_dataset,train,13,1
2678,Healthcare,prescription,I lost my prescription. What should I do? (request 47),Contact the prescribing healthcare provider or pharmacist. They can advise whether a replacement or copy can be issued.,curated_project_dataset,train,21,2
2679,Healthcare,lab_test,Do I need an appointment for a lab test? (request 59),It depends on the laboratory and test. Check the laboratory's booking requirements before visiting.,curated_project_dataset,train,15,2
2680,Finance,loan_information,Can you help me with this? How can I apply for a loan? Can you guide me?,"Loan eligibility, documents, interest rates, and application procedures vary by lender. Check the lender's official application process.",curated_project_dataset,validation,16,1
2681,Finance,loan_information,How do I check loan eligibility? (request 36),"Eligibility depends on the lender's criteria, which may include income, credit history, employment, and existing obligations.",curated_project_dataset,train,16,1
2682,E-commerce,product_information,Please help me: How can I get information about a product?,"Open the product page to view its description, specifications, availability, price, and seller information.",curated_project_dataset,train,22,0
2683,Healthcare,emergency_guidance,This feels like an emergency (request 60),"Please seek immediate emergency medical assistance. If possible, have someone stay with you while help is arranged.",curated_project_dataset,train,12,2
2684,Finance,transaction_issue,I need help with a bank transaction (request 32),Please check the transaction status and reference number. Your bank can investigate account-specific transaction issues.,curated_project_dataset,train,27,1
2685,Healthcare,medical_report,Can you explain my medical report? (request 98),"I can explain general medical terminology, but a healthcare professional should interpret your results in the context of your symptoms and medical history.",curated_project_dataset,train,18,2
2686,Healthcare,appointment_reschedule,I need to reschedule my doctor's visit (request 26),"Open your appointment and select Reschedule, then choose another available date and time.",curated_project_dataset,train,3,2
2687,Finance,transfer_pending,My bank transfer has not completed (request 75),"Please check the transfer status and expected processing time. If it remains pending longer than expected, contact your bank.",curated_project_dataset,train,29,1
2688,E-commerce,damaged_product,The package arrived damaged (request 100),Document the package condition and contact customer support or the seller with your order number and photos.,curated_project_dataset,train,10,0
2689,Finance,card_payment,Why did my card payment fail? (request 86),"A card payment may fail because of insufficient funds, incorrect details, security checks, or merchant restrictions.",curated_project_dataset,train,7,1
2690,Finance,fraud_transaction,There is a suspicious transaction on my account (request 63),Review the transaction and report it to your bank promptly if you did not authorize it. Use only official banking contact channels.,curated_project_dataset,test,13,1
2691,Finance,balance_inquiry,How can I check my balance? (request 78),Use your bank's official app or online banking service to view your current account balance.,curated_project_dataset,test,4,1
2692,Finance,transfer_pending,Why is my transfer still pending? (request 86),A transfer may remain pending while the bank processes or verifies it. Check the transaction details for the expected processing time.,curated_project_dataset,train,29,1
2693,E-commerce,delivery_time,How long does delivery take? (request 94),"Delivery time varies by location, seller, and shipping option. Check the estimated delivery date shown during checkout or in your order.",curated_project_dataset,train,11,0
2694,E-commerce,track_order,How can I track my package? (request 46),Use the tracking link in your order details or provide your order number to check the shipment status.,curated_project_dataset,train,26,0
2695,Healthcare,medication_information,Can you give me information about a medicine? (request 70),"Please provide the medicine name. I can give general information, but medication decisions should be confirmed with a qualified healthcare professional.",curated_project_dataset,validation,19,2
2696,Healthcare,emergency_guidance,When should I seek emergency care? (request 55),"Emergency care may be needed for severe or rapidly worsening symptoms. When in doubt about a potentially serious condition, seek immediate professional medical help.",curated_project_dataset,train,12,2
2697,Finance,fraud_transaction,I do not recognize a transaction (request 77),"If you do not recognize a transaction, contact your bank or card issuer through its official channel immediately and follow its fraud-reporting process.",curated_project_dataset,train,13,1
2698,Healthcare,lab_test,I need information about a medical test (request 40),"Please provide the test name. Preparation, timing, and interpretation can vary by test.",curated_project_dataset,train,15,2
2699,Finance,loan_information,What documents are required for a loan? (request 79),"Requirements depend on the lender and loan type. Commonly requested documents may include identity, income, and address information.",curated_project_dataset,train,16,1
2700,E-commerce,return_order,Please help me: Can I return my product?,"Return eligibility depends on the product, seller policy, and purchase date. Check the return policy associated with your order.",curated_project_dataset,train,24,0
2701,E-commerce,cancel_order,Please cancel my order (request 59),I can guide you through cancellation. Check your order details for the Cancel Order option.,curated_project_dataset,train,6,0
2702,E-commerce,payment_failed,I want to know: My card payment did not go through.,Please verify your card details and contact your bank if the transaction continues to be declined.,curated_project_dataset,train,20,0
2703,Finance,loan_information,I need information about a personal loan. Can you guide me?,"Personal-loan terms vary by lender, including eligibility, interest rate, tenure, and fees. Review the lender's official terms before applying.",curated_project_dataset,test,16,1
2704,E-commerce,product_information,Is this item available? (request 28),Check the product page for the latest stock status. Availability can change quickly.,curated_project_dataset,train,22,0
2705,Finance,fraud_transaction,Someone may have used my card. Can you guide me?,"Contact your card issuer immediately using the official number or app, secure your account, and follow the issuer's instructions for reporting suspected fraud.",curated_project_dataset,train,13,1
2706,E-commerce,refund,When will I get my refund?,Refund timing depends on the payment method and seller's processing time. Check your order's refund status for the latest update.,curated_project_dataset,train,23,0
2707,Finance,credit_card,How do I pay my credit card bill? (request 67),"You can usually pay through the issuer's official app, online banking, bank transfer, or another supported payment method.",curated_project_dataset,train,9,1
2708,E-commerce,delivery_time,Do you offer fast delivery?,"Available delivery speeds depend on the product, seller, location, and shipping options shown at checkout.",curated_project_dataset,test,11,0
2709,Healthcare,appointment_cancel,How do I cancel my appointment? (request 61),"You can cancel the appointment from your booking details. If cancellation is unavailable online, contact the healthcare provider.",curated_project_dataset,train,2,2
2710,E-commerce,damaged_product,I need help with this: My product arrived damaged.,"Please take photos of the damaged item and packaging, then report the issue through the order's return or support process as soon as possible.",curated_project_dataset,test,10,0
2711,Healthcare,emergency_guidance,What should I do in a medical emergency? (request 57),"For a serious or life-threatening emergency, seek immediate emergency medical care or contact your local emergency service. Do not rely on a chatbot for emergency treatment.",curated_project_dataset,train,12,2
2712,Finance,fraud_transaction,I need help with this: I think my account has been compromised. Can you guide me?,"Contact your bank immediately through an official channel, secure your account credentials, and follow its instructions for protecting the account.",curated_project_dataset,train,13,1
2713,Healthcare,health_insurance,How can I check my medical insurance coverage? (request 78),Review your policy documents or contact the insurer using the official customer-service channel to confirm coverage.,curated_project_dataset,test,14,2
2714,E-commerce,account_issue,My account is not working (request 20),"Try signing out and back in or resetting your password. If the problem continues, contact customer support.",curated_project_dataset,train,0,0
2715,E-commerce,wrong_product,I received the wrong item (request 85),Please report the issue through your order details and provide the order number and photos of the received product if requested.,curated_project_dataset,train,30,0
2716,Finance,balance_inquiry,What is my account balance?,"You can check your current balance through your bank's official mobile app, online banking portal, ATM, or branch.",curated_project_dataset,train,4,1
2717,Healthcare,appointment_booking,Can I make an appointment for tomorrow? (request 99),"Yes, if appointments are available. Please select the doctor and check tomorrow's available time slots.",curated_project_dataset,train,1,2
2718,Finance,credit_card,I need help with my credit card (request 28),"Please specify whether you need help with payments, limits, transactions, fees, or card access so the appropriate guidance can be provided.",curated_project_dataset,train,9,1
2719,Finance,cash_withdrawal,The ATM did not give me cash (request 58),"If your account was debited, keep the ATM receipt or transaction details and contact your bank immediately for investigation.",curated_project_dataset,train,8,1
2720,Healthcare,appointment_reschedule,I need to reschedule my doctor's visit (request 54),"Open your appointment and select Reschedule, then choose another available date and time.",curated_project_dataset,train,3,2
2721,Healthcare,appointment_cancel,Please cancel my consultation.,I can guide you through cancellation. Open the appointment record and choose Cancel Appointment.,curated_project_dataset,train,2,2
2722,E-commerce,payment_failed,Why was my online payment declined? (request 46),"A payment can fail because of incorrect details, bank restrictions, insufficient funds, or security checks. Contact your bank if the problem continues.",curated_project_dataset,train,20,0
2723,E-commerce,payment_failed,My card payment did not go through (request 44),Please verify your card details and contact your bank if the transaction continues to be declined.,curated_project_dataset,train,20,0
2724,E-commerce,delivery_time,When will my order be delivered? (request 49),The estimated delivery date is usually shown in your order details and may depend on your location and shipping method.,curated_project_dataset,train,11,0
2725,Healthcare,prescription,I lost my prescription. What should I do? (request 87),Contact the prescribing healthcare provider or pharmacist. They can advise whether a replacement or copy can be issued.,curated_project_dataset,train,21,2
2726,Healthcare,lab_test,I need information about a medical test (request 28),"Please provide the test name. Preparation, timing, and interpretation can vary by test.",curated_project_dataset,train,15,2
2727,E-commerce,delivery_time,When will my order be delivered? (request 97),The estimated delivery date is usually shown in your order details and may depend on your location and shipping method.,curated_project_dataset,train,11,0
2728,Finance,transfer_failed,Why did my transfer fail?,"Transfers can fail because of incorrect details, account restrictions, insufficient funds, or bank-side issues. Check the transaction information and contact your bank if needed.",curated_project_dataset,train,28,1
2729,Finance,transfer_failed,The transfer was unsuccessful (request 100),Please review the transaction details and any error message. Your bank can provide the exact reason if the transaction was rejected.,curated_project_dataset,train,28,1
2730,Healthcare,medication_information,I want information about my medication.,Please share the medicine name if you want general information. Do not change the prescribed dose without consulting your healthcare professional.,curated_project_dataset,train,19,2
2731,E-commerce,cancel_order,Please cancel my order (request 55),I can guide you through cancellation. Check your order details for the Cancel Order option.,curated_project_dataset,train,6,0
2732,Finance,balance_inquiry,Can I check my balance online? (request 56),Yes. Most banks provide balance information through their official online banking or mobile application.,curated_project_dataset,test,4,1
2733,E-commerce,delivery_time,Can I know the expected delivery date? (request 83),Yes. Check your order details for the current estimated delivery date.,curated_project_dataset,train,11,0
2734,Finance,transfer_pending,My money transfer is pending (request 57),Pending transfers can take time depending on the bank and transfer type. Please check the transaction status and contact your bank if it remains pending beyond the expected processing period.,curated_project_dataset,train,29,1
2735,Finance,credit_card,How can I apply for a credit card? (request 45),Credit-card eligibility and application requirements vary by issuer. Check the issuer's official application process and terms.,curated_project_dataset,train,9,1
2736,Healthcare,medication_information,What is this medicine used for? (request 53),Medication uses depend on the specific medicine and your circumstances. Check the medicine label or consult a pharmacist or doctor for reliable guidance.,curated_project_dataset,train,19,2
2737,Finance,transaction_issue,My transaction looks incorrect.,"Please verify the amount, date, and transaction details. If you do not recognize or agree with the transaction, contact your bank promptly.",curated_project_dataset,train,27,1
2738,E-commerce,refund,I want to know my refund status (request 28),Please provide your order details or check the refund section of your account for the latest status.,curated_project_dataset,train,23,0
2739,Finance,transfer_pending,Why is my transfer still pending? (request 50),A transfer may remain pending while the bank processes or verifies it. Check the transaction details for the expected processing time.,curated_project_dataset,train,29,1
2740,Healthcare,health_insurance,Does my health insurance cover this treatment? (request 81),"Coverage depends on your insurance plan, provider network, and policy terms. Check your policy or contact your insurer for confirmation.",curated_project_dataset,validation,14,2
2741,Finance,fraud_transaction,Please help me: There is a suspicious transaction on my account. Can you guide me?,Review the transaction and report it to your bank promptly if you did not authorize it. Use only official banking contact channels.,curated_project_dataset,train,13,1
2742,Healthcare,lab_test,I need help with this: I need information about a medical test.,"Please provide the test name. Preparation, timing, and interpretation can vary by test.",curated_project_dataset,train,15,2
2743,Finance,transaction_issue,My transaction looks incorrect (request 94),"Please verify the amount, date, and transaction details. If you do not recognize or agree with the transaction, contact your bank promptly.",curated_project_dataset,train,27,1
2744,Finance,loan_information,How can I apply for a loan? (request 73),"Loan eligibility, documents, interest rates, and application procedures vary by lender. Check the lender's official application process.",curated_project_dataset,train,16,1
2745,E-commerce,damaged_product,The package arrived damaged (request 88),Document the package condition and contact customer support or the seller with your order number and photos.,curated_project_dataset,test,10,0
2746,Healthcare,appointment_reschedule,Can I move my appointment to next week? (request 63),You can reschedule if the provider has an available slot next week.,curated_project_dataset,train,3,2
2747,E-commerce,delivery_time,Can I know the expected delivery date? (request 35),Yes. Check your order details for the current estimated delivery date.,curated_project_dataset,train,11,0
2748,E-commerce,payment_failed,I cannot complete my payment (request 39),"Check the payment method and billing details, then retry. If it still fails, try another supported payment method.",curated_project_dataset,train,20,0
2749,Finance,transfer_failed,I cannot send money (request 99),"Verify the recipient details and available balance, then try again. If the transfer still fails, contact your bank.",curated_project_dataset,train,28,1
2750,E-commerce,account_issue,I forgot my account password (request 70),Use the password-reset option associated with your account email or phone number.,curated_project_dataset,train,0,0
2751,Finance,cash_withdrawal,I could not withdraw cash. Can you guide me?,"Check whether your card is active and whether you have sufficient available balance. If the ATM charged you without dispensing cash, contact your bank promptly.",curated_project_dataset,train,8,1
2752,E-commerce,wrong_product,The product I received is not what I ordered.,Please report the mismatch through customer support or the order return process so the issue can be investigated.,curated_project_dataset,train,30,0
2753,Healthcare,lab_test,How do I book a lab test? (request 41),"Select the required test, choose an available laboratory or collection service, and confirm the appointment if booking is available.",curated_project_dataset,train,15,2
2754,Finance,transaction_issue,My transaction looks incorrect (request 86),"Please verify the amount, date, and transaction details. If you do not recognize or agree with the transaction, contact your bank promptly.",curated_project_dataset,train,27,1
2755,Finance,cash_withdrawal,Why did my cash withdrawal fail? (request 99),"A withdrawal may fail because of insufficient funds, card restrictions, ATM issues, or withdrawal limits.",curated_project_dataset,train,8,1
2756,Finance,credit_card,How do I pay my credit card bill? (request 31),"You can usually pay through the issuer's official app, online banking, bank transfer, or another supported payment method.",curated_project_dataset,train,9,1
2757,E-commerce,account_issue,My account is not working (request 60),"Try signing out and back in or resetting your password. If the problem continues, contact customer support.",curated_project_dataset,train,0,0
2758,Healthcare,medication_information,What is this medicine used for? (request 89),Medication uses depend on the specific medicine and your circumstances. Check the medicine label or consult a pharmacist or doctor for reliable guidance.,curated_project_dataset,train,19,2
2759,E-commerce,wrong_product,I got the wrong product. What should I do? (request 44),"Keep the item and packaging, then submit an incorrect-item request through your order details.",curated_project_dataset,train,30,0
2760,E-commerce,damaged_product,I received a broken product (request 35),Please report the issue promptly through your order support or return process and provide clear photos of the damage.,curated_project_dataset,train,10,0
2761,Healthcare,appointment_cancel,Can I cancel my appointment today? (request 47),"Yes, if cancellation is allowed by the provider. Please check your appointment details for the applicable cancellation policy.",curated_project_dataset,validation,2,2
2762,E-commerce,product_information,Where can I find product specifications? (request 35),Product specifications are usually listed on the product page under the description or specifications section.,curated_project_dataset,train,22,0
2763,E-commerce,account_issue,How do I update my account details? (request 87),"Open your account settings and edit the available profile information, then save the changes.",curated_project_dataset,train,0,0
2764,E-commerce,refund,My refund has not arrived (request 70),"Please check the refund status and original payment method. If the stated processing period has passed, contact customer support with your order details.",curated_project_dataset,train,23,0
2765,Finance,card_payment,I cannot pay with my card (request 51),"Verify that your card is active and has sufficient funds. If payments continue to fail, contact your card issuer.",curated_project_dataset,train,7,1
2766,Finance,fraud_transaction,I do not recognize a transaction (request 37),"If you do not recognize a transaction, contact your bank or card issuer through its official channel immediately and follow its fraud-reporting process.",curated_project_dataset,train,13,1
2767,Healthcare,lab_test,I need information about a medical test (request 60),"Please provide the test name. Preparation, timing, and interpretation can vary by test.",curated_project_dataset,train,15,2
2768,E-commerce,damaged_product,I received a broken product (request 95),Please report the issue promptly through your order support or return process and provide clear photos of the damage.,curated_project_dataset,train,10,0
2769,Finance,cash_withdrawal,Can you help me with this? My ATM transaction failed. Can you guide me?,Check your account and ATM transaction status. Contact your bank if money was debited or the issue continues.,curated_project_dataset,train,8,1
2770,Healthcare,appointment_cancel,Can I cancel my appointment today? (request 87),"Yes, if cancellation is allowed by the provider. Please check your appointment details for the applicable cancellation policy.",curated_project_dataset,train,2,2
2771,E-commerce,cancel_order,How do I stop an order before it ships? (request 48),Open your order details and select cancellation if the option is still available.,curated_project_dataset,train,6,0
2772,Healthcare,lab_test,I need help with this: How do I book a lab test?,"Select the required test, choose an available laboratory or collection service, and confirm the appointment if booking is available.",curated_project_dataset,train,15,2
2773,Finance,transfer_failed,The transfer was unsuccessful (request 92),Please review the transaction details and any error message. Your bank can provide the exact reason if the transaction was rejected.,curated_project_dataset,train,28,1
2774,E-commerce,account_issue,How do I update my account details? (request 31),"Open your account settings and edit the available profile information, then save the changes.",curated_project_dataset,train,0,0
2775,Healthcare,appointment_cancel,I need to cancel my doctor's appointment (request 98),Please open your appointment details and select the cancellation option. Check the provider's cancellation policy for any applicable conditions.,curated_project_dataset,validation,2,2
2776,Finance,transaction_issue,I need help with a bank transaction (request 28),Please check the transaction status and reference number. Your bank can investigate account-specific transaction issues.,curated_project_dataset,train,27,1
2777,Healthcare,appointment_reschedule,I need to reschedule my doctor's visit (request 94),"Open your appointment and select Reschedule, then choose another available date and time.",curated_project_dataset,train,3,2
2778,Healthcare,medical_report,I received my test report. What does it mean? (request 67),"Please discuss the report with your healthcare professional, who can interpret the findings using your clinical history and examination.",curated_project_dataset,validation,18,2
2779,Healthcare,medication_information,What is this medicine used for?,Medication uses depend on the specific medicine and your circumstances. Check the medicine label or consult a pharmacist or doctor for reliable guidance.,curated_project_dataset,train,19,2
2780,Healthcare,appointment_cancel,I want to know: Can I cancel my appointment today?,"Yes, if cancellation is allowed by the provider. Please check your appointment details for the applicable cancellation policy.",curated_project_dataset,train,2,2
2781,Healthcare,appointment_reschedule,Can I move my appointment to next week?,You can reschedule if the provider has an available slot next week.,curated_project_dataset,train,3,2
2782,Healthcare,health_insurance,I need information about health insurance (request 36),"Please specify whether you need help with coverage, claims, eligibility, or policy information so the appropriate guidance can be provided.",curated_project_dataset,train,14,2
2783,Finance,balance_inquiry,I want to know my bank balance (request 95),Please check the balance section of your official banking app or online banking account.,curated_project_dataset,train,4,1
2784,E-commerce,payment_failed,My card payment did not go through (request 40),Please verify your card details and contact your bank if the transaction continues to be declined.,curated_project_dataset,train,20,0
2785,E-commerce,damaged_product,What should I do if my item is damaged? (request 34),"Keep the product and packaging, document the damage with photos, and submit a damage claim or return request through the order details.",curated_project_dataset,train,10,0
2786,E-commerce,delivery_time,Do you offer fast delivery? (request 96),"Available delivery speeds depend on the product, seller, location, and shipping options shown at checkout.",curated_project_dataset,train,11,0
2787,Finance,fraud_transaction,I do not recognize a transaction (request 29),"If you do not recognize a transaction, contact your bank or card issuer through its official channel immediately and follow its fraud-reporting process.",curated_project_dataset,test,13,1
2788,E-commerce,damaged_product,Please help me: The package arrived damaged.,Document the package condition and contact customer support or the seller with your order number and photos.,curated_project_dataset,train,10,0
2789,Finance,fraud_transaction,Please help me: Someone may have used my card. Can you guide me?,"Contact your card issuer immediately using the official number or app, secure your account, and follow the issuer's instructions for reporting suspected fraud.",curated_project_dataset,validation,13,1
2790,E-commerce,cancel_order,Can I cancel my purchase? (request 54),Cancellation depends on the order status. Please open the order details and check whether the cancellation option is available.,curated_project_dataset,train,6,0
2791,E-commerce,delivery_time,How long does delivery take? (request 62),"Delivery time varies by location, seller, and shipping option. Check the estimated delivery date shown during checkout or in your order.",curated_project_dataset,train,11,0
2792,Finance,card_payment,My card payment was declined (request 33),"Check your card status, available funds, payment details, and any bank security restrictions. Contact your bank if the decline continues.",curated_project_dataset,train,7,1
2793,E-commerce,damaged_product,The package arrived damaged (request 60),Document the package condition and contact customer support or the seller with your order number and photos.,curated_project_dataset,train,10,0
2794,Healthcare,health_insurance,Can I use insurance for my hospital visit? (request 55),This depends on your plan and the healthcare provider. Confirm eligibility and any pre-authorization requirements with your insurer.,curated_project_dataset,validation,14,2
2795,E-commerce,product_information,Does this product have the features I need? (request 90),"Please check the product specifications and description. If a required feature is unclear, contact the seller for confirmation.",curated_project_dataset,train,22,0
2796,Finance,balance_inquiry,Can I check my balance online? (request 68),Yes. Most banks provide balance information through their official online banking or mobile application.,curated_project_dataset,train,4,1
2797,Healthcare,lab_test,Where can I get my blood test done? (request 42),You can use an authorized laboratory or collection center. Follow the test-specific preparation instructions provided by your healthcare provider.,curated_project_dataset,train,15,2
2798,Healthcare,appointment_booking,I need to schedule a consultation.,Sure. Please choose the required doctor or specialty and select an available appointment slot.,curated_project_dataset,train,1,2
2799,Finance,transfer_failed,My money transfer failed (request 61),"Please check the transfer details and your account status. If the problem persists, contact your bank for the specific reason for failure.",curated_project_dataset,train,28,1
2800,Healthcare,lab_test,Do I need an appointment for a lab test? (request 99),It depends on the laboratory and test. Check the laboratory's booking requirements before visiting.,curated_project_dataset,train,15,2
2801,E-commerce,delivery_time,When will my order be delivered? (request 37),The estimated delivery date is usually shown in your order details and may depend on your location and shipping method.,curated_project_dataset,test,11,0
2802,E-commerce,return_order,What is the process for returning an item? (request 92),"Start a return request from your order details, select the reason, and follow the packaging and pickup or drop-off instructions.",curated_project_dataset,train,24,0
2803,Finance,credit_card,How can I apply for a credit card? (request 57),Credit-card eligibility and application requirements vary by issuer. Check the issuer's official application process and terms.,curated_project_dataset,train,9,1
2804,Finance,card_payment,Why did my card payment fail? (request 90),"A card payment may fail because of insufficient funds, incorrect details, security checks, or merchant restrictions.",curated_project_dataset,train,7,1
2805,E-commerce,product_information,I want to know: How can I get information about a product?,"Open the product page to view its description, specifications, availability, price, and seller information.",curated_project_dataset,test,22,0
2806,E-commerce,wrong_product,My order contains a different product (request 54),Start a return or replacement request for the incorrect item and follow the seller's instructions.,curated_project_dataset,train,30,0
2807,E-commerce,cancel_order,I want to cancel my order (request 37),"If the order has not shipped, you may be able to cancel it from your order details. Once shipped, cancellation may no longer be available.",curated_project_dataset,train,6,0
2808,Finance,credit_card,How do I pay my credit card bill? (request 99),"You can usually pay through the issuer's official app, online banking, bank transfer, or another supported payment method.",curated_project_dataset,train,9,1
2809,E-commerce,delivery_time,Do you offer fast delivery? (request 32),"Available delivery speeds depend on the product, seller, location, and shipping options shown at checkout.",curated_project_dataset,train,11,0
2810,E-commerce,account_issue,How do I update my account details? (request 99),"Open your account settings and edit the available profile information, then save the changes.",curated_project_dataset,train,0,0
2811,Healthcare,lab_test,I need information about a medical test (request 64),"Please provide the test name. Preparation, timing, and interpretation can vary by test.",curated_project_dataset,train,15,2
2812,Healthcare,lab_test,I need information about a medical test (request 84),"Please provide the test name. Preparation, timing, and interpretation can vary by test.",curated_project_dataset,train,15,2
2813,E-commerce,return_order,I want to return something I bought (request 58),You can request a return from the order details if the item meets the seller's return conditions.,curated_project_dataset,train,24,0
2814,Healthcare,symptoms_information,Please help me: Can you tell me what my symptoms mean?,Symptoms can have many possible causes. Please consult a healthcare professional for an appropriate evaluation rather than relying on a chatbot for diagnosis.,curated_project_dataset,train,25,2
2815,Healthcare,lab_test,How do I book a lab test? (request 49),"Select the required test, choose an available laboratory or collection service, and confirm the appointment if booking is available.",curated_project_dataset,train,15,2
2816,E-commerce,payment_failed,I cannot complete my payment (request 35),"Check the payment method and billing details, then retry. If it still fails, try another supported payment method.",curated_project_dataset,validation,20,0
2817,E-commerce,payment_failed,My card payment did not go through (request 80),Please verify your card details and contact your bank if the transaction continues to be declined.,curated_project_dataset,test,20,0
2818,Healthcare,medical_report,Please help me: Can you explain my medical report?,"I can explain general medical terminology, but a healthcare professional should interpret your results in the context of your symptoms and medical history.",curated_project_dataset,train,18,2
2819,E-commerce,return_order,Can I return my product? (request 83),"Return eligibility depends on the product, seller policy, and purchase date. Check the return policy associated with your order.",curated_project_dataset,train,24,0
2820,E-commerce,damaged_product,My product arrived damaged (request 69),"Please take photos of the damaged item and packaging, then report the issue through the order's return or support process as soon as possible.",curated_project_dataset,train,10,0
2821,Healthcare,emergency_guidance,What should I do in a medical emergency? (request 73),"For a serious or life-threatening emergency, seek immediate emergency medical care or contact your local emergency service. Do not rely on a chatbot for emergency treatment.",curated_project_dataset,train,12,2
2822,Finance,bank_account,Can I open a bank account online? (request 76),"Many banks offer online account opening, subject to eligibility and verification requirements. Check your bank's official website.",curated_project_dataset,train,5,1
2823,Finance,bank_account,How do I open a bank account? (request 81),"Account-opening requirements vary by bank. Check the bank's official website or branch for eligibility, documents, and application steps.",curated_project_dataset,train,5,1
2824,E-commerce,refund,I want to know: How does a product refund work?,"After the return or cancellation is approved, the refund is generally processed to the original payment method, subject to the seller's policy.",curated_project_dataset,train,23,0
2825,E-commerce,payment_failed,My payment failed.,"Please verify your payment details, available funds, and any bank authentication requirements, then try again.",curated_project_dataset,train,20,0
2826,E-commerce,payment_failed,Can you help me with this? My payment failed.,"Please verify your payment details, available funds, and any bank authentication requirements, then try again.",curated_project_dataset,validation,20,0
2827,Finance,balance_inquiry,How can I check my balance? (request 38),Use your bank's official app or online banking service to view your current account balance.,curated_project_dataset,train,4,1
2828,E-commerce,payment_failed,My payment failed (request 97),"Please verify your payment details, available funds, and any bank authentication requirements, then try again.",curated_project_dataset,train,20,0
2829,Finance,transfer_pending,My bank transfer has not completed (request 39),"Please check the transfer status and expected processing time. If it remains pending longer than expected, contact your bank.",curated_project_dataset,validation,29,1
2830,E-commerce,product_information,Does this product have the features I need? (request 30),"Please check the product specifications and description. If a required feature is unclear, contact the seller for confirmation.",curated_project_dataset,train,22,0
2831,E-commerce,delivery_time,Do you offer fast delivery? (request 64),"Available delivery speeds depend on the product, seller, location, and shipping options shown at checkout.",curated_project_dataset,train,11,0
2832,E-commerce,refund,How does a product refund work? (request 55),"After the return or cancellation is approved, the refund is generally processed to the original payment method, subject to the seller's policy.",curated_project_dataset,train,23,0
2833,Finance,fraud_transaction,I do not recognize a transaction (request 25),"If you do not recognize a transaction, contact your bank or card issuer through its official channel immediately and follow its fraud-reporting process.",curated_project_dataset,train,13,1
2834,Finance,fraud_transaction,I do not recognize a transaction (request 45),"If you do not recognize a transaction, contact your bank or card issuer through its official channel immediately and follow its fraud-reporting process.",curated_project_dataset,train,13,1
2835,E-commerce,delivery_time,Do you offer fast delivery? (request 44),"Available delivery speeds depend on the product, seller, location, and shipping options shown at checkout.",curated_project_dataset,train,11,0
2836,E-commerce,track_order,My order has not arrived yet (request 52),"Please check the latest tracking update first. If the expected delivery date has passed, contact customer support with your order number.",curated_project_dataset,train,26,0
2837,Healthcare,medical_report,How do I download my lab report? (request 96),"If online access is provided, sign in to the patient portal and look under reports or test results.",curated_project_dataset,train,18,2
2838,Finance,bank_account,What documents are needed to open an account? (request 94),Requirements vary by bank and account type. Check the bank's official documentation for current identity and address requirements.,curated_project_dataset,train,5,1
2839,E-commerce,product_information,Does this product have the features I need? (request 98),"Please check the product specifications and description. If a required feature is unclear, contact the seller for confirmation.",curated_project_dataset,train,22,0
2840,Finance,bank_account,I want to know: How do I open a bank account? Can you guide me?,"Account-opening requirements vary by bank. Check the bank's official website or branch for eligibility, documents, and application steps.",curated_project_dataset,train,5,1
2841,Finance,loan_information,I need information about a personal loan (request 30),"Personal-loan terms vary by lender, including eligibility, interest rate, tenure, and fees. Review the lender's official terms before applying.",curated_project_dataset,train,16,1
2842,Finance,bank_account,What documents are needed to open an account? (request 26),Requirements vary by bank and account type. Check the bank's official documentation for current identity and address requirements.,curated_project_dataset,train,5,1
2843,E-commerce,wrong_product,I got the wrong product. What should I do? (request 20),"Keep the item and packaging, then submit an incorrect-item request through your order details.",curated_project_dataset,train,30,0
2844,E-commerce,damaged_product,Please help me: I received a broken product.,Please report the issue promptly through your order support or return process and provide clear photos of the damage.,curated_project_dataset,train,10,0
2845,E-commerce,cancel_order,How do I stop an order before it ships? (request 84),Open your order details and select cancellation if the option is still available.,curated_project_dataset,train,6,0
2846,Finance,cash_withdrawal,I could not withdraw cash (request 73),"Check whether your card is active and whether you have sufficient available balance. If the ATM charged you without dispensing cash, contact your bank promptly.",curated_project_dataset,validation,8,1
2847,E-commerce,track_order,My order has not arrived yet (request 60),"Please check the latest tracking update first. If the expected delivery date has passed, contact customer support with your order number.",curated_project_dataset,train,26,0
2848,Healthcare,prescription,Where can I find my prescription? (request 41),Your prescription may be available in your healthcare account or provided by your doctor. Check your medical records or contact the clinic.,curated_project_dataset,train,21,2
2849,E-commerce,delivery_time,Can I know the expected delivery date? (request 79),Yes. Check your order details for the current estimated delivery date.,curated_project_dataset,train,11,0
2850,Finance,loan_information,How can I apply for a loan? (request 97),"Loan eligibility, documents, interest rates, and application procedures vary by lender. Check the lender's official application process.",curated_project_dataset,train,16,1
2851,Finance,fraud_transaction,I think my account has been compromised (request 56),"Contact your bank immediately through an official channel, secure your account credentials, and follow its instructions for protecting the account.",curated_project_dataset,train,13,1
2852,Finance,cash_withdrawal,I could not withdraw cash (request 33),"Check whether your card is active and whether you have sufficient available balance. If the ATM charged you without dispensing cash, contact your bank promptly.",curated_project_dataset,test,8,1
2853,E-commerce,damaged_product,What should I do if my item is damaged? (request 58),"Keep the product and packaging, document the damage with photos, and submit a damage claim or return request through the order details.",curated_project_dataset,train,10,0
2854,E-commerce,account_issue,I need help with this: My account is not working.,"Try signing out and back in or resetting your password. If the problem continues, contact customer support.",curated_project_dataset,train,0,0
2855,Healthcare,appointment_booking,I want to see a doctor (request 96),I can help you schedule a consultation. Please provide the medical specialty or doctor you want to visit.,curated_project_dataset,validation,1,2
2856,E-commerce,track_order,Please help me: Where is my order?,I can help with order tracking. Please provide your order number or tracking details.,curated_project_dataset,train,26,0
2857,Healthcare,prescription,How do I view my prescription? (request 64),"If your provider offers online records, sign in to your healthcare account and open the prescription or medication section.",curated_project_dataset,train,21,2
2858,Finance,loan_information,What documents are required for a loan? (request 91),"Requirements depend on the lender and loan type. Commonly requested documents may include identity, income, and address information.",curated_project_dataset,validation,16,1
2859,Healthcare,health_insurance,I need information about health insurance (request 64),"Please specify whether you need help with coverage, claims, eligibility, or policy information so the appropriate guidance can be provided.",curated_project_dataset,train,14,2
2860,E-commerce,payment_failed,My payment failed (request 85),"Please verify your payment details, available funds, and any bank authentication requirements, then try again.",curated_project_dataset,train,20,0
2861,E-commerce,wrong_product,My order contains a different product (request 82),Start a return or replacement request for the incorrect item and follow the seller's instructions.,curated_project_dataset,validation,30,0
2862,E-commerce,track_order,What is the status of my order? (request 39),Please provide your order number so the current delivery status can be checked.,curated_project_dataset,train,26,0
2863,Healthcare,appointment_reschedule,Can I move my appointment to next week? (request 7),You can reschedule if the provider has an available slot next week.,curated_project_dataset,train,3,2
2864,Healthcare,symptoms_information,What should I do about these symptoms? (request 93),"I can provide general information, but symptoms alone cannot establish a diagnosis. For persistent, severe, or worrying symptoms, consult a qualified healthcare professional.",curated_project_dataset,train,25,2
2865,Finance,credit_card,How do I pay my credit card bill? (request 43),"You can usually pay through the issuer's official app, online banking, bank transfer, or another supported payment method.",curated_project_dataset,train,9,1
2866,Healthcare,health_insurance,Can I use insurance for my hospital visit? (request 71),This depends on your plan and the healthcare provider. Confirm eligibility and any pre-authorization requirements with your insurer.,curated_project_dataset,train,14,2
2867,Healthcare,symptoms_information,Can you tell me what my symptoms mean? (request 98),Symptoms can have many possible causes. Please consult a healthcare professional for an appropriate evaluation rather than relying on a chatbot for diagnosis.,curated_project_dataset,test,25,2
2868,Finance,credit_card,Can you help me with this? How do I pay my credit card bill? Can you guide me?,"You can usually pay through the issuer's official app, online banking, bank transfer, or another supported payment method.",curated_project_dataset,train,9,1
2869,Finance,credit_card,How do I pay my credit card bill? (request 83),"You can usually pay through the issuer's official app, online banking, bank transfer, or another supported payment method.",curated_project_dataset,validation,9,1
2870,E-commerce,track_order,Where is my order? (request 29),I can help with order tracking. Please provide your order number or tracking details.,curated_project_dataset,train,26,0
2871,Finance,bank_account,I want to open a new bank account (request 91),Choose an appropriate account type and follow the bank's official application process. You may need identity and address documents.,curated_project_dataset,test,5,1
2872,E-commerce,payment_failed,Why was my online payment declined? (request 86),"A payment can fail because of incorrect details, bank restrictions, insufficient funds, or security checks. Contact your bank if the problem continues.",curated_project_dataset,train,20,0
2873,Finance,bank_account,How do I open a bank account? (request 61),"Account-opening requirements vary by bank. Check the bank's official website or branch for eligibility, documents, and application steps.",curated_project_dataset,train,5,1
2874,Healthcare,emergency_guidance,What should I do in a medical emergency? (request 61),"For a serious or life-threatening emergency, seek immediate emergency medical care or contact your local emergency service. Do not rely on a chatbot for emergency treatment.",curated_project_dataset,test,12,2
2875,E-commerce,product_information,Where can I find product specifications? (request 71),Product specifications are usually listed on the product page under the description or specifications section.,curated_project_dataset,train,22,0
2876,Finance,loan_information,I need information about a personal loan (request 74),"Personal-loan terms vary by lender, including eligibility, interest rate, tenure, and fees. Review the lender's official terms before applying.",curated_project_dataset,validation,16,1
2877,E-commerce,wrong_product,I got the wrong product. What should I do? (request 96),"Keep the item and packaging, then submit an incorrect-item request through your order details.",curated_project_dataset,train,30,0
2878,Finance,loan_information,How do I check loan eligibility? (request 32),"Eligibility depends on the lender's criteria, which may include income, credit history, employment, and existing obligations.",curated_project_dataset,validation,16,1
2879,Finance,transfer_failed,I cannot send money (request 47),"Verify the recipient details and available balance, then try again. If the transfer still fails, contact your bank.",curated_project_dataset,train,28,1
2880,Healthcare,health_insurance,Can you help me with this? Does my health insurance cover this treatment?,"Coverage depends on your insurance plan, provider network, and policy terms. Check your policy or contact your insurer for confirmation.",curated_project_dataset,train,14,2
2881,E-commerce,damaged_product,The package arrived damaged (request 52),Document the package condition and contact customer support or the seller with your order number and photos.,curated_project_dataset,train,10,0
2882,Finance,card_payment,I cannot pay with my card (request 55),"Verify that your card is active and has sufficient funds. If payments continue to fail, contact your card issuer.",curated_project_dataset,train,7,1
2883,Healthcare,prescription,I lost my prescription. What should I do?,Contact the prescribing healthcare provider or pharmacist. They can advise whether a replacement or copy can be issued.,curated_project_dataset,train,21,2
2884,Healthcare,medical_report,How do I download my lab report? (request 80),"If online access is provided, sign in to the patient portal and look under reports or test results.",curated_project_dataset,train,18,2
2885,E-commerce,wrong_product,I got the wrong product. What should I do? (request 64),"Keep the item and packaging, then submit an incorrect-item request through your order details.",curated_project_dataset,train,30,0
2886,Healthcare,appointment_reschedule,Can I change my appointment time?,"Yes. If another slot is available, you can reschedule the appointment from your booking details.",curated_project_dataset,train,3,2
2887,Finance,transfer_failed,I cannot send money (request 83),"Verify the recipient details and available balance, then try again. If the transfer still fails, contact your bank.",curated_project_dataset,validation,28,1
2888,Finance,transfer_pending,My money transfer is pending (request 89),Pending transfers can take time depending on the bank and transfer type. Please check the transaction status and contact your bank if it remains pending beyond the expected processing period.,curated_project_dataset,train,29,1
2889,Finance,balance_inquiry,I want to know my bank balance (request 79),Please check the balance section of your official banking app or online banking account.,curated_project_dataset,train,4,1
2890,E-commerce,damaged_product,My product arrived damaged (request 97),"Please take photos of the damaged item and packaging, then report the issue through the order's return or support process as soon as possible.",curated_project_dataset,test,10,0
2891,Healthcare,symptoms_information,I have been feeling unwell. What should I do? (request 79),"If symptoms are mild, monitor them and consider contacting a healthcare professional. Seek urgent medical care if symptoms are severe or rapidly worsening.",curated_project_dataset,train,25,2
2892,Finance,transaction_issue,There is a problem with my transaction (request 37),"Review the transaction details and status in your banking account. If the issue is unresolved, contact your bank with the transaction reference.",curated_project_dataset,train,27,1
2893,Healthcare,medication_information,Please help me: How should I learn about my prescribed medicine?,"Review the prescription and medication leaflet, and ask your doctor or pharmacist about dosage, interactions, and precautions.",curated_project_dataset,train,19,2
2894,E-commerce,delivery_time,Can I know the expected delivery date? (request 99),Yes. Check your order details for the current estimated delivery date.,curated_project_dataset,train,11,0
2895,Healthcare,symptoms_information,I want information about my symptoms (request 92),"I can provide general health information, but a clinician should evaluate symptoms to determine the appropriate diagnosis and treatment.",curated_project_dataset,train,25,2
2896,Finance,bank_account,How do I open a bank account? (request 41),"Account-opening requirements vary by bank. Check the bank's official website or branch for eligibility, documents, and application steps.",curated_project_dataset,train,5,1
2897,E-commerce,product_information,Where can I find product specifications? (request 23),Product specifications are usually listed on the product page under the description or specifications section.,curated_project_dataset,train,22,0
2898,E-commerce,cancel_order,Please cancel my order (request 63),I can guide you through cancellation. Check your order details for the Cancel Order option.,curated_project_dataset,train,6,0
2899,E-commerce,payment_failed,My card payment did not go through (request 96),Please verify your card details and contact your bank if the transaction continues to be declined.,curated_project_dataset,train,20,0
2900,Finance,bank_account,Can I open a bank account online? (request 96),"Many banks offer online account opening, subject to eligibility and verification requirements. Check your bank's official website.",curated_project_dataset,test,5,1
2901,Finance,transfer_pending,When will my pending transfer be completed? (request 28),Processing time varies by bank and transfer type. Check the transaction status for the latest update.,curated_project_dataset,train,29,1
2902,E-commerce,cancel_order,I want to cancel my order (request 53),"If the order has not shipped, you may be able to cancel it from your order details. Once shipped, cancellation may no longer be available.",curated_project_dataset,train,6,0
2903,E-commerce,refund,I want to know my refund status (request 68),Please provide your order details or check the refund section of your account for the latest status.,curated_project_dataset,train,23,0
2904,Finance,cash_withdrawal,I could not withdraw cash (request 69),"Check whether your card is active and whether you have sufficient available balance. If the ATM charged you without dispensing cash, contact your bank promptly.",curated_project_dataset,train,8,1
2905,Healthcare,appointment_booking,How can I book a doctor appointment? (request 65),"You can book an appointment by selecting a doctor, choosing an available date and time, and confirming the booking.",curated_project_dataset,train,1,2
2906,Finance,transfer_pending,My bank transfer has not completed (request 63),"Please check the transfer status and expected processing time. If it remains pending longer than expected, contact your bank.",curated_project_dataset,train,29,1
2907,E-commerce,cancel_order,I want to cancel my order (request 81),"If the order has not shipped, you may be able to cancel it from your order details. Once shipped, cancellation may no longer be available.",curated_project_dataset,train,6,0
2908,Healthcare,medication_information,What is this medicine used for? (request 93),Medication uses depend on the specific medicine and your circumstances. Check the medicine label or consult a pharmacist or doctor for reliable guidance.,curated_project_dataset,train,19,2
2909,Healthcare,symptoms_information,I want information about my symptoms (request 80),"I can provide general health information, but a clinician should evaluate symptoms to determine the appropriate diagnosis and treatment.",curated_project_dataset,train,25,2
2910,Finance,balance_inquiry,Can I check my balance online? (request 36),Yes. Most banks provide balance information through their official online banking or mobile application.,curated_project_dataset,train,4,1
2911,Healthcare,medical_report,How do I download my lab report? (request 64),"If online access is provided, sign in to the patient portal and look under reports or test results.",curated_project_dataset,test,18,2
2912,Finance,balance_inquiry,What is my account balance? (request 65),"You can check your current balance through your bank's official mobile app, online banking portal, ATM, or branch.",curated_project_dataset,validation,4,1
2913,Healthcare,medical_report,How do I download my lab report? (request 92),"If online access is provided, sign in to the patient portal and look under reports or test results.",curated_project_dataset,train,18,2
2914,E-commerce,track_order,Where is my order? (request 77),I can help with order tracking. Please provide your order number or tracking details.,curated_project_dataset,test,26,0
2915,Healthcare,health_insurance,Can I use insurance for my hospital visit? (request 79),This depends on your plan and the healthcare provider. Confirm eligibility and any pre-authorization requirements with your insurer.,curated_project_dataset,train,14,2
2916,Healthcare,symptoms_information,Can you tell me what my symptoms mean? (request 38),Symptoms can have many possible causes. Please consult a healthcare professional for an appropriate evaluation rather than relying on a chatbot for diagnosis.,curated_project_dataset,train,25,2
2917,Finance,loan_information,How do I check loan eligibility? (request 68),"Eligibility depends on the lender's criteria, which may include income, credit history, employment, and existing obligations.",curated_project_dataset,validation,16,1
2918,Finance,transaction_issue,I need help with a bank transaction (request 44),Please check the transaction status and reference number. Your bank can investigate account-specific transaction issues.,curated_project_dataset,train,27,1
2919,E-commerce,track_order,I want to know: Where is my order?,I can help with order tracking. Please provide your order number or tracking details.,curated_project_dataset,validation,26,0
2920,E-commerce,return_order,What is the process for returning an item? (request 76),"Start a return request from your order details, select the reason, and follow the packaging and pickup or drop-off instructions.",curated_project_dataset,train,24,0
2921,Healthcare,medication_information,I want information about my medication (request 56),Please share the medicine name if you want general information. Do not change the prescribed dose without consulting your healthcare professional.,curated_project_dataset,train,19,2
2922,Healthcare,health_insurance,Please help me: I need information about health insurance.,"Please specify whether you need help with coverage, claims, eligibility, or policy information so the appropriate guidance can be provided.",curated_project_dataset,train,14,2
2923,Finance,transaction_issue,Can you help me with this? My transaction looks incorrect. Can you guide me?,"Please verify the amount, date, and transaction details. If you do not recognize or agree with the transaction, contact your bank promptly.",curated_project_dataset,validation,27,1
2924,Healthcare,emergency_guidance,This feels like an emergency (request 96),"Please seek immediate emergency medical assistance. If possible, have someone stay with you while help is arranged.",curated_project_dataset,validation,12,2
2925,E-commerce,account_issue,I forgot my account password (request 82),Use the password-reset option associated with your account email or phone number.,curated_project_dataset,train,0,0
2926,Healthcare,appointment_reschedule,I need to reschedule my doctor's visit.,"Open your appointment and select Reschedule, then choose another available date and time.",curated_project_dataset,train,3,2
2927,Healthcare,appointment_cancel,I need to cancel my doctor's appointment (request 62),Please open your appointment details and select the cancellation option. Check the provider's cancellation policy for any applicable conditions.,curated_project_dataset,train,2,2
2928,E-commerce,product_information,Is this item available? (request 80),Check the product page for the latest stock status. Availability can change quickly.,curated_project_dataset,train,22,0
2929,Finance,loan_information,I need information about a personal loan (request 78),"Personal-loan terms vary by lender, including eligibility, interest rate, tenure, and fees. Review the lender's official terms before applying.",curated_project_dataset,validation,16,1
2930,Finance,card_payment,Why did my card payment fail? (request 50),"A card payment may fail because of insufficient funds, incorrect details, security checks, or merchant restrictions.",curated_project_dataset,train,7,1
2931,Healthcare,medical_report,I received my test report. What does it mean?,"Please discuss the report with your healthcare professional, who can interpret the findings using your clinical history and examination.",curated_project_dataset,train,18,2
2932,E-commerce,product_information,How can I get information about a product?,"Open the product page to view its description, specifications, availability, price, and seller information.",curated_project_dataset,train,22,0
2933,E-commerce,cancel_order,Can I cancel my purchase? (request 30),Cancellation depends on the order status. Please open the order details and check whether the cancellation option is available.,curated_project_dataset,train,6,0
2934,Finance,bank_account,Please help me: What documents are needed to open an account? Can you guide me?,Requirements vary by bank and account type. Check the bank's official documentation for current identity and address requirements.,curated_project_dataset,train,5,1
2935,E-commerce,track_order,I want to know: How can I track my package?,Use the tracking link in your order details or provide your order number to check the shipment status.,curated_project_dataset,train,26,0
2936,E-commerce,product_information,Does this product have the features I need? (request 86),"Please check the product specifications and description. If a required feature is unclear, contact the seller for confirmation.",curated_project_dataset,train,22,0
2937,E-commerce,account_issue,My account is not working (request 56),"Try signing out and back in or resetting your password. If the problem continues, contact customer support.",curated_project_dataset,train,0,0
2938,Finance,balance_inquiry,How can I check my balance? (request 54),Use your bank's official app or online banking service to view your current account balance.,curated_project_dataset,train,4,1
2939,Healthcare,appointment_booking,Can I make an appointment for tomorrow? (request 35),"Yes, if appointments are available. Please select the doctor and check tomorrow's available time slots.",curated_project_dataset,train,1,2
2940,Healthcare,medical_report,How do I download my lab report? (request 76),"If online access is provided, sign in to the patient portal and look under reports or test results.",curated_project_dataset,train,18,2
2941,Finance,cash_withdrawal,I could not withdraw cash (request 57),"Check whether your card is active and whether you have sufficient available balance. If the ATM charged you without dispensing cash, contact your bank promptly.",curated_project_dataset,train,8,1
2942,E-commerce,payment_failed,I cannot complete my payment (request 79),"Check the payment method and billing details, then retry. If it still fails, try another supported payment method.",curated_project_dataset,train,20,0
2943,E-commerce,refund,How does a product refund work? (request 91),"After the return or cancellation is approved, the refund is generally processed to the original payment method, subject to the seller's policy.",curated_project_dataset,train,23,0
2944,Finance,transfer_failed,The transfer was unsuccessful (request 40),Please review the transaction details and any error message. Your bank can provide the exact reason if the transaction was rejected.,curated_project_dataset,train,28,1
2945,E-commerce,refund,I want to know my refund status (request 64),Please provide your order details or check the refund section of your account for the latest status.,curated_project_dataset,validation,23,0
2946,Finance,bank_account,Can you help me with this? How do I open a bank account? Can you guide me?,"Account-opening requirements vary by bank. Check the bank's official website or branch for eligibility, documents, and application steps.",curated_project_dataset,train,5,1
2947,Finance,credit_card,How can I apply for a credit card? (request 25),Credit-card eligibility and application requirements vary by issuer. Check the issuer's official application process and terms.,curated_project_dataset,test,9,1
2948,Finance,transfer_pending,Why is my transfer still pending? (request 42),A transfer may remain pending while the bank processes or verifies it. Check the transaction details for the expected processing time.,curated_project_dataset,train,29,1
2949,Healthcare,appointment_reschedule,I need to reschedule my doctor's visit (request 42),"Open your appointment and select Reschedule, then choose another available date and time.",curated_project_dataset,train,3,2
2950,Finance,transfer_pending,Why is my transfer still pending? (request 62),A transfer may remain pending while the bank processes or verifies it. Check the transaction details for the expected processing time.,curated_project_dataset,test,29,1
2951,Finance,transaction_issue,I need help with a bank transaction (request 64),Please check the transaction status and reference number. Your bank can investigate account-specific transaction issues.,curated_project_dataset,test,27,1
2952,Healthcare,lab_test,How do I book a lab test?,"Select the required test, choose an available laboratory or collection service, and confirm the appointment if booking is available.",curated_project_dataset,train,15,2
2953,Finance,card_payment,My debit card payment did not work (request 36),"Please check your card balance and status. If the issue continues, contact your bank for assistance.",curated_project_dataset,train,7,1
2954,E-commerce,return_order,I want to return something I bought (request 98),You can request a return from the order details if the item meets the seller's return conditions.,curated_project_dataset,test,24,0
2955,Finance,balance_inquiry,I need help with this: I want to know my bank balance. Can you guide me?,Please check the balance section of your official banking app or online banking account.,curated_project_dataset,train,4,1
2956,Finance,credit_card,How can I apply for a credit card? (request 89),Credit-card eligibility and application requirements vary by issuer. Check the issuer's official application process and terms.,curated_project_dataset,train,9,1
2957,Finance,transfer_pending,My money transfer is pending (request 69),Pending transfers can take time depending on the bank and transfer type. Please check the transaction status and contact your bank if it remains pending beyond the expected processing period.,curated_project_dataset,train,29,1
2958,Healthcare,lab_test,Do I need an appointment for a lab test? (request 47),It depends on the laboratory and test. Check the laboratory's booking requirements before visiting.,curated_project_dataset,train,15,2
2959,E-commerce,product_information,How can I get information about a product? (request 29),"Open the product page to view its description, specifications, availability, price, and seller information.",curated_project_dataset,test,22,0
2960,Finance,credit_card,I need help with my credit card (request 80),"Please specify whether you need help with payments, limits, transactions, fees, or card access so the appropriate guidance can be provided.",curated_project_dataset,train,9,1
2961,E-commerce,return_order,What is the process for returning an item? (request 68),"Start a return request from your order details, select the reason, and follow the packaging and pickup or drop-off instructions.",curated_project_dataset,train,24,0
2962,E-commerce,wrong_product,I got the wrong product. What should I do? (request 100),"Keep the item and packaging, then submit an incorrect-item request through your order details.",curated_project_dataset,train,30,0
2963,Healthcare,prescription,I lost my prescription. What should I do? (request 63),Contact the prescribing healthcare provider or pharmacist. They can advise whether a replacement or copy can be issued.,curated_project_dataset,train,21,2
2964,Finance,loan_information,What documents are required for a loan? (request 35),"Requirements depend on the lender and loan type. Commonly requested documents may include identity, income, and address information.",curated_project_dataset,validation,16,1
2965,Healthcare,appointment_cancel,I need to cancel my doctor's appointment (request 90),Please open your appointment details and select the cancellation option. Check the provider's cancellation policy for any applicable conditions.,curated_project_dataset,test,2,2
2966,E-commerce,wrong_product,Please help me: The product I received is not what I ordered.,Please report the mismatch through customer support or the order return process so the issue can be investigated.,curated_project_dataset,train,30,0
2967,Healthcare,emergency_guidance,This feels like an emergency (request 76),"Please seek immediate emergency medical assistance. If possible, have someone stay with you while help is arranged.",curated_project_dataset,train,12,2
2968,Finance,loan_information,How do I check loan eligibility? (request 48),"Eligibility depends on the lender's criteria, which may include income, credit history, employment, and existing obligations.",curated_project_dataset,train,16,1
2969,Finance,transfer_pending,When will my pending transfer be completed? (request 48),Processing time varies by bank and transfer type. Check the transaction status for the latest update.,curated_project_dataset,train,29,1
2970,Finance,cash_withdrawal,Why did my cash withdrawal fail? (request 59),"A withdrawal may fail because of insufficient funds, card restrictions, ATM issues, or withdrawal limits.",curated_project_dataset,train,8,1
2971,E-commerce,track_order,What is the status of my order? (request 83),Please provide your order number so the current delivery status can be checked.,curated_project_dataset,train,26,0
2972,Healthcare,medication_information,How should I learn about my prescribed medicine? (request 75),"Review the prescription and medication leaflet, and ask your doctor or pharmacist about dosage, interactions, and precautions.",curated_project_dataset,train,19,2
2973,Finance,fraud_transaction,I want to know: I do not recognize a transaction. Can you guide me?,"If you do not recognize a transaction, contact your bank or card issuer through its official channel immediately and follow its fraud-reporting process.",curated_project_dataset,train,13,1
2974,Healthcare,medical_report,How do I download my lab report? (request 48),"If online access is provided, sign in to the patient portal and look under reports or test results.",curated_project_dataset,train,18,2
2975,Finance,transaction_issue,There is a problem with my transaction.,"Review the transaction details and status in your banking account. If the issue is unresolved, contact your bank with the transaction reference.",curated_project_dataset,train,27,1
2976,Healthcare,appointment_booking,I need help with this: I need to schedule a consultation.,Sure. Please choose the required doctor or specialty and select an available appointment slot.,curated_project_dataset,train,1,2
2977,Healthcare,medication_information,I want information about my medication (request 60),Please share the medicine name if you want general information. Do not change the prescribed dose without consulting your healthcare professional.,curated_project_dataset,train,19,2
2978,E-commerce,cancel_order,I want to cancel my order (request 85),"If the order has not shipped, you may be able to cancel it from your order details. Once shipped, cancellation may no longer be available.",curated_project_dataset,train,6,0
2979,Finance,transaction_issue,There is a problem with my transaction (request 25),"Review the transaction details and status in your banking account. If the issue is unresolved, contact your bank with the transaction reference.",curated_project_dataset,train,27,1
2980,Healthcare,emergency_guidance,This feels like an emergency (request 56),"Please seek immediate emergency medical assistance. If possible, have someone stay with you while help is arranged.",curated_project_dataset,train,12,2
2981,E-commerce,return_order,I need help with this: What is the process for returning an item?,"Start a return request from your order details, select the reason, and follow the packaging and pickup or drop-off instructions.",curated_project_dataset,train,24,0
2982,Finance,card_payment,Why did my card payment fail? (request 34),"A card payment may fail because of insufficient funds, incorrect details, security checks, or merchant restrictions.",curated_project_dataset,train,7,1
2983,Finance,credit_card,What is my credit card limit? (request 54),"Your current credit limit is available through your card issuer's official app, online account, statement, or customer service.",curated_project_dataset,train,9,1
2984,E-commerce,product_information,I want to know: Is this item available?,Check the product page for the latest stock status. Availability can change quickly.,curated_project_dataset,train,22,0
2985,Finance,transaction_issue,I need help with a bank transaction (request 92),Please check the transaction status and reference number. Your bank can investigate account-specific transaction issues.,curated_project_dataset,train,27,1
2986,Healthcare,medical_report,Can you explain my medical report? (request 70),"I can explain general medical terminology, but a healthcare professional should interpret your results in the context of your symptoms and medical history.",curated_project_dataset,train,18,2
2987,E-commerce,delivery_time,How long does delivery take? (request 86),"Delivery time varies by location, seller, and shipping option. Check the estimated delivery date shown during checkout or in your order.",curated_project_dataset,train,11,0
2988,Healthcare,appointment_cancel,Can I cancel my appointment today? (request 31),"Yes, if cancellation is allowed by the provider. Please check your appointment details for the applicable cancellation policy.",curated_project_dataset,train,2,2
2989,Finance,fraud_transaction,I want to know: I think my account has been compromised. Can you guide me?,"Contact your bank immediately through an official channel, secure your account credentials, and follow its instructions for protecting the account.",curated_project_dataset,train,13,1
2990,Finance,transfer_failed,The transfer was unsuccessful (request 36),Please review the transaction details and any error message. Your bank can provide the exact reason if the transaction was rejected.,curated_project_dataset,validation,28,1
2991,E-commerce,payment_failed,I cannot complete my payment (request 83),"Check the payment method and billing details, then retry. If it still fails, try another supported payment method.",curated_project_dataset,train,20,0
2992,Healthcare,symptoms_information,I have been feeling unwell. What should I do? (request 31),"If symptoms are mild, monitor them and consider contacting a healthcare professional. Seek urgent medical care if symptoms are severe or rapidly worsening.",curated_project_dataset,train,25,2
2993,E-commerce,return_order,Can I return my product? (request 39),"Return eligibility depends on the product, seller policy, and purchase date. Check the return policy associated with your order.",curated_project_dataset,train,24,0
2994,Healthcare,medication_information,How should I learn about my prescribed medicine? (request 67),"Review the prescription and medication leaflet, and ask your doctor or pharmacist about dosage, interactions, and precautions.",curated_project_dataset,train,19,2
2995,Finance,transfer_failed,Why did my transfer fail? (request 70),"Transfers can fail because of incorrect details, account restrictions, insufficient funds, or bank-side issues. Check the transaction information and contact your bank if needed.",curated_project_dataset,train,28,1
2996,E-commerce,delivery_time,Can I know the expected delivery date? (request 39),Yes. Check your order details for the current estimated delivery date.,curated_project_dataset,train,11,0
2997,E-commerce,track_order,My order has not arrived yet (request 96),"Please check the latest tracking update first. If the expected delivery date has passed, contact customer support with your order number.",curated_project_dataset,train,26,0
2998,E-commerce,cancel_order,Please cancel my order (request 31),I can guide you through cancellation. Check your order details for the Cancel Order option.,curated_project_dataset,validation,6,0
2999,E-commerce,return_order,Can I return my product? (request 95),"Return eligibility depends on the product, seller policy, and purchase date. Check the return policy associated with your order.",curated_project_dataset,train,24,0
3000,Healthcare,health_insurance,Does my health insurance cover this treatment? (request 61),"Coverage depends on your insurance plan, provider network, and policy terms. Check your policy or contact your insurer for confirmation.",curated_project_dataset,test,14,2
3001,Finance,lost_or_stolen_card,I lost my bank card,"If your card is lost or stolen, block it immediately through your bank's official app or contact the bank's customer support.",curated_project_extension,train,17,1
3002,Finance,lost_or_stolen_card,My debit card has been stolen,Please block your card immediately and contact your bank through its official customer-support channel.,curated_project_extension,train,17,1
3003,Finance,lost_or_stolen_card,I cannot find my credit card,"If you cannot find your card, temporarily block it and contact your bank to report it as lost.",curated_project_extension,train,17,1
3004,Finance,lost_or_stolen_card,Someone stole my banking card,Block the card immediately and report the theft to your bank through an official channel.,curated_project_extension,train,17,1
3005,Finance,lost_or_stolen_card,What should I do if I lose my card?,Block the card immediately using your bank's official app or contact customer support to report it lost.,curated_project_extension,train,17,1
3006,Finance,lost_or_stolen_card,My ATM card is missing,Please block your ATM card immediately and contact your bank for further assistance.,curated_project_extension,train,17,1
3007,E-commerce,damaged_product,The product arrived damaged,I'm sorry the product arrived damaged. Please provide your order details and use the return or replacement option.,curated_project_extension,train,10,0
3008,E-commerce,damaged_product,My item is broken,I'm sorry about the damaged item. You can request a return or replacement using your order details.,curated_project_extension,train,10,0
3009,E-commerce,damaged_product,I received a defective product,A defective product may qualify for a replacement or return. Please check the order's return options.,curated_project_extension,train,10,0
3010,E-commerce,damaged_product,The product I received is faulty,I'm sorry the product is faulty. Please use the return or replacement process for the order.,curated_project_extension,train,10,0
3011,E-commerce,damaged_product,My delivery was damaged,Please report the damaged delivery through your order page and request a return or replacement.,curated_project_extension,train,10,0
3012,E-commerce,damaged_product,The item does not work,I'm sorry the item is not working. Please check whether the order qualifies for a replacement or return.,curated_project_extension,train,10,0
