id,domain,intent,user_query,response,source,split
1,Healthcare,medication_information,How should I learn about my prescribed medicine? (request 31),"Review the prescription and medication leaflet, and ask your doctor or pharmacist about dosage, interactions, and precautions.",curated_project_dataset,validation
2,Finance,fraud_transaction,Someone may have used my card.,"Contact your card issuer immediately using the official number or app, secure your account, and follow the issuer's instructions for reporting suspected fraud.",curated_project_dataset,validation
3,Finance,loan_information,I need help with this: How can I apply for a loan? Can you guide me?,"Loan eligibility, documents, interest rates, and application procedures vary by lender. Check the lender's official application process.",curated_project_dataset,validation
4,E-commerce,track_order,What is the status of my order? (request 31),Please provide your order number so the current delivery status can be checked.,curated_project_dataset,validation
5,E-commerce,return_order,I want to return something I bought (request 98),You can request a return from the order details if the item meets the seller's return conditions.,curated_project_dataset,validation
6,Healthcare,medication_information,Can you give me information about a medicine? (request 54),"Please provide the medicine name. I can give general information, but medication decisions should be confirmed with a qualified healthcare professional.",curated_project_dataset,train
7,Finance,transaction_issue,Why is my transaction not showing? (request 83),Transaction updates can take time depending on the transaction type. Check again later and contact your bank if the expected posting time has passed.,curated_project_dataset,validation
8,Healthcare,appointment_booking,How can I book a doctor appointment? (request 45),"You can book an appointment by selecting a doctor, choosing an available date and time, and confirming the booking.",curated_project_dataset,validation
9,Healthcare,emergency_guidance,Can you help me with this? I have a severe medical problem. What should I do?,"Seek urgent medical attention immediately, especially if symptoms are severe, sudden, or life-threatening.",curated_project_dataset,validation
10,Healthcare,appointment_booking,How can I book a doctor appointment? (request 97),"You can book an appointment by selecting a doctor, choosing an available date and time, and confirming the booking.",curated_project_dataset,train
11,Finance,transfer_failed,Can you help me with this? The transfer was unsuccessful. Can you guide me?,Please review the transaction details and any error message. Your bank can provide the exact reason if the transaction was rejected.,curated_project_dataset,validation
12,E-commerce,payment_failed,Why was my online payment declined? (request 78),"A payment can fail because of incorrect details, bank restrictions, insufficient funds, or security checks. Contact your bank if the problem continues.",curated_project_dataset,validation
13,Healthcare,medication_information,I need help with this: I want information about my medication.,Please share the medicine name if you want general information. Do not change the prescribed dose without consulting your healthcare professional.,curated_project_dataset,train
14,Healthcare,appointment_reschedule,I need to reschedule my doctor's visit (request 46),"Open your appointment and select Reschedule, then choose another available date and time.",curated_project_dataset,validation
15,Healthcare,appointment_booking,I want to see a doctor (request 28),I can help you schedule a consultation. Please provide the medical specialty or doctor you want to visit.,curated_project_dataset,train
16,E-commerce,damaged_product,I received a broken product (request 31),Please report the issue promptly through your order support or return process and provide clear photos of the damage.,curated_project_dataset,validation
17,Finance,transaction_issue,My transaction looks incorrect (request 62),"Please verify the amount, date, and transaction details. If you do not recognize or agree with the transaction, contact your bank promptly.",curated_project_dataset,train
18,Finance,transaction_issue,My transaction looks incorrect (request 74),"Please verify the amount, date, and transaction details. If you do not recognize or agree with the transaction, contact your bank promptly.",curated_project_dataset,train
19,Finance,lost_or_stolen_card,I misplaced my bank card Can you assist?,"If your card is lost or stolen, block it immediately through your bank's official app or contact the bank's customer support.",curated_project_extension,validation
20,Finance,card_payment,I cannot pay with my card (request 95),"Verify that your card is active and has sufficient funds. If payments continue to fail, contact your card issuer.",curated_project_dataset,validation
21,Finance,cash_withdrawal,The ATM did not give me cash (request 70),"If your account was debited, keep the ATM receipt or transaction details and contact your bank immediately for investigation.",curated_project_dataset,validation
22,Healthcare,medication_information,Can you help me with this? How should I learn about my prescribed medicine?,"Review the prescription and medication leaflet, and ask your doctor or pharmacist about dosage, interactions, and precautions.",curated_project_dataset,train
23,E-commerce,product_information,Where can I find product specifications?,Product specifications are usually listed on the product page under the description or specifications section.,curated_project_dataset,validation
24,Finance,transfer_pending,Why is my transfer still pending? (request 34),A transfer may remain pending while the bank processes or verifies it. Check the transaction details for the expected processing time.,curated_project_dataset,validation
25,Finance,transfer_pending,Please help me: My bank transfer has not completed. Can you guide me?,"Please check the transfer status and expected processing time. If it remains pending longer than expected, contact your bank.",curated_project_dataset,train
26,Healthcare,appointment_booking,Can I make an appointment for tomorrow? (request 99),"Yes, if appointments are available. Please select the doctor and check tomorrow's available time slots.",curated_project_dataset,train
27,Healthcare,health_insurance,Does my health insurance cover this treatment? (request 73),"Coverage depends on your insurance plan, provider network, and policy terms. Check your policy or contact your insurer for confirmation.",curated_project_dataset,validation
28,E-commerce,track_order,My order has not arrived yet (request 72),"Please check the latest tracking update first. If the expected delivery date has passed, contact customer support with your order number.",curated_project_dataset,train
29,E-commerce,cancel_order,I want to cancel my order (request 89),"If the order has not shipped, you may be able to cancel it from your order details. Once shipped, cancellation may no longer be available.",curated_project_dataset,validation
30,E-commerce,cancel_order,How do I stop an order before it ships? (request 44),Open your order details and select cancellation if the option is still available.,curated_project_dataset,train
31,Healthcare,appointment_booking,I want to see a doctor (request 44),I can help you schedule a consultation. Please provide the medical specialty or doctor you want to visit.,curated_project_dataset,test
32,E-commerce,return_order,I want to return something I bought (request 42),You can request a return from the order details if the item meets the seller's return conditions.,curated_project_dataset,train
33,E-commerce,return_order,What is the process for returning an item? (request 12),"Start a return request from your order details, select the reason, and follow the packaging and pickup or drop-off instructions.",curated_project_dataset,train
34,Healthcare,medication_information,Can you give me information about a medicine? (request 38),"Please provide the medicine name. I can give general information, but medication decisions should be confirmed with a qualified healthcare professional.",curated_project_dataset,test
35,Healthcare,appointment_cancel,Can I cancel my appointment today? (request 79),"Yes, if cancellation is allowed by the provider. Please check your appointment details for the applicable cancellation policy.",curated_project_dataset,validation
36,Healthcare,health_insurance,Please help me: Does my health insurance cover this treatment?,"Coverage depends on your insurance plan, provider network, and policy terms. Check your policy or contact your insurer for confirmation.",curated_project_dataset,train
37,E-commerce,delivery_time,When will my order be delivered? (request 57),The estimated delivery date is usually shown in your order details and may depend on your location and shipping method.,curated_project_dataset,validation
38,Healthcare,appointment_reschedule,How can I change my consultation date? (request 68),Use the reschedule option in your appointment details and select a new available date.,curated_project_dataset,train
39,Healthcare,appointment_cancel,I need to cancel my doctor's appointment (request 46),Please open your appointment details and select the cancellation option. Check the provider's cancellation policy for any applicable conditions.,curated_project_dataset,train
40,Healthcare,appointment_cancel,How do I cancel my appointment? (request 81),"You can cancel the appointment from your booking details. If cancellation is unavailable online, contact the healthcare provider.",curated_project_dataset,train
41,Finance,cash_withdrawal,I could not withdraw cash (request 57),"Check whether your card is active and whether you have sufficient available balance. If the ATM charged you without dispensing cash, contact your bank promptly.",curated_project_dataset,train
42,Finance,fraud_transaction,Someone may have used my card. Can you guide me?,"Contact your card issuer immediately using the official number or app, secure your account, and follow the issuer's instructions for reporting suspected fraud.",curated_project_dataset,train
43,Healthcare,health_insurance,Does my health insurance cover this treatment? (request 37),"Coverage depends on your insurance plan, provider network, and policy terms. Check your policy or contact your insurer for confirmation.",curated_project_dataset,train
44,Finance,cash_withdrawal,My ATM transaction failed (request 76),Check your account and ATM transaction status. Contact your bank if money was debited or the issue continues.,curated_project_dataset,train
45,Healthcare,appointment_booking,I need to schedule a consultation (request 30),Sure. Please choose the required doctor or specialty and select an available appointment slot.,curated_project_dataset,train
46,Healthcare,medication_information,Can you give me information about a medicine? (request 30),"Please provide the medicine name. I can give general information, but medication decisions should be confirmed with a qualified healthcare professional.",curated_project_dataset,train
47,Healthcare,appointment_cancel,How do I cancel my appointment? (request 73),"You can cancel the appointment from your booking details. If cancellation is unavailable online, contact the healthcare provider.",curated_project_dataset,train
48,E-commerce,refund,How does a product refund work? (request 47),"After the return or cancellation is approved, the refund is generally processed to the original payment method, subject to the seller's policy.",curated_project_dataset,validation
49,E-commerce,return_order,Can I return my product? (request 59),"Return eligibility depends on the product, seller policy, and purchase date. Check the return policy associated with your order.",curated_project_dataset,train
50,Finance,transfer_pending,I want to know: My money transfer is pending. Can you guide me?,Pending transfers can take time depending on the bank and transfer type. Please check the transaction status and contact your bank if it remains pending beyond the expected processing period.,curated_project_dataset,train
51,Healthcare,health_insurance,How can I check my medical insurance coverage? (request 66),Review your policy documents or contact the insurer using the official customer-service channel to confirm coverage.,curated_project_dataset,train
52,Finance,credit_card,Can you help me with this? How can I apply for a credit card? Can you guide me?,Credit-card eligibility and application requirements vary by issuer. Check the issuer's official application process and terms.,curated_project_dataset,validation
53,Healthcare,emergency_guidance,What should I do in a medical emergency? (request 25),"For a serious or life-threatening emergency, seek immediate emergency medical care or contact your local emergency service. Do not rely on a chatbot for emergency treatment.",curated_project_dataset,train
54,Finance,transaction_issue,My transaction looks incorrect (request 66),"Please verify the amount, date, and transaction details. If you do not recognize or agree with the transaction, contact your bank promptly.",curated_project_dataset,train
55,E-commerce,payment_failed,Why was my online payment declined? (request 30),"A payment can fail because of incorrect details, bank restrictions, insufficient funds, or security checks. Contact your bank if the problem continues.",curated_project_dataset,train
56,Finance,card_payment,My card payment was declined (request 77),"Check your card status, available funds, payment details, and any bank security restrictions. Contact your bank if the decline continues.",curated_project_dataset,train
57,E-commerce,return_order,What is the process for returning an item? (request 96),"Start a return request from your order details, select the reason, and follow the packaging and pickup or drop-off instructions.",curated_project_dataset,test
58,Finance,balance_inquiry,Can I check my balance online? (request 28),Yes. Most banks provide balance information through their official online banking or mobile application.,curated_project_dataset,validation
59,E-commerce,refund,Please help me: I want to know my refund status.,Please provide your order details or check the refund section of your account for the latest status.,curated_project_dataset,train
60,Healthcare,emergency_guidance,What should I do in a medical emergency? (request 57),"For a serious or life-threatening emergency, seek immediate emergency medical care or contact your local emergency service. Do not rely on a chatbot for emergency treatment.",curated_project_dataset,train
61,E-commerce,product_information,I need help with this: Where can I find product specifications?,Product specifications are usually listed on the product page under the description or specifications section.,curated_project_dataset,train
62,Finance,card_payment,Why did my card payment fail? (request 34),"A card payment may fail because of insufficient funds, incorrect details, security checks, or merchant restrictions.",curated_project_dataset,train
63,Finance,card_payment,My card payment was declined (request 41),"Check your card status, available funds, payment details, and any bank security restrictions. Contact your bank if the decline continues.",curated_project_dataset,train
64,Healthcare,appointment_reschedule,Can I change my appointment time? (request 85),"Yes. If another slot is available, you can reschedule the appointment from your booking details.",curated_project_dataset,train
65,Healthcare,prescription,How do I view my prescription? (request 36),"If your provider offers online records, sign in to your healthcare account and open the prescription or medication section.",curated_project_dataset,validation
66,Healthcare,appointment_booking,I need to schedule a consultation (request 70),Sure. Please choose the required doctor or specialty and select an available appointment slot.,curated_project_dataset,train
67,Finance,card_payment,My debit card payment did not work (request 100),"Please check your card balance and status. If the issue continues, contact your bank for assistance.",curated_project_dataset,test
68,Healthcare,medical_report,Can you help me with this? Where can I see my medical report?,"If digital records are available, check your healthcare account or patient portal. Otherwise, contact the healthcare provider that performed the test.",curated_project_dataset,validation
69,Healthcare,health_insurance,Does my health insurance cover this treatment? (request 85),"Coverage depends on your insurance plan, provider network, and policy terms. Check your policy or contact your insurer for confirmation.",curated_project_dataset,test
70,Finance,fraud_transaction,There is a suspicious transaction on my account (request 83),Review the transaction and report it to your bank promptly if you did not authorize it. Use only official banking contact channels.,curated_project_dataset,train
71,Finance,balance_inquiry,What is my account balance? (request 29),"You can check your current balance through your bank's official mobile app, online banking portal, ATM, or branch.",curated_project_dataset,train
72,Finance,fraud_transaction,I do not recognize a transaction. Can you guide me?,"If you do not recognize a transaction, contact your bank or card issuer through its official channel immediately and follow its fraud-reporting process.",curated_project_dataset,train
73,E-commerce,damaged_product,What should I do if my item is damaged? (request 90),"Keep the product and packaging, document the damage with photos, and submit a damage claim or return request through the order details.",curated_project_dataset,train
74,E-commerce,return_order,I need help with this: Can I return my product?,"Return eligibility depends on the product, seller policy, and purchase date. Check the return policy associated with your order.",curated_project_dataset,train
75,E-commerce,refund,I need help with this: How does a product refund work?,"After the return or cancellation is approved, the refund is generally processed to the original payment method, subject to the seller's policy.",curated_project_dataset,train
76,Finance,transfer_pending,Why is my transfer still pending? (request 42),A transfer may remain pending while the bank processes or verifies it. Check the transaction details for the expected processing time.,curated_project_dataset,train
77,Finance,credit_card,How can I apply for a credit card? (request 25),Credit-card eligibility and application requirements vary by issuer. Check the issuer's official application process and terms.,curated_project_dataset,train
78,E-commerce,account_issue,My account is not working (request 92),"Try signing out and back in or resetting your password. If the problem continues, contact customer support.",curated_project_dataset,validation
79,Finance,transfer_failed,My money transfer failed (request 77),"Please check the transfer details and your account status. If the problem persists, contact your bank for the specific reason for failure.",curated_project_dataset,train
80,E-commerce,account_issue,How do I update my account details? (request 51),"Open your account settings and edit the available profile information, then save the changes.",curated_project_dataset,train
81,Finance,transaction_issue,I need help with a bank transaction (request 28),Please check the transaction status and reference number. Your bank can investigate account-specific transaction issues.,curated_project_dataset,test
82,E-commerce,wrong_product,My order contains a different product (request 30),Start a return or replacement request for the incorrect item and follow the seller's instructions.,curated_project_dataset,validation
83,Healthcare,lab_test,I need information about a medical test (request 96),"Please provide the test name. Preparation, timing, and interpretation can vary by test.",curated_project_dataset,validation
84,E-commerce,damaged_product,The package arrived damaged (request 40),Document the package condition and contact customer support or the seller with your order number and photos.,curated_project_dataset,train
85,Finance,credit_card,What is my credit card limit? (request 90),"Your current credit limit is available through your card issuer's official app, online account, statement, or customer service.",curated_project_dataset,train
86,Healthcare,emergency_guidance,This feels like an emergency (request 48),"Please seek immediate emergency medical assistance. If possible, have someone stay with you while help is arranged.",curated_project_dataset,train
87,E-commerce,account_issue,I cannot access my shopping account (request 65),"Use the account recovery or password-reset option. If you still cannot sign in, contact customer support through the official channel.",curated_project_dataset,train
88,Finance,transfer_failed,My money transfer failed (request 29),"Please check the transfer details and your account status. If the problem persists, contact your bank for the specific reason for failure.",curated_project_dataset,train
89,Healthcare,medical_report,Can you help me with this? I received my test report. What does it mean?,"Please discuss the report with your healthcare professional, who can interpret the findings using your clinical history and examination.",curated_project_dataset,train
90,Finance,loan_information,I need information about a personal loan (request 54),"Personal-loan terms vary by lender, including eligibility, interest rate, tenure, and fees. Review the lender's official terms before applying.",curated_project_dataset,train
91,Finance,transfer_failed,I need help with this: The transfer was unsuccessful. Can you guide me?,Please review the transaction details and any error message. Your bank can provide the exact reason if the transaction was rejected.,curated_project_dataset,train
92,Finance,bank_account,How do I open a bank account? (request 53),"Account-opening requirements vary by bank. Check the bank's official website or branch for eligibility, documents, and application steps.",curated_project_dataset,validation
93,Finance,transfer_pending,Why is my transfer still pending? (request 38),A transfer may remain pending while the bank processes or verifies it. Check the transaction details for the expected processing time.,curated_project_dataset,test
94,Finance,balance_inquiry,How can I check my balance? (request 50),Use your bank's official app or online banking service to view your current account balance.,curated_project_dataset,train
95,Finance,loan_information,I need information about a personal loan (request 50),"Personal-loan terms vary by lender, including eligibility, interest rate, tenure, and fees. Review the lender's official terms before applying.",curated_project_dataset,train
96,E-commerce,account_issue,My account is not working (request 96),"Try signing out and back in or resetting your password. If the problem continues, contact customer support.",curated_project_dataset,train
97,Healthcare,symptoms_information,Can you tell me what my symptoms mean? (request 6),Symptoms can have many possible causes. Please consult a healthcare professional for an appropriate evaluation rather than relying on a chatbot for diagnosis.,curated_project_dataset,validation
98,Finance,fraud_transaction,I do not recognize a transaction (request 77),"If you do not recognize a transaction, contact your bank or card issuer through its official channel immediately and follow its fraud-reporting process.",curated_project_dataset,test
99,E-commerce,payment_failed,My card payment did not go through (request 36),Please verify your card details and contact your bank if the transaction continues to be declined.,curated_project_dataset,train
100,Finance,bank_account,I want to know: How do I open a bank account? Can you guide me?,"Account-opening requirements vary by bank. Check the bank's official website or branch for eligibility, documents, and application steps.",curated_project_dataset,train
101,Finance,balance_inquiry,What is my account balance? (request 37),"You can check your current balance through your bank's official mobile app, online banking portal, ATM, or branch.",curated_project_dataset,train
102,Healthcare,medication_information,I want information about my medication (request 68),Please share the medicine name if you want general information. Do not change the prescribed dose without consulting your healthcare professional.,curated_project_dataset,train
103,Healthcare,appointment_cancel,How do I cancel my appointment? (request 85),"You can cancel the appointment from your booking details. If cancellation is unavailable online, contact the healthcare provider.",curated_project_dataset,test
104,E-commerce,refund,I want to know: My refund has not arrived.,"Please check the refund status and original payment method. If the stated processing period has passed, contact customer support with your order details.",curated_project_dataset,train
105,E-commerce,refund,I need help with this: My refund has not arrived.,"Please check the refund status and original payment method. If the stated processing period has passed, contact customer support with your order details.",curated_project_dataset,test
106,E-commerce,damaged_product,I received a broken product (request 59),Please report the issue promptly through your order support or return process and provide clear photos of the damage.,curated_project_dataset,train
107,Finance,lost_or_stolen_card,I lost my bank card I need help with this.,"If your card is lost or stolen, block it immediately through your bank's official app or contact the bank's customer support.",curated_project_extension,train
108,E-commerce,delivery_time,Do you offer fast delivery? (request 56),"Available delivery speeds depend on the product, seller, location, and shipping options shown at checkout.",curated_project_dataset,train
109,E-commerce,product_information,How can I get information about a product? (request 45),"Open the product page to view its description, specifications, availability, price, and seller information.",curated_project_dataset,train
110,Healthcare,appointment_booking,How can I book a doctor appointment? (request 49),"You can book an appointment by selecting a doctor, choosing an available date and time, and confirming the booking.",curated_project_dataset,train
111,E-commerce,payment_failed,Why was my online payment declined? (request 34),"A payment can fail because of incorrect details, bank restrictions, insufficient funds, or security checks. Contact your bank if the problem continues.",curated_project_dataset,train
112,Finance,credit_card,I want to know: How do I pay my credit card bill? Can you guide me?,"You can usually pay through the issuer's official app, online banking, bank transfer, or another supported payment method.",curated_project_dataset,train
113,Healthcare,prescription,Where can I find my prescription? (request 57),Your prescription may be available in your healthcare account or provided by your doctor. Check your medical records or contact the clinic.,curated_project_dataset,train
114,Finance,balance_inquiry,How can I check my balance? (request 62),Use your bank's official app or online banking service to view your current account balance.,curated_project_dataset,test
115,Healthcare,prescription,I need help with this: Where can I find my prescription?,Your prescription may be available in your healthcare account or provided by your doctor. Check your medical records or contact the clinic.,curated_project_dataset,train
116,E-commerce,payment_failed,I want to know: My card payment did not go through.,Please verify your card details and contact your bank if the transaction continues to be declined.,curated_project_dataset,test
117,Healthcare,appointment_booking,Please help me: I need to schedule a consultation.,Sure. Please choose the required doctor or specialty and select an available appointment slot.,curated_project_dataset,train
118,E-commerce,delivery_time,Can I know the expected delivery date? (request 79),Yes. Check your order details for the current estimated delivery date.,curated_project_dataset,train
119,Finance,bank_account,Can I open a bank account online? (request 92),"Many banks offer online account opening, subject to eligibility and verification requirements. Check your bank's official website.",curated_project_dataset,train
120,Finance,loan_information,What documents are required for a loan? (request 75),"Requirements depend on the lender and loan type. Commonly requested documents may include identity, income, and address information.",curated_project_dataset,train
121,E-commerce,track_order,I need help with this: Where is my order?,I can help with order tracking. Please provide your order number or tracking details.,curated_project_dataset,train
122,Healthcare,appointment_booking,I need help with this: How can I book a doctor appointment?,"You can book an appointment by selecting a doctor, choosing an available date and time, and confirming the booking.",curated_project_dataset,train
123,E-commerce,track_order,How can I track my package?,Use the tracking link in your order details or provide your order number to check the shipment status.,curated_project_dataset,train
124,E-commerce,cancel_order,How do I stop an order before it ships? (request 52),Open your order details and select cancellation if the option is still available.,curated_project_dataset,train
125,E-commerce,return_order,How do I return a product? (request 65),"Open your order details, select the return option if eligible, choose a return reason, and follow the provided instructions.",curated_project_dataset,train
126,Finance,transaction_issue,Why is my transaction not showing? (request 67),Transaction updates can take time depending on the transaction type. Check again later and contact your bank if the expected posting time has passed.,curated_project_dataset,train
127,Finance,bank_account,What documents are needed to open an account? (request 82),Requirements vary by bank and account type. Check the bank's official documentation for current identity and address requirements.,curated_project_dataset,train
128,Finance,transfer_pending,When will my pending transfer be completed? (request 76),Processing time varies by bank and transfer type. Check the transaction status for the latest update.,curated_project_dataset,train
129,Finance,transfer_pending,Why is my transfer still pending? (request 66),A transfer may remain pending while the bank processes or verifies it. Check the transaction details for the expected processing time.,curated_project_dataset,train
130,Finance,lost_or_stolen_card,Could you help me? Someone stole my card,"If your card is lost or stolen, block it immediately through your bank's official app or contact the bank's customer support.",curated_project_extension,train
131,E-commerce,damaged_product,I received a broken product (request 11),Please report the issue promptly through your order support or return process and provide clear photos of the damage.,curated_project_dataset,test
132,Healthcare,appointment_cancel,I want to know: I need to cancel my doctor's appointment.,Please open your appointment details and select the cancellation option. Check the provider's cancellation policy for any applicable conditions.,curated_project_dataset,train
133,Finance,credit_card,I need help with my credit card (request 72),"Please specify whether you need help with payments, limits, transactions, fees, or card access so the appropriate guidance can be provided.",curated_project_dataset,test
134,Finance,transfer_failed,The transfer was unsuccessful (request 32),Please review the transaction details and any error message. Your bank can provide the exact reason if the transaction was rejected.,curated_project_dataset,test
135,E-commerce,product_information,Can you help me with this? Where can I find product specifications?,Product specifications are usually listed on the product page under the description or specifications section.,curated_project_dataset,train
136,Finance,balance_inquiry,I want to know my bank balance (request 79),Please check the balance section of your official banking app or online banking account.,curated_project_dataset,train
137,Healthcare,lab_test,Where can I get my blood test done? (request 66),You can use an authorized laboratory or collection center. Follow the test-specific preparation instructions provided by your healthcare provider.,curated_project_dataset,train
138,Healthcare,prescription,Where can I find my prescription? (request 69),Your prescription may be available in your healthcare account or provided by your doctor. Check your medical records or contact the clinic.,curated_project_dataset,train
139,Finance,balance_inquiry,What is my account balance? (request 57),"You can check your current balance through your bank's official mobile app, online banking portal, ATM, or branch.",curated_project_dataset,train
140,Healthcare,health_insurance,I want to know: I need information about health insurance.,"Please specify whether you need help with coverage, claims, eligibility, or policy information so the appropriate guidance can be provided.",curated_project_dataset,train
141,Finance,transaction_issue,Why is my transaction not showing? (request 87),Transaction updates can take time depending on the transaction type. Check again later and contact your bank if the expected posting time has passed.,curated_project_dataset,train
142,E-commerce,return_order,How do I return a product? (request 89),"Open your order details, select the return option if eligible, choose a return reason, and follow the provided instructions.",curated_project_dataset,train
143,E-commerce,track_order,I need help with this: How can I track my package?,Use the tracking link in your order details or provide your order number to check the shipment status.,curated_project_dataset,test
144,E-commerce,account_issue,How do I update my account details? (request 47),"Open your account settings and edit the available profile information, then save the changes.",curated_project_dataset,test
145,E-commerce,return_order,Can I return my product? (request 75),"Return eligibility depends on the product, seller policy, and purchase date. Check the return policy associated with your order.",curated_project_dataset,train
146,E-commerce,refund,When will I get my refund? (request 61),Refund timing depends on the payment method and seller's processing time. Check your order's refund status for the latest update.,curated_project_dataset,train
147,Healthcare,appointment_cancel,I need to cancel my doctor's appointment (request 66),Please open your appointment details and select the cancellation option. Check the provider's cancellation policy for any applicable conditions.,curated_project_dataset,train
148,Finance,card_payment,Why did my card payment fail? (request 94),"A card payment may fail because of insufficient funds, incorrect details, security checks, or merchant restrictions.",curated_project_dataset,train
149,Healthcare,appointment_cancel,Please cancel my consultation.,I can guide you through cancellation. Open the appointment record and choose Cancel Appointment.,curated_project_dataset,train
150,E-commerce,account_issue,How do I update my account details? (request 59),"Open your account settings and edit the available profile information, then save the changes.",curated_project_dataset,train
151,Healthcare,symptoms_information,I want information about my symptoms (request 48),"I can provide general health information, but a clinician should evaluate symptoms to determine the appropriate diagnosis and treatment.",curated_project_dataset,train
152,E-commerce,account_issue,Please help me: How do I update my account details?,"Open your account settings and edit the available profile information, then save the changes.",curated_project_dataset,train
153,E-commerce,account_issue,I cannot access my shopping account (request 45),"Use the account recovery or password-reset option. If you still cannot sign in, contact customer support through the official channel.",curated_project_dataset,train
154,Finance,balance_inquiry,I want to know my bank balance (request 67),Please check the balance section of your official banking app or online banking account.,curated_project_dataset,train
155,E-commerce,delivery_time,Can I know the expected delivery date? (request 39),Yes. Check your order details for the current estimated delivery date.,curated_project_dataset,train
156,E-commerce,refund,My refund has not arrived (request 42),"Please check the refund status and original payment method. If the stated processing period has passed, contact customer support with your order details.",curated_project_dataset,train
157,Finance,fraud_transaction,I think my account has been compromised (request 32),"Contact your bank immediately through an official channel, secure your account credentials, and follow its instructions for protecting the account.",curated_project_dataset,train
158,Healthcare,appointment_booking,I need to schedule a consultation (request 74),Sure. Please choose the required doctor or specialty and select an available appointment slot.,curated_project_dataset,test
159,E-commerce,damaged_product,My product arrived damaged (request 93),"Please take photos of the damaged item and packaging, then report the issue through the order's return or support process as soon as possible.",curated_project_dataset,train
160,Healthcare,medication_information,How should I learn about my prescribed medicine? (request 27),"Review the prescription and medication leaflet, and ask your doctor or pharmacist about dosage, interactions, and precautions.",curated_project_dataset,train
161,Healthcare,symptoms_information,I have been feeling unwell. What should I do? (request 43),"If symptoms are mild, monitor them and consider contacting a healthcare professional. Seek urgent medical care if symptoms are severe or rapidly worsening.",curated_project_dataset,train
162,Finance,balance_inquiry,I want to know: I want to know my bank balance. Can you guide me?,Please check the balance section of your official banking app or online banking account.,curated_project_dataset,train
163,Healthcare,appointment_reschedule,Can I change my appointment time? (request 17),"Yes. If another slot is available, you can reschedule the appointment from your booking details.",curated_project_dataset,train
164,Finance,fraud_transaction,I think my account has been compromised.,"Contact your bank immediately through an official channel, secure your account credentials, and follow its instructions for protecting the account.",curated_project_dataset,train
165,Healthcare,medical_report,How do I download my lab report? (request 44),"If online access is provided, sign in to the patient portal and look under reports or test results.",curated_project_dataset,train
166,Healthcare,medical_report,Please help me: How do I download my lab report?,"If online access is provided, sign in to the patient portal and look under reports or test results.",curated_project_dataset,train
167,Finance,card_payment,Why did my card payment fail? (request 98),"A card payment may fail because of insufficient funds, incorrect details, security checks, or merchant restrictions.",curated_project_dataset,train
168,Finance,loan_information,How can I apply for a loan? (request 65),"Loan eligibility, documents, interest rates, and application procedures vary by lender. Check the lender's official application process.",curated_project_dataset,test
169,Finance,loan_information,I need information about a personal loan. Can you guide me?,"Personal-loan terms vary by lender, including eligibility, interest rate, tenure, and fees. Review the lender's official terms before applying.",curated_project_dataset,train
170,Healthcare,appointment_cancel,Can I cancel my appointment today? (request 99),"Yes, if cancellation is allowed by the provider. Please check your appointment details for the applicable cancellation policy.",curated_project_dataset,train
171,Finance,balance_inquiry,What is my account balance? (request 77),"You can check your current balance through your bank's official mobile app, online banking portal, ATM, or branch.",curated_project_dataset,train
172,Finance,transaction_issue,I need help with a bank transaction (request 44),Please check the transaction status and reference number. Your bank can investigate account-specific transaction issues.,curated_project_dataset,train
173,E-commerce,damaged_product,What should I do if my item is damaged? (request 94),"Keep the product and packaging, document the damage with photos, and submit a damage claim or return request through the order details.",curated_project_dataset,train
174,Finance,transaction_issue,I need help with a bank transaction. Can you guide me?,Please check the transaction status and reference number. Your bank can investigate account-specific transaction issues.,curated_project_dataset,train
175,Finance,bank_account,Can you help me with this? Can I open a bank account online? Can you guide me?,"Many banks offer online account opening, subject to eligibility and verification requirements. Check your bank's official website.",curated_project_dataset,test
176,Healthcare,appointment_booking,Can I make an appointment for tomorrow? (request 35),"Yes, if appointments are available. Please select the doctor and check tomorrow's available time slots.",curated_project_dataset,train
177,Healthcare,appointment_cancel,Can I cancel my appointment today? (request 55),"Yes, if cancellation is allowed by the provider. Please check your appointment details for the applicable cancellation policy.",curated_project_dataset,train
178,Healthcare,appointment_booking,I need to schedule a consultation (request 82),Sure. Please choose the required doctor or specialty and select an available appointment slot.,curated_project_dataset,test
179,Healthcare,medication_information,How should I learn about my prescribed medicine? (request 75),"Review the prescription and medication leaflet, and ask your doctor or pharmacist about dosage, interactions, and precautions.",curated_project_dataset,train
180,Healthcare,health_insurance,Does my health insurance cover this treatment? (request 57),"Coverage depends on your insurance plan, provider network, and policy terms. Check your policy or contact your insurer for confirmation.",curated_project_dataset,train
181,Finance,transfer_pending,When will my pending transfer be completed? (request 88),Processing time varies by bank and transfer type. Check the transaction status for the latest update.,curated_project_dataset,train
182,Finance,balance_inquiry,Can I check my balance online? (request 40),Yes. Most banks provide balance information through their official online banking or mobile application.,curated_project_dataset,test
183,Finance,transfer_pending,My bank transfer has not completed (request 27),"Please check the transfer status and expected processing time. If it remains pending longer than expected, contact your bank.",curated_project_dataset,train
184,E-commerce,refund,My refund has not arrived (request 14),"Please check the refund status and original payment method. If the stated processing period has passed, contact customer support with your order details.",curated_project_dataset,train
185,E-commerce,track_order,How can I track my package? (request 14),Use the tracking link in your order details or provide your order number to check the shipment status.,curated_project_dataset,train
186,Healthcare,appointment_reschedule,I need to reschedule my doctor's visit (request 50),"Open your appointment and select Reschedule, then choose another available date and time.",curated_project_dataset,test
187,Healthcare,health_insurance,How can I check my medical insurance coverage? (request 46),Review your policy documents or contact the insurer using the official customer-service channel to confirm coverage.,curated_project_dataset,train
188,Healthcare,medical_report,I received my test report. What does it mean? (request 99),"Please discuss the report with your healthcare professional, who can interpret the findings using your clinical history and examination.",curated_project_dataset,test
189,Finance,lost_or_stolen_card,My debit card is missing Please help.,"If your card is lost or stolen, block it immediately through your bank's official app or contact the bank's customer support.",curated_project_extension,train
190,Healthcare,appointment_booking,I need to schedule a consultation (request 90),Sure. Please choose the required doctor or specialty and select an available appointment slot.,curated_project_dataset,train
191,Healthcare,appointment_cancel,How do I cancel my appointment? (request 57),"You can cancel the appointment from your booking details. If cancellation is unavailable online, contact the healthcare provider.",curated_project_dataset,test
192,Healthcare,medical_report,I received my test report. What does it mean? (request 67),"Please discuss the report with your healthcare professional, who can interpret the findings using your clinical history and examination.",curated_project_dataset,train
193,E-commerce,wrong_product,The product I received is not what I ordered (request 15),Please report the mismatch through customer support or the order return process so the issue can be investigated.,curated_project_dataset,train
194,Healthcare,appointment_reschedule,Can I move my appointment to next week? (request 87),You can reschedule if the provider has an available slot next week.,curated_project_dataset,train
195,Finance,bank_account,Can I open a bank account online? (request 68),"Many banks offer online account opening, subject to eligibility and verification requirements. Check your bank's official website.",curated_project_dataset,train
196,E-commerce,track_order,Where is my order? (request 49),I can help with order tracking. Please provide your order number or tracking details.,curated_project_dataset,train
197,Finance,cash_withdrawal,My ATM transaction failed (request 56),Check your account and ATM transaction status. Contact your bank if money was debited or the issue continues.,curated_project_dataset,train
198,Healthcare,medication_information,Can you give me information about a medicine?,"Please provide the medicine name. I can give general information, but medication decisions should be confirmed with a qualified healthcare professional.",curated_project_dataset,train
199,Finance,card_payment,I need help with this: I cannot pay with my card. Can you guide me?,"Verify that your card is active and has sufficient funds. If payments continue to fail, contact your card issuer.",curated_project_dataset,train
200,Healthcare,appointment_cancel,Please cancel my consultation (request 76),I can guide you through cancellation. Open the appointment record and choose Cancel Appointment.,curated_project_dataset,train
201,Finance,balance_inquiry,How can I check my balance? (request 70),Use your bank's official app or online banking service to view your current account balance.,curated_project_dataset,train
202,Finance,loan_information,How do I check loan eligibility? (request 28),"Eligibility depends on the lender's criteria, which may include income, credit history, employment, and existing obligations.",curated_project_dataset,train
203,Finance,balance_inquiry,How can I check my balance? (request 38),Use your bank's official app or online banking service to view your current account balance.,curated_project_dataset,test
204,E-commerce,delivery_time,I need help with this: Do you offer fast delivery?,"Available delivery speeds depend on the product, seller, location, and shipping options shown at checkout.",curated_project_dataset,test
205,Finance,card_payment,I cannot pay with my card (request 55),"Verify that your card is active and has sufficient funds. If payments continue to fail, contact your card issuer.",curated_project_dataset,train
206,Finance,bank_account,I need help with this: How do I open a bank account? Can you guide me?,"Account-opening requirements vary by bank. Check the bank's official website or branch for eligibility, documents, and application steps.",curated_project_dataset,train
207,E-commerce,delivery_time,Can I know the expected delivery date? (request 35),Yes. Check your order details for the current estimated delivery date.,curated_project_dataset,train
208,Healthcare,symptoms_information,I want information about my symptoms (request 60),"I can provide general health information, but a clinician should evaluate symptoms to determine the appropriate diagnosis and treatment.",curated_project_dataset,train
209,E-commerce,track_order,Where is my order? (request 89),I can help with order tracking. Please provide your order number or tracking details.,curated_project_dataset,train
210,E-commerce,product_information,Does this product have the features I need? (request 66),"Please check the product specifications and description. If a required feature is unclear, contact the seller for confirmation.",curated_project_dataset,test
211,E-commerce,account_issue,I forgot my account password (request 10),Use the password-reset option associated with your account email or phone number.,curated_project_dataset,train
212,E-commerce,product_information,How can I get information about a product? (request 81),"Open the product page to view its description, specifications, availability, price, and seller information.",curated_project_dataset,train
213,Healthcare,appointment_cancel,I need to cancel my doctor's appointment (request 70),Please open your appointment details and select the cancellation option. Check the provider's cancellation policy for any applicable conditions.,curated_project_dataset,test
214,Healthcare,appointment_cancel,How do I cancel my appointment? (request 45),"You can cancel the appointment from your booking details. If cancellation is unavailable online, contact the healthcare provider.",curated_project_dataset,train
215,E-commerce,damaged_product,The package arrived damaged (request 76),Document the package condition and contact customer support or the seller with your order number and photos.,curated_project_dataset,train
216,Finance,balance_inquiry,How can I check my balance? (request 90),Use your bank's official app or online banking service to view your current account balance.,curated_project_dataset,train
217,Finance,cash_withdrawal,The ATM did not give me cash (request 90),"If your account was debited, keep the ATM receipt or transaction details and contact your bank immediately for investigation.",curated_project_dataset,test
218,E-commerce,cancel_order,Can I cancel my purchase? (request 98),Cancellation depends on the order status. Please open the order details and check whether the cancellation option is available.,curated_project_dataset,train
219,Healthcare,symptoms_information,Can you tell me what my symptoms mean? (request 66),Symptoms can have many possible causes. Please consult a healthcare professional for an appropriate evaluation rather than relying on a chatbot for diagnosis.,curated_project_dataset,test
220,Finance,fraud_transaction,I do not recognize a transaction (request 57),"If you do not recognize a transaction, contact your bank or card issuer through its official channel immediately and follow its fraud-reporting process.",curated_project_dataset,train
221,Healthcare,prescription,I lost my prescription. What should I do? (request 91),Contact the prescribing healthcare provider or pharmacist. They can advise whether a replacement or copy can be issued.,curated_project_dataset,test
222,E-commerce,track_order,What is the status of my order? (request 71),Please provide your order number so the current delivery status can be checked.,curated_project_dataset,train
223,E-commerce,product_information,Is this item available? (request 96),Check the product page for the latest stock status. Availability can change quickly.,curated_project_dataset,train
224,Finance,lost_or_stolen_card,"Please help, Someone stole my card","If your card is lost or stolen, block it immediately through your bank's official app or contact the bank's customer support.",curated_project_extension,test
225,E-commerce,return_order,How do I return a product? (request 77),"Open your order details, select the return option if eligible, choose a return reason, and follow the provided instructions.",curated_project_dataset,train
226,Healthcare,appointment_cancel,Please cancel my consultation (request 48),I can guide you through cancellation. Open the appointment record and choose Cancel Appointment.,curated_project_dataset,train
227,E-commerce,product_information,Please help me: Is this item available?,Check the product page for the latest stock status. Availability can change quickly.,curated_project_dataset,train
228,Healthcare,appointment_reschedule,How can I change my consultation date? (request 72),Use the reschedule option in your appointment details and select a new available date.,curated_project_dataset,train
229,E-commerce,payment_failed,My card payment did not go through (request 8),Please verify your card details and contact your bank if the transaction continues to be declined.,curated_project_dataset,train
230,Healthcare,medication_information,What is this medicine used for? (request 93),Medication uses depend on the specific medicine and your circumstances. Check the medicine label or consult a pharmacist or doctor for reliable guidance.,curated_project_dataset,test
231,Healthcare,lab_test,I need help with this: Do I need an appointment for a lab test?,It depends on the laboratory and test. Check the laboratory's booking requirements before visiting.,curated_project_dataset,train
232,Healthcare,appointment_reschedule,Can I move my appointment to next week? (request 47),You can reschedule if the provider has an available slot next week.,curated_project_dataset,train
233,Finance,transfer_failed,Why did my transfer fail? (request 54),"Transfers can fail because of incorrect details, account restrictions, insufficient funds, or bank-side issues. Check the transaction information and contact your bank if needed.",curated_project_dataset,train
234,E-commerce,product_information,How can I get information about a product? (request 57),"Open the product page to view its description, specifications, availability, price, and seller information.",curated_project_dataset,train
235,Finance,cash_withdrawal,Why did my cash withdrawal fail? (request 67),"A withdrawal may fail because of insufficient funds, card restrictions, ATM issues, or withdrawal limits.",curated_project_dataset,train
236,E-commerce,payment_failed,Why was my online payment declined? (request 38),"A payment can fail because of incorrect details, bank restrictions, insufficient funds, or security checks. Contact your bank if the problem continues.",curated_project_dataset,train
237,E-commerce,wrong_product,The product I received is not what I ordered.,Please report the mismatch through customer support or the order return process so the issue can be investigated.,curated_project_dataset,train
238,E-commerce,delivery_time,When will my order be delivered? (request 45),The estimated delivery date is usually shown in your order details and may depend on your location and shipping method.,curated_project_dataset,train
239,Finance,credit_card,What is my credit card limit? (request 30),"Your current credit limit is available through your card issuer's official app, online account, statement, or customer service.",curated_project_dataset,train
240,E-commerce,cancel_order,Can I cancel my purchase? (request 86),Cancellation depends on the order status. Please open the order details and check whether the cancellation option is available.,curated_project_dataset,test
241,E-commerce,return_order,I need help with this: I want to return something I bought.,You can request a return from the order details if the item meets the seller's return conditions.,curated_project_dataset,test
242,Finance,bank_account,I need help with this: What documents are needed to open an account? Can you guide me?,Requirements vary by bank and account type. Check the bank's official documentation for current identity and address requirements.,curated_project_dataset,train
243,Healthcare,appointment_cancel,I need to cancel my doctor's appointment (request 58),Please open your appointment details and select the cancellation option. Check the provider's cancellation policy for any applicable conditions.,curated_project_dataset,train
244,Finance,lost_or_stolen_card,I need help: My credit card is missing,"If your card is lost or stolen, block it immediately through your bank's official app or contact the bank's customer support.",curated_project_extension,train
245,Healthcare,medical_report,Where can I see my medical report? (request 13),"If digital records are available, check your healthcare account or patient portal. Otherwise, contact the healthcare provider that performed the test.",curated_project_dataset,train
246,Healthcare,health_insurance,How can I check my medical insurance coverage? (request 82),Review your policy documents or contact the insurer using the official customer-service channel to confirm coverage.,curated_project_dataset,train
247,Healthcare,medical_report,Where can I see my medical report? (request 49),"If digital records are available, check your healthcare account or patient portal. Otherwise, contact the healthcare provider that performed the test.",curated_project_dataset,train
248,Finance,bank_account,Please help me: Can I open a bank account online? Can you guide me?,"Many banks offer online account opening, subject to eligibility and verification requirements. Check your bank's official website.",curated_project_dataset,train
249,Healthcare,appointment_booking,Can I make an appointment for tomorrow? (request 87),"Yes, if appointments are available. Please select the doctor and check tomorrow's available time slots.",curated_project_dataset,train
250,Finance,loan_information,I need information about a personal loan (request 82),"Personal-loan terms vary by lender, including eligibility, interest rate, tenure, and fees. Review the lender's official terms before applying.",curated_project_dataset,train
251,Finance,balance_inquiry,I want to know my bank balance (request 91),Please check the balance section of your official banking app or online banking account.,curated_project_dataset,train
252,Healthcare,lab_test,Please help me: I need information about a medical test.,"Please provide the test name. Preparation, timing, and interpretation can vary by test.",curated_project_dataset,train
253,Finance,card_payment,My debit card payment did not work (request 52),"Please check your card balance and status. If the issue continues, contact your bank for assistance.",curated_project_dataset,train
254,Finance,fraud_transaction,I think my account has been compromised (request 48),"Contact your bank immediately through an official channel, secure your account credentials, and follow its instructions for protecting the account.",curated_project_dataset,train
255,Healthcare,health_insurance,I need help with this: Does my health insurance cover this treatment?,"Coverage depends on your insurance plan, provider network, and policy terms. Check your policy or contact your insurer for confirmation.",curated_project_dataset,train
256,Finance,bank_account,I want to open a new bank account (request 43),Choose an appropriate account type and follow the bank's official application process. You may need identity and address documents.,curated_project_dataset,train
257,Healthcare,prescription,Where can I find my prescription? (request 81),Your prescription may be available in your healthcare account or provided by your doctor. Check your medical records or contact the clinic.,curated_project_dataset,train
258,E-commerce,damaged_product,My product arrived damaged (request 57),"Please take photos of the damaged item and packaging, then report the issue through the order's return or support process as soon as possible.",curated_project_dataset,train
259,Finance,balance_inquiry,Can you help me with this? Can I check my balance online? Can you guide me?,Yes. Most banks provide balance information through their official online banking or mobile application.,curated_project_dataset,train
260,Healthcare,appointment_booking,I want to see a doctor (request 56),I can help you schedule a consultation. Please provide the medical specialty or doctor you want to visit.,curated_project_dataset,train
261,Finance,fraud_transaction,Someone may have used my card (request 70),"Contact your card issuer immediately using the official number or app, secure your account, and follow the issuer's instructions for reporting suspected fraud.",curated_project_dataset,train
262,E-commerce,account_issue,How do I update my account details? (request 55),"Open your account settings and edit the available profile information, then save the changes.",curated_project_dataset,train
263,E-commerce,damaged_product,What should I do if my item is damaged?,"Keep the product and packaging, document the damage with photos, and submit a damage claim or return request through the order details.",curated_project_dataset,train
264,Healthcare,health_insurance,Can you help me with this? Can I use insurance for my hospital visit?,This depends on your plan and the healthcare provider. Confirm eligibility and any pre-authorization requirements with your insurer.,curated_project_dataset,test
265,Healthcare,emergency_guidance,I have a severe medical problem. What should I do? (request 54),"Seek urgent medical attention immediately, especially if symptoms are severe, sudden, or life-threatening.",curated_project_dataset,test
266,Healthcare,emergency_guidance,I have a severe medical problem. What should I do? (request 94),"Seek urgent medical attention immediately, especially if symptoms are severe, sudden, or life-threatening.",curated_project_dataset,train
267,E-commerce,cancel_order,Please cancel my order (request 63),I can guide you through cancellation. Check your order details for the Cancel Order option.,curated_project_dataset,train
268,E-commerce,delivery_time,When will my order be delivered? (request 53),The estimated delivery date is usually shown in your order details and may depend on your location and shipping method.,curated_project_dataset,train
269,Finance,bank_account,What documents are needed to open an account? (request 86),Requirements vary by bank and account type. Check the bank's official documentation for current identity and address requirements.,curated_project_dataset,test
270,Healthcare,appointment_reschedule,Can I move my appointment to next week?,You can reschedule if the provider has an available slot next week.,curated_project_dataset,train
271,E-commerce,product_information,Does this product have the features I need? (request 70),"Please check the product specifications and description. If a required feature is unclear, contact the seller for confirmation.",curated_project_dataset,train
272,E-commerce,account_issue,Can you help me with this? I cannot access my shopping account.,"Use the account recovery or password-reset option. If you still cannot sign in, contact customer support through the official channel.",curated_project_dataset,test
273,Finance,credit_card,I need help with my credit card (request 48),"Please specify whether you need help with payments, limits, transactions, fees, or card access so the appropriate guidance can be provided.",curated_project_dataset,train
274,Healthcare,prescription,Can I get a copy of my prescription? (request 74),"You can request a copy from your prescribing doctor or healthcare provider, subject to their procedures.",curated_project_dataset,train
275,Finance,fraud_transaction,There is a suspicious transaction on my account (request 55),Review the transaction and report it to your bank promptly if you did not authorize it. Use only official banking contact channels.,curated_project_dataset,test
276,E-commerce,track_order,Can you help me with this? What is the status of my order?,Please provide your order number so the current delivery status can be checked.,curated_project_dataset,train
277,E-commerce,payment_failed,Why was my online payment declined? (request 26),"A payment can fail because of incorrect details, bank restrictions, insufficient funds, or security checks. Contact your bank if the problem continues.",curated_project_dataset,train
278,Healthcare,medication_information,I want information about my medication (request 56),Please share the medicine name if you want general information. Do not change the prescribed dose without consulting your healthcare professional.,curated_project_dataset,train
279,E-commerce,damaged_product,I need help with this: The package arrived damaged.,Document the package condition and contact customer support or the seller with your order number and photos.,curated_project_dataset,test
280,E-commerce,delivery_time,How long does delivery take? (request 74),"Delivery time varies by location, seller, and shipping option. Check the estimated delivery date shown during checkout or in your order.",curated_project_dataset,train
281,E-commerce,cancel_order,How do I stop an order before it ships? (request 60),Open your order details and select cancellation if the option is still available.,curated_project_dataset,train
282,Healthcare,health_insurance,How can I check my medical insurance coverage?,Review your policy documents or contact the insurer using the official customer-service channel to confirm coverage.,curated_project_dataset,train
283,Finance,fraud_transaction,Please help me: I think my account has been compromised. Can you guide me?,"Contact your bank immediately through an official channel, secure your account credentials, and follow its instructions for protecting the account.",curated_project_dataset,train
284,E-commerce,account_issue,How do I update my account details? (request 71),"Open your account settings and edit the available profile information, then save the changes.",curated_project_dataset,train
285,Finance,lost_or_stolen_card,My ATM card was stolen Can you assist?,"If your card is lost or stolen, block it immediately through your bank's official app or contact the bank's customer support.",curated_project_extension,train
286,E-commerce,cancel_order,Please cancel my order (request 59),I can guide you through cancellation. Check your order details for the Cancel Order option.,curated_project_dataset,train
287,E-commerce,cancel_order,Please cancel my order (request 75),I can guide you through cancellation. Check your order details for the Cancel Order option.,curated_project_dataset,train
288,E-commerce,payment_failed,My payment failed (request 49),"Please verify your payment details, available funds, and any bank authentication requirements, then try again.",curated_project_dataset,train
289,E-commerce,cancel_order,I want to cancel my order (request 69),"If the order has not shipped, you may be able to cancel it from your order details. Once shipped, cancellation may no longer be available.",curated_project_dataset,train
290,E-commerce,product_information,Where can I find product specifications? (request 79),Product specifications are usually listed on the product page under the description or specifications section.,curated_project_dataset,test
291,Finance,balance_inquiry,I want to know my bank balance (request 27),Please check the balance section of your official banking app or online banking account.,curated_project_dataset,train
292,E-commerce,track_order,Where is my order? (request 69),I can help with order tracking. Please provide your order number or tracking details.,curated_project_dataset,test
293,Finance,credit_card,I need help with my credit card (request 76),"Please specify whether you need help with payments, limits, transactions, fees, or card access so the appropriate guidance can be provided.",curated_project_dataset,train
294,Healthcare,medication_information,How should I learn about my prescribed medicine? (request 63),"Review the prescription and medication leaflet, and ask your doctor or pharmacist about dosage, interactions, and precautions.",curated_project_dataset,test
295,Finance,transfer_failed,Please help me: I cannot send money. Can you guide me?,"Verify the recipient details and available balance, then try again. If the transfer still fails, contact your bank.",curated_project_dataset,train
296,E-commerce,delivery_time,Do you offer fast delivery? (request 96),"Available delivery speeds depend on the product, seller, location, and shipping options shown at checkout.",curated_project_dataset,train
297,Healthcare,lab_test,I need information about a medical test (request 44),"Please provide the test name. Preparation, timing, and interpretation can vary by test.",curated_project_dataset,test
298,E-commerce,delivery_time,Can I know the expected delivery date? (request 75),Yes. Check your order details for the current estimated delivery date.,curated_project_dataset,test
299,Healthcare,appointment_booking,Can I make an appointment for tomorrow? (request 67),"Yes, if appointments are available. Please select the doctor and check tomorrow's available time slots.",curated_project_dataset,train
300,Healthcare,symptoms_information,Please help me: Can you tell me what my symptoms mean?,Symptoms can have many possible causes. Please consult a healthcare professional for an appropriate evaluation rather than relying on a chatbot for diagnosis.,curated_project_dataset,train
301,Healthcare,lab_test,How do I book a lab test? (request 25),"Select the required test, choose an available laboratory or collection service, and confirm the appointment if booking is available.",curated_project_dataset,train
302,Finance,loan_information,What documents are required for a loan? (request 27),"Requirements depend on the lender and loan type. Commonly requested documents may include identity, income, and address information.",curated_project_dataset,train
303,Finance,fraud_transaction,Someone may have used my card (request 30),"Contact your card issuer immediately using the official number or app, secure your account, and follow the issuer's instructions for reporting suspected fraud.",curated_project_dataset,test
304,Finance,bank_account,How do I open a bank account? (request 29),"Account-opening requirements vary by bank. Check the bank's official website or branch for eligibility, documents, and application steps.",curated_project_dataset,train
305,Healthcare,medication_information,How should I learn about my prescribed medicine? (request 91),"Review the prescription and medication leaflet, and ask your doctor or pharmacist about dosage, interactions, and precautions.",curated_project_dataset,train
306,E-commerce,wrong_product,The product I received is not what I ordered (request 63),Please report the mismatch through customer support or the order return process so the issue can be investigated.,curated_project_dataset,train
307,E-commerce,track_order,How can I track my package? (request 30),Use the tracking link in your order details or provide your order number to check the shipment status.,curated_project_dataset,train
308,Finance,transfer_failed,The transfer was unsuccessful.,Please review the transaction details and any error message. Your bank can provide the exact reason if the transaction was rejected.,curated_project_dataset,train
309,E-commerce,track_order,What is the status of my order? (request 59),Please provide your order number so the current delivery status can be checked.,curated_project_dataset,test
310,Finance,bank_account,Can I open a bank account online? (request 84),"Many banks offer online account opening, subject to eligibility and verification requirements. Check your bank's official website.",curated_project_dataset,test
311,Finance,transfer_pending,Please help me: When will my pending transfer be completed? Can you guide me?,Processing time varies by bank and transfer type. Check the transaction status for the latest update.,curated_project_dataset,train
312,E-commerce,damaged_product,I received a broken product (request 87),Please report the issue promptly through your order support or return process and provide clear photos of the damage.,curated_project_dataset,train
313,Healthcare,appointment_booking,Can I make an appointment for tomorrow? (request 43),"Yes, if appointments are available. Please select the doctor and check tomorrow's available time slots.",curated_project_dataset,train
314,Healthcare,appointment_reschedule,I need to reschedule my doctor's visit (request 38),"Open your appointment and select Reschedule, then choose another available date and time.",curated_project_dataset,train
315,E-commerce,delivery_time,How long does delivery take? (request 62),"Delivery time varies by location, seller, and shipping option. Check the estimated delivery date shown during checkout or in your order.",curated_project_dataset,train
316,E-commerce,damaged_product,I received a broken product (request 79),Please report the issue promptly through your order support or return process and provide clear photos of the damage.,curated_project_dataset,test
317,Healthcare,emergency_guidance,When should I seek emergency care? (request 47),"Emergency care may be needed for severe or rapidly worsening symptoms. When in doubt about a potentially serious condition, seek immediate professional medical help.",curated_project_dataset,train
318,Finance,lost_or_stolen_card,My debit card is missing,"If your card is lost or stolen, block it immediately through your bank's official app or contact the bank's customer support.",curated_project_extension,train
319,E-commerce,cancel_order,How do I stop an order before it ships? (request 12),Open your order details and select cancellation if the option is still available.,curated_project_dataset,test
320,E-commerce,delivery_time,How long does delivery take? (request 98),"Delivery time varies by location, seller, and shipping option. Check the estimated delivery date shown during checkout or in your order.",curated_project_dataset,test
321,E-commerce,account_issue,How do I update my account details? (request 35),"Open your account settings and edit the available profile information, then save the changes.",curated_project_dataset,test
322,Finance,loan_information,I want to know: How can I apply for a loan? Can you guide me?,"Loan eligibility, documents, interest rates, and application procedures vary by lender. Check the lender's official application process.",curated_project_dataset,train
323,E-commerce,delivery_time,I want to know: Do you offer fast delivery?,"Available delivery speeds depend on the product, seller, location, and shipping options shown at checkout.",curated_project_dataset,train
324,Healthcare,health_insurance,How can I check my medical insurance coverage? (request 62),Review your policy documents or contact the insurer using the official customer-service channel to confirm coverage.,curated_project_dataset,test
325,Finance,transfer_failed,I cannot send money (request 27),"Verify the recipient details and available balance, then try again. If the transfer still fails, contact your bank.",curated_project_dataset,train
326,Finance,loan_information,I need information about a personal loan (request 66),"Personal-loan terms vary by lender, including eligibility, interest rate, tenure, and fees. Review the lender's official terms before applying.",curated_project_dataset,test
327,Finance,balance_inquiry,Can I check my balance online? (request 76),Yes. Most banks provide balance information through their official online banking or mobile application.,curated_project_dataset,train
328,Finance,balance_inquiry,What is my account balance? (request 33),"You can check your current balance through your bank's official mobile app, online banking portal, ATM, or branch.",curated_project_dataset,validation
329,Healthcare,health_insurance,Can I use insurance for my hospital visit? (request 83),This depends on your plan and the healthcare provider. Confirm eligibility and any pre-authorization requirements with your insurer.,curated_project_dataset,train
330,Finance,credit_card,Please help me: I need help with my credit card. Can you guide me?,"Please specify whether you need help with payments, limits, transactions, fees, or card access so the appropriate guidance can be provided.",curated_project_dataset,train
331,Finance,lost_or_stolen_card,Could you help me? I lost my bank card,"If your card is lost or stolen, block it immediately through your bank's official app or contact the bank's customer support.",curated_project_extension,train
332,E-commerce,damaged_product,My product arrived damaged (request 61),"Please take photos of the damaged item and packaging, then report the issue through the order's return or support process as soon as possible.",curated_project_dataset,train
333,Healthcare,emergency_guidance,When should I seek emergency care? (request 67),"Emergency care may be needed for severe or rapidly worsening symptoms. When in doubt about a potentially serious condition, seek immediate professional medical help.",curated_project_dataset,train
334,Healthcare,medical_report,Where can I see my medical report? (request 25),"If digital records are available, check your healthcare account or patient portal. Otherwise, contact the healthcare provider that performed the test.",curated_project_dataset,train
335,Finance,bank_account,What documents are needed to open an account? (request 42),Requirements vary by bank and account type. Check the bank's official documentation for current identity and address requirements.,curated_project_dataset,train
336,Healthcare,medication_information,Can you give me information about a medicine? (request 58),"Please provide the medicine name. I can give general information, but medication decisions should be confirmed with a qualified healthcare professional.",curated_project_dataset,train
337,Healthcare,prescription,How do I view my prescription? (request 68),"If your provider offers online records, sign in to your healthcare account and open the prescription or medication section.",curated_project_dataset,train
338,Healthcare,appointment_booking,Can you help me with this? I want to see a doctor.,I can help you schedule a consultation. Please provide the medical specialty or doctor you want to visit.,curated_project_dataset,validation
339,Finance,bank_account,I want to open a new bank account (request 51),Choose an appropriate account type and follow the bank's official application process. You may need identity and address documents.,curated_project_dataset,train
340,Finance,fraud_transaction,I do not recognize a transaction (request 81),"If you do not recognize a transaction, contact your bank or card issuer through its official channel immediately and follow its fraud-reporting process.",curated_project_dataset,train
341,E-commerce,return_order,I want to return something I bought (request 54),You can request a return from the order details if the item meets the seller's return conditions.,curated_project_dataset,train
342,E-commerce,damaged_product,What should I do if my item is damaged? (request 78),"Keep the product and packaging, document the damage with photos, and submit a damage claim or return request through the order details.",curated_project_dataset,train
343,E-commerce,payment_failed,My card payment did not go through (request 48),Please verify your card details and contact your bank if the transaction continues to be declined.,curated_project_dataset,train
344,Healthcare,prescription,Can I get a copy of my prescription? (request 58),"You can request a copy from your prescribing doctor or healthcare provider, subject to their procedures.",curated_project_dataset,train
345,E-commerce,cancel_order,Can I cancel my purchase? (request 74),Cancellation depends on the order status. Please open the order details and check whether the cancellation option is available.,curated_project_dataset,train
346,Healthcare,prescription,Can you help me with this? Can I get a copy of my prescription?,"You can request a copy from your prescribing doctor or healthcare provider, subject to their procedures.",curated_project_dataset,train
347,Finance,cash_withdrawal,I could not withdraw cash (request 69),"Check whether your card is active and whether you have sufficient available balance. If the ATM charged you without dispensing cash, contact your bank promptly.",curated_project_dataset,train
348,E-commerce,payment_failed,My card payment did not go through (request 72),Please verify your card details and contact your bank if the transaction continues to be declined.,curated_project_dataset,test
349,Healthcare,appointment_booking,I need to schedule a consultation (request 66),Sure. Please choose the required doctor or specialty and select an available appointment slot.,curated_project_dataset,train
350,E-commerce,damaged_product,I received a broken product (request 47),Please report the issue promptly through your order support or return process and provide clear photos of the damage.,curated_project_dataset,train
351,E-commerce,cancel_order,Please cancel my order (request 51),I can guide you through cancellation. Check your order details for the Cancel Order option.,curated_project_dataset,test
352,Finance,lost_or_stolen_card,Someone stole my card Can you assist?,"If your card is lost or stolen, block it immediately through your bank's official app or contact the bank's customer support.",curated_project_extension,train
353,E-commerce,damaged_product,The item does not work,I'm sorry the item is not working. Please check whether the order qualifies for a replacement or return.,curated_project_extension,train
354,Finance,fraud_transaction,There is a suspicious transaction on my account.,Review the transaction and report it to your bank promptly if you did not authorize it. Use only official banking contact channels.,curated_project_dataset,train
355,E-commerce,product_information,Does this product have the features I need? (request 42),"Please check the product specifications and description. If a required feature is unclear, contact the seller for confirmation.",curated_project_dataset,train
356,Healthcare,appointment_booking,How can I book a doctor appointment? (request 85),"You can book an appointment by selecting a doctor, choosing an available date and time, and confirming the booking.",curated_project_dataset,train
357,E-commerce,track_order,What is the status of my order? (request 47),Please provide your order number so the current delivery status can be checked.,curated_project_dataset,train
358,Finance,credit_card,How do I pay my credit card bill?,"You can usually pay through the issuer's official app, online banking, bank transfer, or another supported payment method.",curated_project_dataset,train
359,Finance,transaction_issue,Can you help me with this? I need help with a bank transaction. Can you guide me?,Please check the transaction status and reference number. Your bank can investigate account-specific transaction issues.,curated_project_dataset,train
360,Finance,bank_account,How do I open a bank account? (request 73),"Account-opening requirements vary by bank. Check the bank's official website or branch for eligibility, documents, and application steps.",curated_project_dataset,train
361,Healthcare,health_insurance,Can I use insurance for my hospital visit? (request 35),This depends on your plan and the healthcare provider. Confirm eligibility and any pre-authorization requirements with your insurer.,curated_project_dataset,train
362,E-commerce,refund,I want to know my refund status (request 88),Please provide your order details or check the refund section of your account for the latest status.,curated_project_dataset,train
363,E-commerce,damaged_product,I received a broken product (request 95),Please report the issue promptly through your order support or return process and provide clear photos of the damage.,curated_project_dataset,train
364,E-commerce,damaged_product,I received a broken product (request 51),Please report the issue promptly through your order support or return process and provide clear photos of the damage.,curated_project_dataset,validation
365,Finance,transfer_failed,Why did my transfer fail? (request 98),"Transfers can fail because of incorrect details, account restrictions, insufficient funds, or bank-side issues. Check the transaction information and contact your bank if needed.",curated_project_dataset,train
366,Finance,balance_inquiry,What is my account balance? (request 93),"You can check your current balance through your bank's official mobile app, online banking portal, ATM, or branch.",curated_project_dataset,train
367,Healthcare,prescription,Can I get a copy of my prescription? (request 86),"You can request a copy from your prescribing doctor or healthcare provider, subject to their procedures.",curated_project_dataset,test
368,Healthcare,emergency_guidance,What should I do in a medical emergency? (request 77),"For a serious or life-threatening emergency, seek immediate emergency medical care or contact your local emergency service. Do not rely on a chatbot for emergency treatment.",curated_project_dataset,train
369,Healthcare,appointment_reschedule,Can I change my appointment time? (request 49),"Yes. If another slot is available, you can reschedule the appointment from your booking details.",curated_project_dataset,test
370,Healthcare,appointment_booking,Can I make an appointment for tomorrow? (request 59),"Yes, if appointments are available. Please select the doctor and check tomorrow's available time slots.",curated_project_dataset,train
371,Finance,cash_withdrawal,The ATM did not give me cash.,"If your account was debited, keep the ATM receipt or transaction details and contact your bank immediately for investigation.",curated_project_dataset,train
372,E-commerce,track_order,I want to know: My order has not arrived yet.,"Please check the latest tracking update first. If the expected delivery date has passed, contact customer support with your order number.",curated_project_dataset,train
373,Finance,transaction_issue,My transaction looks incorrect (request 38),"Please verify the amount, date, and transaction details. If you do not recognize or agree with the transaction, contact your bank promptly.",curated_project_dataset,test
374,E-commerce,product_information,Where can I find product specifications? (request 43),Product specifications are usually listed on the product page under the description or specifications section.,curated_project_dataset,test
375,Finance,card_payment,I cannot pay with my card (request 87),"Verify that your card is active and has sufficient funds. If payments continue to fail, contact your card issuer.",curated_project_dataset,test
376,E-commerce,payment_failed,Why was my online payment declined? (request 66),"A payment can fail because of incorrect details, bank restrictions, insufficient funds, or security checks. Contact your bank if the problem continues.",curated_project_dataset,train
377,E-commerce,cancel_order,How do I stop an order before it ships? (request 92),Open your order details and select cancellation if the option is still available.,curated_project_dataset,train
378,E-commerce,track_order,How can I track my package? (request 70),Use the tracking link in your order details or provide your order number to check the shipment status.,curated_project_dataset,train
379,E-commerce,account_issue,My account is not working (request 40),"Try signing out and back in or resetting your password. If the problem continues, contact customer support.",curated_project_dataset,train
380,Finance,transaction_issue,My transaction looks incorrect (request 98),"Please verify the amount, date, and transaction details. If you do not recognize or agree with the transaction, contact your bank promptly.",curated_project_dataset,train
381,Healthcare,symptoms_information,I want information about my symptoms (request 76),"I can provide general health information, but a clinician should evaluate symptoms to determine the appropriate diagnosis and treatment.",curated_project_dataset,train
382,Finance,loan_information,How do I check loan eligibility? (request 36),"Eligibility depends on the lender's criteria, which may include income, credit history, employment, and existing obligations.",curated_project_dataset,train
383,E-commerce,product_information,Where can I find product specifications? (request 75),Product specifications are usually listed on the product page under the description or specifications section.,curated_project_dataset,train
384,Healthcare,appointment_booking,How can I book a doctor appointment? (request 73),"You can book an appointment by selecting a doctor, choosing an available date and time, and confirming the booking.",curated_project_dataset,validation
385,Finance,transfer_pending,My bank transfer has not completed (request 83),"Please check the transfer status and expected processing time. If it remains pending longer than expected, contact your bank.",curated_project_dataset,test
386,Healthcare,appointment_cancel,Can I cancel my appointment today? (request 39),"Yes, if cancellation is allowed by the provider. Please check your appointment details for the applicable cancellation policy.",curated_project_dataset,train
387,Healthcare,appointment_reschedule,Can I move my appointment to next week? (request 83),You can reschedule if the provider has an available slot next week.,curated_project_dataset,train
388,Healthcare,symptoms_information,Can you tell me what my symptoms mean? (request 86),Symptoms can have many possible causes. Please consult a healthcare professional for an appropriate evaluation rather than relying on a chatbot for diagnosis.,curated_project_dataset,train
389,Healthcare,medication_information,What is this medicine used for? (request 89),Medication uses depend on the specific medicine and your circumstances. Check the medicine label or consult a pharmacist or doctor for reliable guidance.,curated_project_dataset,train
390,Finance,transaction_issue,I need help with a bank transaction (request 64),Please check the transaction status and reference number. Your bank can investigate account-specific transaction issues.,curated_project_dataset,test
391,Finance,transaction_issue,My transaction looks incorrect (request 58),"Please verify the amount, date, and transaction details. If you do not recognize or agree with the transaction, contact your bank promptly.",curated_project_dataset,train
392,E-commerce,payment_failed,I cannot complete my payment (request 43),"Check the payment method and billing details, then retry. If it still fails, try another supported payment method.",curated_project_dataset,test
393,Healthcare,lab_test,How do I book a lab test? (request 89),"Select the required test, choose an available laboratory or collection service, and confirm the appointment if booking is available.",curated_project_dataset,train
394,Healthcare,lab_test,How do I book a lab test? (request 53),"Select the required test, choose an available laboratory or collection service, and confirm the appointment if booking is available.",curated_project_dataset,train
395,E-commerce,cancel_order,Can I cancel my purchase? (request 38),Cancellation depends on the order status. Please open the order details and check whether the cancellation option is available.,curated_project_dataset,train
396,Healthcare,lab_test,I want to know: Do I need an appointment for a lab test?,It depends on the laboratory and test. Check the laboratory's booking requirements before visiting.,curated_project_dataset,train
397,E-commerce,track_order,Can you help me with this? How can I track my package?,Use the tracking link in your order details or provide your order number to check the shipment status.,curated_project_dataset,train
398,Finance,cash_withdrawal,I could not withdraw cash (request 85),"Check whether your card is active and whether you have sufficient available balance. If the ATM charged you without dispensing cash, contact your bank promptly.",curated_project_dataset,train
399,E-commerce,payment_failed,I cannot complete my payment (request 79),"Check the payment method and billing details, then retry. If it still fails, try another supported payment method.",curated_project_dataset,train
400,Finance,transfer_pending,Why is my transfer still pending? (request 98),A transfer may remain pending while the bank processes or verifies it. Check the transaction details for the expected processing time.,curated_project_dataset,train
401,E-commerce,account_issue,I cannot access my shopping account (request 89),"Use the account recovery or password-reset option. If you still cannot sign in, contact customer support through the official channel.",curated_project_dataset,train
402,E-commerce,account_issue,How do I update my account details? (request 27),"Open your account settings and edit the available profile information, then save the changes.",curated_project_dataset,train
403,Finance,fraud_transaction,Someone may have used my card (request 54),"Contact your card issuer immediately using the official number or app, secure your account, and follow the issuer's instructions for reporting suspected fraud.",curated_project_dataset,train
404,Healthcare,symptoms_information,Can you tell me what my symptoms mean? (request 62),Symptoms can have many possible causes. Please consult a healthcare professional for an appropriate evaluation rather than relying on a chatbot for diagnosis.,curated_project_dataset,train
405,Healthcare,medical_report,Where can I see my medical report? (request 81),"If digital records are available, check your healthcare account or patient portal. Otherwise, contact the healthcare provider that performed the test.",curated_project_dataset,train
406,Finance,bank_account,What documents are needed to open an account? (request 78),Requirements vary by bank and account type. Check the bank's official documentation for current identity and address requirements.,curated_project_dataset,train
407,Healthcare,emergency_guidance,This feels like an emergency (request 40),"Please seek immediate emergency medical assistance. If possible, have someone stay with you while help is arranged.",curated_project_dataset,train
408,Finance,credit_card,I need help with my credit card (request 64),"Please specify whether you need help with payments, limits, transactions, fees, or card access so the appropriate guidance can be provided.",curated_project_dataset,test
409,Finance,loan_information,I want to know: I need information about a personal loan. Can you guide me?,"Personal-loan terms vary by lender, including eligibility, interest rate, tenure, and fees. Review the lender's official terms before applying.",curated_project_dataset,test
410,E-commerce,damaged_product,What should I do if my item is damaged? (request 38),"Keep the product and packaging, document the damage with photos, and submit a damage claim or return request through the order details.",curated_project_dataset,train
411,Healthcare,medical_report,I need help with this: Where can I see my medical report?,"If digital records are available, check your healthcare account or patient portal. Otherwise, contact the healthcare provider that performed the test.",curated_project_dataset,test
412,E-commerce,delivery_time,Do you offer fast delivery? (request 32),"Available delivery speeds depend on the product, seller, location, and shipping options shown at checkout.",curated_project_dataset,train
413,Finance,cash_withdrawal,I want to know: The ATM did not give me cash. Can you guide me?,"If your account was debited, keep the ATM receipt or transaction details and contact your bank immediately for investigation.",curated_project_dataset,train
414,Finance,transaction_issue,There is a problem with my transaction (request 69),"Review the transaction details and status in your banking account. If the issue is unresolved, contact your bank with the transaction reference.",curated_project_dataset,train
415,E-commerce,payment_failed,Please help me: Why was my online payment declined?,"A payment can fail because of incorrect details, bank restrictions, insufficient funds, or security checks. Contact your bank if the problem continues.",curated_project_dataset,train
416,E-commerce,wrong_product,I received the wrong item (request 29),Please report the issue through your order details and provide the order number and photos of the received product if requested.,curated_project_dataset,test
417,Finance,card_payment,My card payment was declined (request 45),"Check your card status, available funds, payment details, and any bank security restrictions. Contact your bank if the decline continues.",curated_project_dataset,train
418,E-commerce,refund,Can you help me with this? How does a product refund work?,"After the return or cancellation is approved, the refund is generally processed to the original payment method, subject to the seller's policy.",curated_project_dataset,train
419,E-commerce,delivery_time,Can I know the expected delivery date? (request 87),Yes. Check your order details for the current estimated delivery date.,curated_project_dataset,train
420,Healthcare,symptoms_information,What should I do about these symptoms?,"I can provide general information, but symptoms alone cannot establish a diagnosis. For persistent, severe, or worrying symptoms, consult a qualified healthcare professional.",curated_project_dataset,train
421,E-commerce,return_order,How do I return a product? (request 41),"Open your order details, select the return option if eligible, choose a return reason, and follow the provided instructions.",curated_project_dataset,test
422,Finance,lost_or_stolen_card,My credit card is missing I need help with this.,"If your card is lost or stolen, block it immediately through your bank's official app or contact the bank's customer support.",curated_project_extension,test
423,Healthcare,appointment_reschedule,I want to know: Can I move my appointment to next week?,You can reschedule if the provider has an available slot next week.,curated_project_dataset,test
424,Finance,card_payment,My debit card payment did not work (request 80),"Please check your card balance and status. If the issue continues, contact your bank for assistance.",curated_project_dataset,test
425,E-commerce,damaged_product,I received a broken product (request 55),Please report the issue promptly through your order support or return process and provide clear photos of the damage.,curated_project_dataset,train
426,Finance,lost_or_stolen_card,I need assistance. Someone stole my card,"If your card is lost or stolen, block it immediately through your bank's official app or contact the bank's customer support.",curated_project_extension,train
427,Finance,loan_information,How can I apply for a loan? (request 77),"Loan eligibility, documents, interest rates, and application procedures vary by lender. Check the lender's official application process.",curated_project_dataset,train
428,Healthcare,medical_report,Where can I see my medical report? (request 41),"If digital records are available, check your healthcare account or patient portal. Otherwise, contact the healthcare provider that performed the test.",curated_project_dataset,train
429,Finance,bank_account,What documents are needed to open an account? (request 58),Requirements vary by bank and account type. Check the bank's official documentation for current identity and address requirements.,curated_project_dataset,train
430,Healthcare,prescription,Can I get a copy of my prescription? (request 78),"You can request a copy from your prescribing doctor or healthcare provider, subject to their procedures.",curated_project_dataset,train
431,Finance,balance_inquiry,I need help with this: How can I check my balance? Can you guide me?,Use your bank's official app or online banking service to view your current account balance.,curated_project_dataset,train
432,E-commerce,refund,How does a product refund work? (request 31),"After the return or cancellation is approved, the refund is generally processed to the original payment method, subject to the seller's policy.",curated_project_dataset,test
433,E-commerce,wrong_product,My order contains a different product (request 62),Start a return or replacement request for the incorrect item and follow the seller's instructions.,curated_project_dataset,train
434,Finance,lost_or_stolen_card,Could you help me? I cannot find my credit card,"If your card is lost or stolen, block it immediately through your bank's official app or contact the bank's customer support.",curated_project_extension,test
435,Healthcare,appointment_cancel,Can you help me with this? How do I cancel my appointment?,"You can cancel the appointment from your booking details. If cancellation is unavailable online, contact the healthcare provider.",curated_project_dataset,train
436,Healthcare,emergency_guidance,When should I seek emergency care? (request 27),"Emergency care may be needed for severe or rapidly worsening symptoms. When in doubt about a potentially serious condition, seek immediate professional medical help.",curated_project_dataset,test
437,E-commerce,return_order,Can I return my product? (request 51),"Return eligibility depends on the product, seller policy, and purchase date. Check the return policy associated with your order.",curated_project_dataset,train
438,E-commerce,delivery_time,Can I know the expected delivery date? (request 59),Yes. Check your order details for the current estimated delivery date.,curated_project_dataset,train
439,Finance,fraud_transaction,I think my account has been compromised (request 96),"Contact your bank immediately through an official channel, secure your account credentials, and follow its instructions for protecting the account.",curated_project_dataset,train
440,Healthcare,prescription,Where can I find my prescription? (request 93),Your prescription may be available in your healthcare account or provided by your doctor. Check your medical records or contact the clinic.,curated_project_dataset,test
441,Healthcare,emergency_guidance,Please help me: What should I do in a medical emergency?,"For a serious or life-threatening emergency, seek immediate emergency medical care or contact your local emergency service. Do not rely on a chatbot for emergency treatment.",curated_project_dataset,train
442,E-commerce,product_information,How can I get information about a product? (request 77),"Open the product page to view its description, specifications, availability, price, and seller information.",curated_project_dataset,train
443,Healthcare,lab_test,Where can I get my blood test done? (request 54),You can use an authorized laboratory or collection center. Follow the test-specific preparation instructions provided by your healthcare provider.,curated_project_dataset,train
444,Finance,loan_information,How do I check loan eligibility? (request 88),"Eligibility depends on the lender's criteria, which may include income, credit history, employment, and existing obligations.",curated_project_dataset,train
445,Finance,transaction_issue,Why is my transaction not showing? (request 59),Transaction updates can take time depending on the transaction type. Check again later and contact your bank if the expected posting time has passed.,curated_project_dataset,train
446,Healthcare,medical_report,Can you explain my medical report? (request 38),"I can explain general medical terminology, but a healthcare professional should interpret your results in the context of your symptoms and medical history.",curated_project_dataset,test
447,Healthcare,medication_information,I want information about my medication (request 32),Please share the medicine name if you want general information. Do not change the prescribed dose without consulting your healthcare professional.,curated_project_dataset,train
448,E-commerce,return_order,What is the process for returning an item? (request 56),"Start a return request from your order details, select the reason, and follow the packaging and pickup or drop-off instructions.",curated_project_dataset,train
449,E-commerce,product_information,Is this item available? (request 8),Check the product page for the latest stock status. Availability can change quickly.,curated_project_dataset,train
450,E-commerce,damaged_product,What should I do if my item is damaged? (request 50),"Keep the product and packaging, document the damage with photos, and submit a damage claim or return request through the order details.",curated_project_dataset,train
451,E-commerce,wrong_product,I need help with this: My order contains a different product.,Start a return or replacement request for the incorrect item and follow the seller's instructions.,curated_project_dataset,train
452,Finance,bank_account,I want to open a new bank account (request 35),Choose an appropriate account type and follow the bank's official application process. You may need identity and address documents.,curated_project_dataset,validation
453,E-commerce,cancel_order,I want to cancel my order (request 77),"If the order has not shipped, you may be able to cancel it from your order details. Once shipped, cancellation may no longer be available.",curated_project_dataset,train
454,E-commerce,cancel_order,Please help me: Please cancel my order.,I can guide you through cancellation. Check your order details for the Cancel Order option.,curated_project_dataset,train
455,Finance,transfer_pending,Why is my transfer still pending? (request 70),A transfer may remain pending while the bank processes or verifies it. Check the transaction details for the expected processing time.,curated_project_dataset,test
456,Healthcare,medical_report,Please help me: Where can I see my medical report?,"If digital records are available, check your healthcare account or patient portal. Otherwise, contact the healthcare provider that performed the test.",curated_project_dataset,train
457,E-commerce,track_order,My order has not arrived yet (request 80),"Please check the latest tracking update first. If the expected delivery date has passed, contact customer support with your order number.",curated_project_dataset,train
458,E-commerce,cancel_order,Can you help me with this? How do I stop an order before it ships?,Open your order details and select cancellation if the option is still available.,curated_project_dataset,train
459,E-commerce,product_information,Does this product have the features I need? (request 86),"Please check the product specifications and description. If a required feature is unclear, contact the seller for confirmation.",curated_project_dataset,train
460,Healthcare,lab_test,Do I need an appointment for a lab test? (request 91),It depends on the laboratory and test. Check the laboratory's booking requirements before visiting.,curated_project_dataset,test
461,Finance,balance_inquiry,What is my account balance?,"You can check your current balance through your bank's official mobile app, online banking portal, ATM, or branch.",curated_project_dataset,train
462,E-commerce,damaged_product,I want to know: What should I do if my item is damaged?,"Keep the product and packaging, document the damage with photos, and submit a damage claim or return request through the order details.",curated_project_dataset,validation
463,Finance,bank_account,How do I open a bank account? (request 41),"Account-opening requirements vary by bank. Check the bank's official website or branch for eligibility, documents, and application steps.",curated_project_dataset,train
464,Finance,loan_information,I need information about a personal loan (request 38),"Personal-loan terms vary by lender, including eligibility, interest rate, tenure, and fees. Review the lender's official terms before applying.",curated_project_dataset,train
465,Healthcare,symptoms_information,What should I do about these symptoms? (request 69),"I can provide general information, but symptoms alone cannot establish a diagnosis. For persistent, severe, or worrying symptoms, consult a qualified healthcare professional.",curated_project_dataset,test
466,Healthcare,appointment_booking,How can I book a doctor appointment? (request 33),"You can book an appointment by selecting a doctor, choosing an available date and time, and confirming the booking.",curated_project_dataset,train
467,E-commerce,damaged_product,My product arrived damaged (request 69),"Please take photos of the damaged item and packaging, then report the issue through the order's return or support process as soon as possible.",curated_project_dataset,train
468,Finance,transfer_pending,When will my pending transfer be completed? (request 68),Processing time varies by bank and transfer type. Check the transaction status for the latest update.,curated_project_dataset,train
469,Finance,transfer_failed,I cannot send money (request 43),"Verify the recipient details and available balance, then try again. If the transfer still fails, contact your bank.",curated_project_dataset,test
470,E-commerce,delivery_time,How long does delivery take? (request 26),"Delivery time varies by location, seller, and shipping option. Check the estimated delivery date shown during checkout or in your order.",curated_project_dataset,train
471,Healthcare,appointment_reschedule,How can I change my consultation date? (request 40),Use the reschedule option in your appointment details and select a new available date.,curated_project_dataset,train
472,Finance,fraud_transaction,Someone may have used my card (request 86),"Contact your card issuer immediately using the official number or app, secure your account, and follow the issuer's instructions for reporting suspected fraud.",curated_project_dataset,train
473,Healthcare,medical_report,Where can I see my medical report? (request 45),"If digital records are available, check your healthcare account or patient portal. Otherwise, contact the healthcare provider that performed the test.",curated_project_dataset,train
474,Finance,lost_or_stolen_card,I have a problem: Someone stole my card,"If your card is lost or stolen, block it immediately through your bank's official app or contact the bank's customer support.",curated_project_extension,train
475,E-commerce,delivery_time,I want to know: How long does delivery take?,"Delivery time varies by location, seller, and shipping option. Check the estimated delivery date shown during checkout or in your order.",curated_project_dataset,validation
476,E-commerce,damaged_product,I received a broken product (request 35),Please report the issue promptly through your order support or return process and provide clear photos of the damage.,curated_project_dataset,train
477,Finance,balance_inquiry,How can I check my balance? (request 46),Use your bank's official app or online banking service to view your current account balance.,curated_project_dataset,validation
478,Healthcare,lab_test,Do I need an appointment for a lab test? (request 27),It depends on the laboratory and test. Check the laboratory's booking requirements before visiting.,curated_project_dataset,train
479,Finance,cash_withdrawal,My ATM transaction failed (request 48),Check your account and ATM transaction status. Contact your bank if money was debited or the issue continues.,curated_project_dataset,test
480,E-commerce,payment_failed,My payment failed (request 65),"Please verify your payment details, available funds, and any bank authentication requirements, then try again.",curated_project_dataset,train
481,Healthcare,emergency_guidance,What should I do in a medical emergency? (request 89),"For a serious or life-threatening emergency, seek immediate emergency medical care or contact your local emergency service. Do not rely on a chatbot for emergency treatment.",curated_project_dataset,test
482,Finance,card_payment,Please help me: My debit card payment did not work. Can you guide me?,"Please check your card balance and status. If the issue continues, contact your bank for assistance.",curated_project_dataset,train
483,Finance,loan_information,How do I check loan eligibility? (request 92),"Eligibility depends on the lender's criteria, which may include income, credit history, employment, and existing obligations.",curated_project_dataset,train
484,Healthcare,appointment_reschedule,Can I change my appointment time? (request 97),"Yes. If another slot is available, you can reschedule the appointment from your booking details.",curated_project_dataset,train
485,Finance,credit_card,How do I pay my credit card bill? Can you guide me?,"You can usually pay through the issuer's official app, online banking, bank transfer, or another supported payment method.",curated_project_dataset,train
486,Healthcare,lab_test,How do I book a lab test? (request 65),"Select the required test, choose an available laboratory or collection service, and confirm the appointment if booking is available.",curated_project_dataset,test
487,Finance,loan_information,Please help me: How do I check loan eligibility? Can you guide me?,"Eligibility depends on the lender's criteria, which may include income, credit history, employment, and existing obligations.",curated_project_dataset,train
488,Finance,card_payment,I cannot pay with my card (request 63),"Verify that your card is active and has sufficient funds. If payments continue to fail, contact your card issuer.",curated_project_dataset,train
489,Healthcare,emergency_guidance,When should I seek emergency care? (request 43),"Emergency care may be needed for severe or rapidly worsening symptoms. When in doubt about a potentially serious condition, seek immediate professional medical help.",curated_project_dataset,train
490,Healthcare,lab_test,I need information about a medical test (request 68),"Please provide the test name. Preparation, timing, and interpretation can vary by test.",curated_project_dataset,train
491,Finance,transaction_issue,I need help with a bank transaction (request 32),Please check the transaction status and reference number. Your bank can investigate account-specific transaction issues.,curated_project_dataset,train
492,Healthcare,emergency_guidance,I have a severe medical problem. What should I do? (request 90),"Seek urgent medical attention immediately, especially if symptoms are severe, sudden, or life-threatening.",curated_project_dataset,train
493,Healthcare,medication_information,How should I learn about my prescribed medicine? (request 71),"Review the prescription and medication leaflet, and ask your doctor or pharmacist about dosage, interactions, and precautions.",curated_project_dataset,train
494,E-commerce,account_issue,How do I update my account details? (request 95),"Open your account settings and edit the available profile information, then save the changes.",curated_project_dataset,train
495,Finance,transaction_issue,There is a problem with my transaction.,"Review the transaction details and status in your banking account. If the issue is unresolved, contact your bank with the transaction reference.",curated_project_dataset,train
496,Healthcare,prescription,How do I view my prescription? (request 100),"If your provider offers online records, sign in to your healthcare account and open the prescription or medication section.",curated_project_dataset,train
497,Healthcare,medication_information,I want information about my medication (request 12),Please share the medicine name if you want general information. Do not change the prescribed dose without consulting your healthcare professional.,curated_project_dataset,validation
498,Finance,cash_withdrawal,My ATM transaction failed (request 40),Check your account and ATM transaction status. Contact your bank if money was debited or the issue continues.,curated_project_dataset,train
499,E-commerce,account_issue,I forgot my account password (request 50),Use the password-reset option associated with your account email or phone number.,curated_project_dataset,train
500,Finance,lost_or_stolen_card,I lost my bank card Please help.,"If your card is lost or stolen, block it immediately through your bank's official app or contact the bank's customer support.",curated_project_extension,train
501,Healthcare,medical_report,Can you explain my medical report? (request 90),"I can explain general medical terminology, but a healthcare professional should interpret your results in the context of your symptoms and medical history.",curated_project_dataset,train
502,Finance,fraud_transaction,I do not recognize a transaction (request 37),"If you do not recognize a transaction, contact your bank or card issuer through its official channel immediately and follow its fraud-reporting process.",curated_project_dataset,validation
503,E-commerce,track_order,How can I track my package? (request 74),Use the tracking link in your order details or provide your order number to check the shipment status.,curated_project_dataset,validation
504,E-commerce,payment_failed,Why was my online payment declined? (request 46),"A payment can fail because of incorrect details, bank restrictions, insufficient funds, or security checks. Contact your bank if the problem continues.",curated_project_dataset,train
505,Finance,cash_withdrawal,Please help me: Why did my cash withdrawal fail? Can you guide me?,"A withdrawal may fail because of insufficient funds, card restrictions, ATM issues, or withdrawal limits.",curated_project_dataset,test
506,Healthcare,symptoms_information,What should I do about these symptoms? (request 73),"I can provide general information, but symptoms alone cannot establish a diagnosis. For persistent, severe, or worrying symptoms, consult a qualified healthcare professional.",curated_project_dataset,train
507,E-commerce,refund,How does a product refund work? (request 71),"After the return or cancellation is approved, the refund is generally processed to the original payment method, subject to the seller's policy.",curated_project_dataset,train
508,Healthcare,appointment_reschedule,How can I change my consultation date? (request 52),Use the reschedule option in your appointment details and select a new available date.,curated_project_dataset,train
509,E-commerce,refund,When will I get my refund? (request 45),Refund timing depends on the payment method and seller's processing time. Check your order's refund status for the latest update.,curated_project_dataset,test
510,Healthcare,medication_information,Can you give me information about a medicine? (request 70),"Please provide the medicine name. I can give general information, but medication decisions should be confirmed with a qualified healthcare professional.",curated_project_dataset,train
511,Healthcare,emergency_guidance,This feels like an emergency (request 96),"Please seek immediate emergency medical assistance. If possible, have someone stay with you while help is arranged.",curated_project_dataset,train
512,Healthcare,medical_report,I received my test report. What does it mean? (request 51),"Please discuss the report with your healthcare professional, who can interpret the findings using your clinical history and examination.",curated_project_dataset,train
513,E-commerce,product_information,Does this product have the features I need? (request 90),"Please check the product specifications and description. If a required feature is unclear, contact the seller for confirmation.",curated_project_dataset,train
514,Healthcare,health_insurance,I need information about health insurance (request 28),"Please specify whether you need help with coverage, claims, eligibility, or policy information so the appropriate guidance can be provided.",curated_project_dataset,train
515,Finance,transfer_pending,When will my pending transfer be completed? (request 28),Processing time varies by bank and transfer type. Check the transaction status for the latest update.,curated_project_dataset,train
516,Finance,cash_withdrawal,The ATM did not give me cash. Can you guide me?,"If your account was debited, keep the ATM receipt or transaction details and contact your bank immediately for investigation.",curated_project_dataset,train
517,Healthcare,prescription,How do I view my prescription? (request 64),"If your provider offers online records, sign in to your healthcare account and open the prescription or medication section.",curated_project_dataset,train
518,Finance,cash_withdrawal,The ATM did not give me cash (request 66),"If your account was debited, keep the ATM receipt or transaction details and contact your bank immediately for investigation.",curated_project_dataset,train
519,Healthcare,medical_report,Can you help me with this? Can you explain my medical report?,"I can explain general medical terminology, but a healthcare professional should interpret your results in the context of your symptoms and medical history.",curated_project_dataset,train
520,Healthcare,medication_information,I want information about my medication (request 100),Please share the medicine name if you want general information. Do not change the prescribed dose without consulting your healthcare professional.,curated_project_dataset,train
521,Finance,transaction_issue,I need help with a bank transaction (request 80),Please check the transaction status and reference number. Your bank can investigate account-specific transaction issues.,curated_project_dataset,validation
522,Healthcare,medical_report,Where can I see my medical report? (request 29),"If digital records are available, check your healthcare account or patient portal. Otherwise, contact the healthcare provider that performed the test.",curated_project_dataset,validation
523,Finance,balance_inquiry,I want to know my bank balance (request 43),Please check the balance section of your official banking app or online banking account.,curated_project_dataset,train
524,E-commerce,product_information,I want to know: Is this item available?,Check the product page for the latest stock status. Availability can change quickly.,curated_project_dataset,validation
525,Healthcare,medication_information,How should I learn about my prescribed medicine? (request 39),"Review the prescription and medication leaflet, and ask your doctor or pharmacist about dosage, interactions, and precautions.",curated_project_dataset,train
526,Finance,transfer_pending,My money transfer is pending (request 33),Pending transfers can take time depending on the bank and transfer type. Please check the transaction status and contact your bank if it remains pending beyond the expected processing period.,curated_project_dataset,train
527,Finance,credit_card,I need help with my credit card (request 60),"Please specify whether you need help with payments, limits, transactions, fees, or card access so the appropriate guidance can be provided.",curated_project_dataset,test
528,Healthcare,appointment_reschedule,How can I change my consultation date? (request 64),Use the reschedule option in your appointment details and select a new available date.,curated_project_dataset,train
529,Healthcare,appointment_cancel,I need to cancel my doctor's appointment (request 10),Please open your appointment details and select the cancellation option. Check the provider's cancellation policy for any applicable conditions.,curated_project_dataset,validation
530,Finance,cash_withdrawal,Can you help me with this? I could not withdraw cash. Can you guide me?,"Check whether your card is active and whether you have sufficient available balance. If the ATM charged you without dispensing cash, contact your bank promptly.",curated_project_dataset,train
531,E-commerce,cancel_order,How do I stop an order before it ships? (request 72),Open your order details and select cancellation if the option is still available.,curated_project_dataset,validation
532,Healthcare,symptoms_information,I want to know: Can you tell me what my symptoms mean?,Symptoms can have many possible causes. Please consult a healthcare professional for an appropriate evaluation rather than relying on a chatbot for diagnosis.,curated_project_dataset,test
533,Healthcare,appointment_booking,Can you help me with this? Can I make an appointment for tomorrow?,"Yes, if appointments are available. Please select the doctor and check tomorrow's available time slots.",curated_project_dataset,train
534,E-commerce,refund,When will I get my refund? (request 33),Refund timing depends on the payment method and seller's processing time. Check your order's refund status for the latest update.,curated_project_dataset,train
535,Healthcare,lab_test,Do I need an appointment for a lab test? (request 43),It depends on the laboratory and test. Check the laboratory's booking requirements before visiting.,curated_project_dataset,train
536,Finance,transfer_pending,Why is my transfer still pending? (request 94),A transfer may remain pending while the bank processes or verifies it. Check the transaction details for the expected processing time.,curated_project_dataset,train
537,Finance,fraud_transaction,I think my account has been compromised (request 28),"Contact your bank immediately through an official channel, secure your account credentials, and follow its instructions for protecting the account.",curated_project_dataset,train
538,Finance,cash_withdrawal,Why did my cash withdrawal fail? (request 31),"A withdrawal may fail because of insufficient funds, card restrictions, ATM issues, or withdrawal limits.",curated_project_dataset,train
539,Finance,balance_inquiry,I want to know my bank balance (request 51),Please check the balance section of your official banking app or online banking account.,curated_project_dataset,train
540,Finance,transfer_failed,I cannot send money (request 31),"Verify the recipient details and available balance, then try again. If the transfer still fails, contact your bank.",curated_project_dataset,train
541,Healthcare,lab_test,Where can I get my blood test done? (request 38),You can use an authorized laboratory or collection center. Follow the test-specific preparation instructions provided by your healthcare provider.,curated_project_dataset,train
542,Finance,transfer_failed,Why did my transfer fail? (request 38),"Transfers can fail because of incorrect details, account restrictions, insufficient funds, or bank-side issues. Check the transaction information and contact your bank if needed.",curated_project_dataset,test
543,Healthcare,prescription,Where can I find my prescription? (request 17),Your prescription may be available in your healthcare account or provided by your doctor. Check your medical records or contact the clinic.,curated_project_dataset,train
544,E-commerce,return_order,What is the process for returning an item? (request 32),"Start a return request from your order details, select the reason, and follow the packaging and pickup or drop-off instructions.",curated_project_dataset,train
545,E-commerce,return_order,I want to know: Can I return my product?,"Return eligibility depends on the product, seller policy, and purchase date. Check the return policy associated with your order.",curated_project_dataset,train
546,E-commerce,refund,My refund has not arrived (request 34),"Please check the refund status and original payment method. If the stated processing period has passed, contact customer support with your order details.",curated_project_dataset,train
547,Finance,transfer_pending,Can you help me with this? Why is my transfer still pending? Can you guide me?,A transfer may remain pending while the bank processes or verifies it. Check the transaction details for the expected processing time.,curated_project_dataset,train
548,Healthcare,health_insurance,I need information about health insurance (request 24),"Please specify whether you need help with coverage, claims, eligibility, or policy information so the appropriate guidance can be provided.",curated_project_dataset,train
549,Healthcare,appointment_reschedule,I need to reschedule my doctor's visit (request 42),"Open your appointment and select Reschedule, then choose another available date and time.",curated_project_dataset,train
550,Healthcare,appointment_booking,I need to schedule a consultation (request 46),Sure. Please choose the required doctor or specialty and select an available appointment slot.,curated_project_dataset,train
551,Finance,lost_or_stolen_card,I need assistance. I cannot find my credit card,"If your card is lost or stolen, block it immediately through your bank's official app or contact the bank's customer support.",curated_project_extension,train
552,E-commerce,product_information,Is this item available? (request 80),Check the product page for the latest stock status. Availability can change quickly.,curated_project_dataset,train
553,Finance,transfer_failed,My money transfer failed (request 73),"Please check the transfer details and your account status. If the problem persists, contact your bank for the specific reason for failure.",curated_project_dataset,train
554,E-commerce,refund,When will I get my refund? (request 29),Refund timing depends on the payment method and seller's processing time. Check your order's refund status for the latest update.,curated_project_dataset,train
555,Healthcare,appointment_reschedule,I need to reschedule my doctor's visit (request 70),"Open your appointment and select Reschedule, then choose another available date and time.",curated_project_dataset,validation
556,Healthcare,medical_report,Can you explain my medical report? (request 46),"I can explain general medical terminology, but a healthcare professional should interpret your results in the context of your symptoms and medical history.",curated_project_dataset,train
557,E-commerce,account_issue,How do I update my account details? (request 43),"Open your account settings and edit the available profile information, then save the changes.",curated_project_dataset,validation
558,Healthcare,symptoms_information,What should I do about these symptoms? (request 41),"I can provide general information, but symptoms alone cannot establish a diagnosis. For persistent, severe, or worrying symptoms, consult a qualified healthcare professional.",curated_project_dataset,train
559,E-commerce,account_issue,I forgot my account password (request 58),Use the password-reset option associated with your account email or phone number.,curated_project_dataset,train
560,E-commerce,delivery_time,Can I know the expected delivery date? (request 63),Yes. Check your order details for the current estimated delivery date.,curated_project_dataset,train
561,Healthcare,medical_report,I received my test report. What does it mean? (request 31),"Please discuss the report with your healthcare professional, who can interpret the findings using your clinical history and examination.",curated_project_dataset,train
562,E-commerce,track_order,What is the status of my order? (request 51),Please provide your order number so the current delivery status can be checked.,curated_project_dataset,train
563,Finance,balance_inquiry,What is my account balance? (request 41),"You can check your current balance through your bank's official mobile app, online banking portal, ATM, or branch.",curated_project_dataset,train
564,Finance,loan_information,I need information about a personal loan (request 94),"Personal-loan terms vary by lender, including eligibility, interest rate, tenure, and fees. Review the lender's official terms before applying.",curated_project_dataset,validation
565,Finance,balance_inquiry,What is my account balance? (request 45),"You can check your current balance through your bank's official mobile app, online banking portal, ATM, or branch.",curated_project_dataset,train
566,E-commerce,account_issue,How do I update my account details? (request 31),"Open your account settings and edit the available profile information, then save the changes.",curated_project_dataset,train
567,E-commerce,account_issue,I forgot my account password (request 42),Use the password-reset option associated with your account email or phone number.,curated_project_dataset,train
568,E-commerce,wrong_product,The product I received is not what I ordered (request 75),Please report the mismatch through customer support or the order return process so the issue can be investigated.,curated_project_dataset,train
569,Finance,bank_account,What documents are needed to open an account? (request 54),Requirements vary by bank and account type. Check the bank's official documentation for current identity and address requirements.,curated_project_dataset,train
570,Healthcare,emergency_guidance,I need help with this: When should I seek emergency care?,"Emergency care may be needed for severe or rapidly worsening symptoms. When in doubt about a potentially serious condition, seek immediate professional medical help.",curated_project_dataset,train
571,Healthcare,appointment_cancel,I need help with this: Can I cancel my appointment today?,"Yes, if cancellation is allowed by the provider. Please check your appointment details for the applicable cancellation policy.",curated_project_dataset,train
572,Healthcare,health_insurance,Does my health insurance cover this treatment? (request 45),"Coverage depends on your insurance plan, provider network, and policy terms. Check your policy or contact your insurer for confirmation.",curated_project_dataset,train
573,E-commerce,delivery_time,How long does delivery take? (request 86),"Delivery time varies by location, seller, and shipping option. Check the estimated delivery date shown during checkout or in your order.",curated_project_dataset,train
574,E-commerce,refund,My refund has not arrived (request 90),"Please check the refund status and original payment method. If the stated processing period has passed, contact customer support with your order details.",curated_project_dataset,train
575,Finance,transfer_pending,My money transfer is pending (request 85),Pending transfers can take time depending on the bank and transfer type. Please check the transaction status and contact your bank if it remains pending beyond the expected processing period.,curated_project_dataset,validation
576,Finance,loan_information,Can you help me with this? How do I check loan eligibility? Can you guide me?,"Eligibility depends on the lender's criteria, which may include income, credit history, employment, and existing obligations.",curated_project_dataset,train
577,Finance,bank_account,I want to open a new bank account.,Choose an appropriate account type and follow the bank's official application process. You may need identity and address documents.,curated_project_dataset,train
578,Finance,card_payment,My debit card payment did not work (request 88),"Please check your card balance and status. If the issue continues, contact your bank for assistance.",curated_project_dataset,train
579,Finance,transfer_pending,Please help me: My money transfer is pending. Can you guide me?,Pending transfers can take time depending on the bank and transfer type. Please check the transaction status and contact your bank if it remains pending beyond the expected processing period.,curated_project_dataset,train
580,E-commerce,wrong_product,I need help with this: The product I received is not what I ordered.,Please report the mismatch through customer support or the order return process so the issue can be investigated.,curated_project_dataset,train
581,E-commerce,return_order,Please help me: What is the process for returning an item?,"Start a return request from your order details, select the reason, and follow the packaging and pickup or drop-off instructions.",curated_project_dataset,train
582,Healthcare,prescription,Can I get a copy of my prescription? (request 82),"You can request a copy from your prescribing doctor or healthcare provider, subject to their procedures.",curated_project_dataset,train
583,Finance,cash_withdrawal,My ATM transaction failed.,Check your account and ATM transaction status. Contact your bank if money was debited or the issue continues.,curated_project_dataset,train
584,Healthcare,medication_information,What is this medicine used for? (request 49),Medication uses depend on the specific medicine and your circumstances. Check the medicine label or consult a pharmacist or doctor for reliable guidance.,curated_project_dataset,validation
585,Finance,lost_or_stolen_card,Someone stole my card Please tell me what to do.,"If your card is lost or stolen, block it immediately through your bank's official app or contact the bank's customer support.",curated_project_extension,train
586,E-commerce,cancel_order,How do I stop an order before it ships? (request 56),Open your order details and select cancellation if the option is still available.,curated_project_dataset,train
587,Finance,lost_or_stolen_card,Please assist me. My debit card is missing,"If your card is lost or stolen, block it immediately through your bank's official app or contact the bank's customer support.",curated_project_extension,train
588,E-commerce,return_order,What is the process for returning an item? (request 48),"Start a return request from your order details, select the reason, and follow the packaging and pickup or drop-off instructions.",curated_project_dataset,validation
589,Finance,transfer_pending,My bank transfer has not completed (request 39),"Please check the transfer status and expected processing time. If it remains pending longer than expected, contact your bank.",curated_project_dataset,train
590,Finance,lost_or_stolen_card,I misplaced my bank card What should I do?,"If your card is lost or stolen, block it immediately through your bank's official app or contact the bank's customer support.",curated_project_extension,test
591,Healthcare,prescription,Where can I find my prescription? (request 61),Your prescription may be available in your healthcare account or provided by your doctor. Check your medical records or contact the clinic.,curated_project_dataset,train
592,Healthcare,appointment_cancel,Please cancel my consultation (request 28),I can guide you through cancellation. Open the appointment record and choose Cancel Appointment.,curated_project_dataset,train
593,Finance,bank_account,How do I open a bank account? (request 61),"Account-opening requirements vary by bank. Check the bank's official website or branch for eligibility, documents, and application steps.",curated_project_dataset,validation
594,Healthcare,emergency_guidance,What should I do in a medical emergency? (request 41),"For a serious or life-threatening emergency, seek immediate emergency medical care or contact your local emergency service. Do not rely on a chatbot for emergency treatment.",curated_project_dataset,train
595,E-commerce,product_information,Is this item available? (request 56),Check the product page for the latest stock status. Availability can change quickly.,curated_project_dataset,train
596,Finance,card_payment,My debit card payment did not work (request 56),"Please check your card balance and status. If the issue continues, contact your bank for assistance.",curated_project_dataset,train
597,Healthcare,lab_test,Where can I get my blood test done? (request 86),You can use an authorized laboratory or collection center. Follow the test-specific preparation instructions provided by your healthcare provider.,curated_project_dataset,train
598,Finance,transfer_failed,Why did my transfer fail? Can you guide me?,"Transfers can fail because of incorrect details, account restrictions, insufficient funds, or bank-side issues. Check the transaction information and contact your bank if needed.",curated_project_dataset,train
599,Finance,transfer_pending,My money transfer is pending (request 29),Pending transfers can take time depending on the bank and transfer type. Please check the transaction status and contact your bank if it remains pending beyond the expected processing period.,curated_project_dataset,train
600,Healthcare,emergency_guidance,When should I seek emergency care? (request 91),"Emergency care may be needed for severe or rapidly worsening symptoms. When in doubt about a potentially serious condition, seek immediate professional medical help.",curated_project_dataset,validation
601,E-commerce,cancel_order,I want to cancel my order (request 41),"If the order has not shipped, you may be able to cancel it from your order details. Once shipped, cancellation may no longer be available.",curated_project_dataset,train
602,Healthcare,lab_test,I need information about a medical test (request 36),"Please provide the test name. Preparation, timing, and interpretation can vary by test.",curated_project_dataset,train
603,Finance,lost_or_stolen_card,I need assistance. My debit card is missing,"If your card is lost or stolen, block it immediately through your bank's official app or contact the bank's customer support.",curated_project_extension,train
604,Healthcare,appointment_cancel,How do I cancel my appointment? (request 49),"You can cancel the appointment from your booking details. If cancellation is unavailable online, contact the healthcare provider.",curated_project_dataset,train
605,Finance,bank_account,How do I open a bank account? (request 93),"Account-opening requirements vary by bank. Check the bank's official website or branch for eligibility, documents, and application steps.",curated_project_dataset,train
606,E-commerce,damaged_product,The package arrived damaged (request 72),Document the package condition and contact customer support or the seller with your order number and photos.,curated_project_dataset,train
607,E-commerce,damaged_product,Can you help me with this? My product arrived damaged.,"Please take photos of the damaged item and packaging, then report the issue through the order's return or support process as soon as possible.",curated_project_dataset,train
608,Finance,loan_information,How can I apply for a loan? (request 33),"Loan eligibility, documents, interest rates, and application procedures vary by lender. Check the lender's official application process.",curated_project_dataset,train
609,E-commerce,damaged_product,I received a broken product (request 27),Please report the issue promptly through your order support or return process and provide clear photos of the damage.,curated_project_dataset,train
610,Healthcare,appointment_reschedule,Can you help me with this? Can I change my appointment time?,"Yes. If another slot is available, you can reschedule the appointment from your booking details.",curated_project_dataset,train
611,E-commerce,damaged_product,My product arrived damaged.,"Please take photos of the damaged item and packaging, then report the issue through the order's return or support process as soon as possible.",curated_project_dataset,train
612,Finance,transaction_issue,I need help with a bank transaction (request 72),Please check the transaction status and reference number. Your bank can investigate account-specific transaction issues.,curated_project_dataset,train
613,E-commerce,refund,Can you help me with this? When will I get my refund?,Refund timing depends on the payment method and seller's processing time. Check your order's refund status for the latest update.,curated_project_dataset,train
614,Finance,transfer_failed,My money transfer failed (request 49),"Please check the transfer details and your account status. If the problem persists, contact your bank for the specific reason for failure.",curated_project_dataset,train
615,E-commerce,track_order,What is the status of my order?,Please provide your order number so the current delivery status can be checked.,curated_project_dataset,train
616,Finance,transaction_issue,Can you help me with this? There is a problem with my transaction. Can you guide me?,"Review the transaction details and status in your banking account. If the issue is unresolved, contact your bank with the transaction reference.",curated_project_dataset,train
617,Healthcare,medication_information,I want information about my medication (request 88),Please share the medicine name if you want general information. Do not change the prescribed dose without consulting your healthcare professional.,curated_project_dataset,train
618,E-commerce,damaged_product,I received a broken product (request 63),Please report the issue promptly through your order support or return process and provide clear photos of the damage.,curated_project_dataset,train
619,Finance,transfer_failed,My money transfer failed (request 89),"Please check the transfer details and your account status. If the problem persists, contact your bank for the specific reason for failure.",curated_project_dataset,train
620,Healthcare,appointment_booking,How can I book a doctor appointment? (request 25),"You can book an appointment by selecting a doctor, choosing an available date and time, and confirming the booking.",curated_project_dataset,train
621,Healthcare,symptoms_information,Can you tell me what my symptoms mean?,Symptoms can have many possible causes. Please consult a healthcare professional for an appropriate evaluation rather than relying on a chatbot for diagnosis.,curated_project_dataset,train
622,Finance,transaction_issue,Can you help me with this? My transaction looks incorrect. Can you guide me?,"Please verify the amount, date, and transaction details. If you do not recognize or agree with the transaction, contact your bank promptly.",curated_project_dataset,train
623,Healthcare,medication_information,I want information about my medication (request 92),Please share the medicine name if you want general information. Do not change the prescribed dose without consulting your healthcare professional.,curated_project_dataset,train
624,Healthcare,symptoms_information,What should I do about these symptoms? (request 45),"I can provide general information, but symptoms alone cannot establish a diagnosis. For persistent, severe, or worrying symptoms, consult a qualified healthcare professional.",curated_project_dataset,train
625,E-commerce,refund,My refund has not arrived (request 26),"Please check the refund status and original payment method. If the stated processing period has passed, contact customer support with your order details.",curated_project_dataset,validation
626,Finance,card_payment,My card payment was declined (request 57),"Check your card status, available funds, payment details, and any bank security restrictions. Contact your bank if the decline continues.",curated_project_dataset,train
627,Finance,transfer_failed,I want to know: Why did my transfer fail? Can you guide me?,"Transfers can fail because of incorrect details, account restrictions, insufficient funds, or bank-side issues. Check the transaction information and contact your bank if needed.",curated_project_dataset,train
628,Finance,fraud_transaction,I do not recognize a transaction (request 93),"If you do not recognize a transaction, contact your bank or card issuer through its official channel immediately and follow its fraud-reporting process.",curated_project_dataset,train
629,E-commerce,refund,How does a product refund work? (request 99),"After the return or cancellation is approved, the refund is generally processed to the original payment method, subject to the seller's policy.",curated_project_dataset,train
630,Healthcare,appointment_cancel,How do I cancel my appointment?,"You can cancel the appointment from your booking details. If cancellation is unavailable online, contact the healthcare provider.",curated_project_dataset,validation
631,Healthcare,appointment_reschedule,I need to reschedule my doctor's visit (request 86),"Open your appointment and select Reschedule, then choose another available date and time.",curated_project_dataset,train
632,E-commerce,return_order,Can I return my product? (request 55),"Return eligibility depends on the product, seller policy, and purchase date. Check the return policy associated with your order.",curated_project_dataset,train
633,Finance,transfer_failed,The transfer was unsuccessful (request 92),Please review the transaction details and any error message. Your bank can provide the exact reason if the transaction was rejected.,curated_project_dataset,validation
634,E-commerce,track_order,Where is my order? (request 81),I can help with order tracking. Please provide your order number or tracking details.,curated_project_dataset,train
635,E-commerce,wrong_product,My order contains a different product (request 78),Start a return or replacement request for the incorrect item and follow the seller's instructions.,curated_project_dataset,train
636,Finance,fraud_transaction,I do not recognize a transaction (request 61),"If you do not recognize a transaction, contact your bank or card issuer through its official channel immediately and follow its fraud-reporting process.",curated_project_dataset,train
637,Healthcare,appointment_reschedule,How can I change my consultation date? (request 92),Use the reschedule option in your appointment details and select a new available date.,curated_project_dataset,train
638,Healthcare,medical_report,I received my test report. What does it mean? (request 71),"Please discuss the report with your healthcare professional, who can interpret the findings using your clinical history and examination.",curated_project_dataset,train
639,Healthcare,emergency_guidance,This feels like an emergency (request 32),"Please seek immediate emergency medical assistance. If possible, have someone stay with you while help is arranged.",curated_project_dataset,train
640,E-commerce,payment_failed,I cannot complete my payment (request 39),"Check the payment method and billing details, then retry. If it still fails, try another supported payment method.",curated_project_dataset,train
641,E-commerce,track_order,What is the status of my order? (request 63),Please provide your order number so the current delivery status can be checked.,curated_project_dataset,validation
642,Finance,transfer_failed,Please help me: The transfer was unsuccessful. Can you guide me?,Please review the transaction details and any error message. Your bank can provide the exact reason if the transaction was rejected.,curated_project_dataset,train
643,E-commerce,return_order,Can you help me with this? What is the process for returning an item?,"Start a return request from your order details, select the reason, and follow the packaging and pickup or drop-off instructions.",curated_project_dataset,train
644,Finance,balance_inquiry,I want to know my bank balance (request 95),Please check the balance section of your official banking app or online banking account.,curated_project_dataset,train
645,Finance,lost_or_stolen_card,Someone stole my card What should I do?,"If your card is lost or stolen, block it immediately through your bank's official app or contact the bank's customer support.",curated_project_extension,train
646,Healthcare,appointment_cancel,Please cancel my consultation (request 36),I can guide you through cancellation. Open the appointment record and choose Cancel Appointment.,curated_project_dataset,train
647,Finance,cash_withdrawal,Why did my cash withdrawal fail? Can you guide me?,"A withdrawal may fail because of insufficient funds, card restrictions, ATM issues, or withdrawal limits.",curated_project_dataset,validation
648,E-commerce,product_information,How can I get information about a product? (request 53),"Open the product page to view its description, specifications, availability, price, and seller information.",curated_project_dataset,train
649,Healthcare,appointment_cancel,I want to know: Can I cancel my appointment today?,"Yes, if cancellation is allowed by the provider. Please check your appointment details for the applicable cancellation policy.",curated_project_dataset,train
650,Healthcare,appointment_reschedule,Can I change my appointment time? (request 37),"Yes. If another slot is available, you can reschedule the appointment from your booking details.",curated_project_dataset,validation
651,Finance,lost_or_stolen_card,My ATM card was stolen Please help.,"If your card is lost or stolen, block it immediately through your bank's official app or contact the bank's customer support.",curated_project_extension,train
652,Healthcare,appointment_cancel,Can you help me with this? Can I cancel my appointment today?,"Yes, if cancellation is allowed by the provider. Please check your appointment details for the applicable cancellation policy.",curated_project_dataset,train
653,E-commerce,payment_failed,I cannot complete my payment (request 83),"Check the payment method and billing details, then retry. If it still fails, try another supported payment method.",curated_project_dataset,validation
654,Finance,loan_information,Can you help me with this? What documents are required for a loan? Can you guide me?,"Requirements depend on the lender and loan type. Commonly requested documents may include identity, income, and address information.",curated_project_dataset,train
655,Finance,loan_information,I need information about a personal loan (request 30),"Personal-loan terms vary by lender, including eligibility, interest rate, tenure, and fees. Review the lender's official terms before applying.",curated_project_dataset,validation
656,Finance,credit_card,How can I apply for a credit card? (request 89),Credit-card eligibility and application requirements vary by issuer. Check the issuer's official application process and terms.,curated_project_dataset,train
657,Finance,balance_inquiry,What is my account balance? (request 89),"You can check your current balance through your bank's official mobile app, online banking portal, ATM, or branch.",curated_project_dataset,train
658,E-commerce,refund,I want to know my refund status (request 40),Please provide your order details or check the refund section of your account for the latest status.,curated_project_dataset,train
659,Finance,lost_or_stolen_card,I cannot find my credit card,"If you cannot find your card, temporarily block it and contact your bank to report it as lost.",curated_project_extension,test
660,E-commerce,return_order,Please help me: Can I return my product?,"Return eligibility depends on the product, seller policy, and purchase date. Check the return policy associated with your order.",curated_project_dataset,train
661,Finance,lost_or_stolen_card,I misplaced my bank card Please help.,"If your card is lost or stolen, block it immediately through your bank's official app or contact the bank's customer support.",curated_project_extension,train
662,Finance,transaction_issue,There is a problem with my transaction (request 25),"Review the transaction details and status in your banking account. If the issue is unresolved, contact your bank with the transaction reference.",curated_project_dataset,validation
663,E-commerce,return_order,Can I return my product? (request 99),"Return eligibility depends on the product, seller policy, and purchase date. Check the return policy associated with your order.",curated_project_dataset,validation
664,Finance,transfer_pending,Why is my transfer still pending? (request 86),A transfer may remain pending while the bank processes or verifies it. Check the transaction details for the expected processing time.,curated_project_dataset,validation
665,E-commerce,account_issue,I cannot access my shopping account (request 85),"Use the account recovery or password-reset option. If you still cannot sign in, contact customer support through the official channel.",curated_project_dataset,validation
666,Finance,transfer_pending,Why is my transfer still pending? (request 74),A transfer may remain pending while the bank processes or verifies it. Check the transaction details for the expected processing time.,curated_project_dataset,train
667,Finance,lost_or_stolen_card,I cannot find my credit card I need help with this.,"If your card is lost or stolen, block it immediately through your bank's official app or contact the bank's customer support.",curated_project_extension,train
668,Healthcare,emergency_guidance,I have a severe medical problem. What should I do? (request 30),"Seek urgent medical attention immediately, especially if symptoms are severe, sudden, or life-threatening.",curated_project_dataset,train
669,Finance,balance_inquiry,What is my account balance? (request 85),"You can check your current balance through your bank's official mobile app, online banking portal, ATM, or branch.",curated_project_dataset,train
670,E-commerce,damaged_product,My product arrived damaged (request 85),"Please take photos of the damaged item and packaging, then report the issue through the order's return or support process as soon as possible.",curated_project_dataset,test
671,Finance,loan_information,How do I check loan eligibility? (request 40),"Eligibility depends on the lender's criteria, which may include income, credit history, employment, and existing obligations.",curated_project_dataset,train
672,Finance,lost_or_stolen_card,I misplaced my bank card,"If your card is lost or stolen, block it immediately through your bank's official app or contact the bank's customer support.",curated_project_extension,train
673,Finance,transfer_failed,Why did my transfer fail? (request 78),"Transfers can fail because of incorrect details, account restrictions, insufficient funds, or bank-side issues. Check the transaction information and contact your bank if needed.",curated_project_dataset,train
674,Healthcare,appointment_booking,I need to schedule a consultation (request 34),Sure. Please choose the required doctor or specialty and select an available appointment slot.,curated_project_dataset,train
675,Healthcare,appointment_cancel,Please cancel my consultation (request 64),I can guide you through cancellation. Open the appointment record and choose Cancel Appointment.,curated_project_dataset,train
676,Healthcare,appointment_cancel,Please cancel my consultation (request 92),I can guide you through cancellation. Open the appointment record and choose Cancel Appointment.,curated_project_dataset,train
677,Finance,card_payment,Why did my card payment fail? (request 54),"A card payment may fail because of insufficient funds, incorrect details, security checks, or merchant restrictions.",curated_project_dataset,validation
678,Finance,lost_or_stolen_card,Can you help? I cannot find my credit card,"If your card is lost or stolen, block it immediately through your bank's official app or contact the bank's customer support.",curated_project_extension,validation
679,E-commerce,account_issue,My account is not working (request 44),"Try signing out and back in or resetting your password. If the problem continues, contact customer support.",curated_project_dataset,train
680,Finance,transfer_failed,I cannot send money. Can you guide me?,"Verify the recipient details and available balance, then try again. If the transfer still fails, contact your bank.",curated_project_dataset,train
681,E-commerce,track_order,My order has not arrived yet (request 28),"Please check the latest tracking update first. If the expected delivery date has passed, contact customer support with your order number.",curated_project_dataset,train
682,E-commerce,return_order,What is the process for returning an item? (request 64),"Start a return request from your order details, select the reason, and follow the packaging and pickup or drop-off instructions.",curated_project_dataset,train
683,Finance,transaction_issue,There is a problem with my transaction (request 93),"Review the transaction details and status in your banking account. If the issue is unresolved, contact your bank with the transaction reference.",curated_project_dataset,train
684,Healthcare,symptoms_information,What should I do about these symptoms? (request 21),"I can provide general information, but symptoms alone cannot establish a diagnosis. For persistent, severe, or worrying symptoms, consult a qualified healthcare professional.",curated_project_dataset,train
685,Finance,transfer_pending,Can you help me with this? My money transfer is pending. Can you guide me?,Pending transfers can take time depending on the bank and transfer type. Please check the transaction status and contact your bank if it remains pending beyond the expected processing period.,curated_project_dataset,train
686,Finance,transfer_pending,When will my pending transfer be completed? (request 52),Processing time varies by bank and transfer type. Check the transaction status for the latest update.,curated_project_dataset,train
687,E-commerce,track_order,What is the status of my order? (request 83),Please provide your order number so the current delivery status can be checked.,curated_project_dataset,train
688,Healthcare,health_insurance,Does my health insurance cover this treatment? (request 65),"Coverage depends on your insurance plan, provider network, and policy terms. Check your policy or contact your insurer for confirmation.",curated_project_dataset,validation
689,Finance,transfer_pending,My bank transfer has not completed (request 87),"Please check the transfer status and expected processing time. If it remains pending longer than expected, contact your bank.",curated_project_dataset,train
690,Healthcare,appointment_booking,I need to schedule a consultation (request 62),Sure. Please choose the required doctor or specialty and select an available appointment slot.,curated_project_dataset,train
691,E-commerce,refund,I want to know my refund status (request 24),Please provide your order details or check the refund section of your account for the latest status.,curated_project_dataset,train
692,Healthcare,health_insurance,Can I use insurance for my hospital visit? (request 31),This depends on your plan and the healthcare provider. Confirm eligibility and any pre-authorization requirements with your insurer.,curated_project_dataset,train
693,Healthcare,emergency_guidance,I have a severe medical problem. What should I do? (request 62),"Seek urgent medical attention immediately, especially if symptoms are severe, sudden, or life-threatening.",curated_project_dataset,train
694,E-commerce,damaged_product,The package arrived damaged (request 56),Document the package condition and contact customer support or the seller with your order number and photos.,curated_project_dataset,validation
695,Finance,lost_or_stolen_card,I have a problem: My ATM card was stolen,"If your card is lost or stolen, block it immediately through your bank's official app or contact the bank's customer support.",curated_project_extension,train
696,E-commerce,wrong_product,I received the wrong item (request 77),Please report the issue through your order details and provide the order number and photos of the received product if requested.,curated_project_dataset,test
697,Healthcare,emergency_guidance,This feels like an emergency (request 60),"Please seek immediate emergency medical assistance. If possible, have someone stay with you while help is arranged.",curated_project_dataset,validation
698,Healthcare,appointment_cancel,Can I cancel my appointment today? (request 59),"Yes, if cancellation is allowed by the provider. Please check your appointment details for the applicable cancellation policy.",curated_project_dataset,train
699,E-commerce,delivery_time,How long does delivery take? (request 34),"Delivery time varies by location, seller, and shipping option. Check the estimated delivery date shown during checkout or in your order.",curated_project_dataset,train
700,E-commerce,refund,How does a product refund work? (request 35),"After the return or cancellation is approved, the refund is generally processed to the original payment method, subject to the seller's policy.",curated_project_dataset,validation
701,Finance,loan_information,What documents are required for a loan? (request 55),"Requirements depend on the lender and loan type. Commonly requested documents may include identity, income, and address information.",curated_project_dataset,train
702,Finance,loan_information,What documents are required for a loan? (request 39),"Requirements depend on the lender and loan type. Commonly requested documents may include identity, income, and address information.",curated_project_dataset,train
703,Healthcare,symptoms_information,Please help me: What should I do about these symptoms?,"I can provide general information, but symptoms alone cannot establish a diagnosis. For persistent, severe, or worrying symptoms, consult a qualified healthcare professional.",curated_project_dataset,train
704,E-commerce,damaged_product,The package arrived damaged (request 100),Document the package condition and contact customer support or the seller with your order number and photos.,curated_project_dataset,train
705,Finance,fraud_transaction,Please help me: Someone may have used my card. Can you guide me?,"Contact your card issuer immediately using the official number or app, secure your account, and follow the issuer's instructions for reporting suspected fraud.",curated_project_dataset,validation
706,Healthcare,prescription,How do I view my prescription? (request 96),"If your provider offers online records, sign in to your healthcare account and open the prescription or medication section.",curated_project_dataset,validation
707,Healthcare,symptoms_information,What should I do about these symptoms? (request 53),"I can provide general information, but symptoms alone cannot establish a diagnosis. For persistent, severe, or worrying symptoms, consult a qualified healthcare professional.",curated_project_dataset,validation
708,E-commerce,track_order,I want to know: How can I track my package?,Use the tracking link in your order details or provide your order number to check the shipment status.,curated_project_dataset,train
709,Finance,transfer_pending,My bank transfer has not completed (request 79),"Please check the transfer status and expected processing time. If it remains pending longer than expected, contact your bank.",curated_project_dataset,train
710,E-commerce,payment_failed,Why was my online payment declined? (request 86),"A payment can fail because of incorrect details, bank restrictions, insufficient funds, or security checks. Contact your bank if the problem continues.",curated_project_dataset,train
711,Finance,balance_inquiry,How can I check my balance? (request 74),Use your bank's official app or online banking service to view your current account balance.,curated_project_dataset,test
712,Finance,fraud_transaction,There is a suspicious transaction on my account (request 43),Review the transaction and report it to your bank promptly if you did not authorize it. Use only official banking contact channels.,curated_project_dataset,train
713,Healthcare,medication_information,Can you give me information about a medicine? (request 66),"Please provide the medicine name. I can give general information, but medication decisions should be confirmed with a qualified healthcare professional.",curated_project_dataset,train
714,Finance,card_payment,Why did my card payment fail? (request 86),"A card payment may fail because of insufficient funds, incorrect details, security checks, or merchant restrictions.",curated_project_dataset,train
715,Finance,fraud_transaction,I want to know: I think my account has been compromised. Can you guide me?,"Contact your bank immediately through an official channel, secure your account credentials, and follow its instructions for protecting the account.",curated_project_dataset,train
716,Finance,fraud_transaction,Someone may have used my card (request 46),"Contact your card issuer immediately using the official number or app, secure your account, and follow the issuer's instructions for reporting suspected fraud.",curated_project_dataset,train
717,Healthcare,emergency_guidance,Please help me: This feels like an emergency.,"Please seek immediate emergency medical assistance. If possible, have someone stay with you while help is arranged.",curated_project_dataset,train
718,Healthcare,prescription,Please help me: I lost my prescription. What should I do?,Contact the prescribing healthcare provider or pharmacist. They can advise whether a replacement or copy can be issued.,curated_project_dataset,train
719,E-commerce,wrong_product,Can you help me with this? My order contains a different product.,Start a return or replacement request for the incorrect item and follow the seller's instructions.,curated_project_dataset,train
720,Healthcare,appointment_cancel,I need to cancel my doctor's appointment (request 94),Please open your appointment details and select the cancellation option. Check the provider's cancellation policy for any applicable conditions.,curated_project_dataset,train
721,E-commerce,account_issue,I want to know: I forgot my account password.,Use the password-reset option associated with your account email or phone number.,curated_project_dataset,train
722,Finance,transfer_pending,My bank transfer has not completed (request 55),"Please check the transfer status and expected processing time. If it remains pending longer than expected, contact your bank.",curated_project_dataset,train
723,Finance,balance_inquiry,I want to know: What is my account balance? Can you guide me?,"You can check your current balance through your bank's official mobile app, online banking portal, ATM, or branch.",curated_project_dataset,validation
724,Finance,credit_card,I need help with my credit card (request 84),"Please specify whether you need help with payments, limits, transactions, fees, or card access so the appropriate guidance can be provided.",curated_project_dataset,train
725,E-commerce,return_order,I want to return something I bought (request 58),You can request a return from the order details if the item meets the seller's return conditions.,curated_project_dataset,train
726,E-commerce,track_order,How can I track my package? (request 90),Use the tracking link in your order details or provide your order number to check the shipment status.,curated_project_dataset,train
727,Finance,transaction_issue,I need help with a bank transaction (request 100),Please check the transaction status and reference number. Your bank can investigate account-specific transaction issues.,curated_project_dataset,train
728,Finance,transaction_issue,Can you help me with this? Why is my transaction not showing? Can you guide me?,Transaction updates can take time depending on the transaction type. Check again later and contact your bank if the expected posting time has passed.,curated_project_dataset,train
729,Healthcare,symptoms_information,Please help me: I have been feeling unwell. What should I do?,"If symptoms are mild, monitor them and consider contacting a healthcare professional. Seek urgent medical care if symptoms are severe or rapidly worsening.",curated_project_dataset,train
730,Finance,card_payment,Why did my card payment fail? (request 70),"A card payment may fail because of insufficient funds, incorrect details, security checks, or merchant restrictions.",curated_project_dataset,train
731,Finance,fraud_transaction,I do not recognize a transaction (request 41),"If you do not recognize a transaction, contact your bank or card issuer through its official channel immediately and follow its fraud-reporting process.",curated_project_dataset,train
732,Finance,lost_or_stolen_card,"Please help, I lost my bank card","If your card is lost or stolen, block it immediately through your bank's official app or contact the bank's customer support.",curated_project_extension,train
733,Finance,bank_account,Can I open a bank account online?,"Many banks offer online account opening, subject to eligibility and verification requirements. Check your bank's official website.",curated_project_dataset,train
734,E-commerce,cancel_order,I need help with this: Please cancel my order.,I can guide you through cancellation. Check your order details for the Cancel Order option.,curated_project_dataset,train
735,Finance,bank_account,Can I open a bank account online? (request 60),"Many banks offer online account opening, subject to eligibility and verification requirements. Check your bank's official website.",curated_project_dataset,train
736,Healthcare,prescription,Where can I find my prescription?,Your prescription may be available in your healthcare account or provided by your doctor. Check your medical records or contact the clinic.,curated_project_dataset,train
737,Finance,cash_withdrawal,Can you help me with this? Why did my cash withdrawal fail? Can you guide me?,"A withdrawal may fail because of insufficient funds, card restrictions, ATM issues, or withdrawal limits.",curated_project_dataset,train
738,Finance,card_payment,Why did my card payment fail? Can you guide me?,"A card payment may fail because of insufficient funds, incorrect details, security checks, or merchant restrictions.",curated_project_dataset,train
739,Finance,transaction_issue,Why is my transaction not showing? (request 91),Transaction updates can take time depending on the transaction type. Check again later and contact your bank if the expected posting time has passed.,curated_project_dataset,train
740,Finance,bank_account,How do I open a bank account? (request 69),"Account-opening requirements vary by bank. Check the bank's official website or branch for eligibility, documents, and application steps.",curated_project_dataset,train
741,Finance,cash_withdrawal,I could not withdraw cash.,"Check whether your card is active and whether you have sufficient available balance. If the ATM charged you without dispensing cash, contact your bank promptly.",curated_project_dataset,train
742,Finance,bank_account,Can I open a bank account online? (request 100),"Many banks offer online account opening, subject to eligibility and verification requirements. Check your bank's official website.",curated_project_dataset,train
743,E-commerce,wrong_product,The product I received is not what I ordered (request 83),Please report the mismatch through customer support or the order return process so the issue can be investigated.,curated_project_dataset,test
744,Finance,transfer_pending,My bank transfer has not completed (request 51),"Please check the transfer status and expected processing time. If it remains pending longer than expected, contact your bank.",curated_project_dataset,train
745,E-commerce,delivery_time,Do you offer fast delivery? (request 64),"Available delivery speeds depend on the product, seller, location, and shipping options shown at checkout.",curated_project_dataset,validation
746,E-commerce,payment_failed,My card payment did not go through (request 96),Please verify your card details and contact your bank if the transaction continues to be declined.,curated_project_dataset,train
747,Finance,transfer_failed,I need help with this: Why did my transfer fail? Can you guide me?,"Transfers can fail because of incorrect details, account restrictions, insufficient funds, or bank-side issues. Check the transaction information and contact your bank if needed.",curated_project_dataset,validation
748,Healthcare,emergency_guidance,I have a severe medical problem. What should I do? (request 38),"Seek urgent medical attention immediately, especially if symptoms are severe, sudden, or life-threatening.",curated_project_dataset,train
749,Finance,lost_or_stolen_card,I need help: I misplaced my bank card,"If your card is lost or stolen, block it immediately through your bank's official app or contact the bank's customer support.",curated_project_extension,train
750,Healthcare,appointment_booking,I need to schedule a consultation (request 38),Sure. Please choose the required doctor or specialty and select an available appointment slot.,curated_project_dataset,train
751,Healthcare,emergency_guidance,I have a severe medical problem. What should I do? (request 74),"Seek urgent medical attention immediately, especially if symptoms are severe, sudden, or life-threatening.",curated_project_dataset,train
752,Healthcare,appointment_cancel,I need to cancel my doctor's appointment.,Please open your appointment details and select the cancellation option. Check the provider's cancellation policy for any applicable conditions.,curated_project_dataset,test
753,E-commerce,wrong_product,The product I received is not what I ordered (request 67),Please report the mismatch through customer support or the order return process so the issue can be investigated.,curated_project_dataset,train
754,Healthcare,appointment_reschedule,How can I change my consultation date? (request 80),Use the reschedule option in your appointment details and select a new available date.,curated_project_dataset,train
755,E-commerce,track_order,Where is my order? (request 61),I can help with order tracking. Please provide your order number or tracking details.,curated_project_dataset,train
756,E-commerce,product_information,Is this item available? (request 48),Check the product page for the latest stock status. Availability can change quickly.,curated_project_dataset,validation
757,Finance,lost_or_stolen_card,I need help: My debit card is missing,"If your card is lost or stolen, block it immediately through your bank's official app or contact the bank's customer support.",curated_project_extension,train
758,Healthcare,appointment_cancel,Can I cancel my appointment today? (request 91),"Yes, if cancellation is allowed by the provider. Please check your appointment details for the applicable cancellation policy.",curated_project_dataset,validation
759,Finance,transfer_failed,The transfer was unsuccessful (request 60),Please review the transaction details and any error message. Your bank can provide the exact reason if the transaction was rejected.,curated_project_dataset,train
760,E-commerce,damaged_product,The package arrived damaged (request 80),Document the package condition and contact customer support or the seller with your order number and photos.,curated_project_dataset,validation
761,E-commerce,return_order,What is the process for returning an item? (request 60),"Start a return request from your order details, select the reason, and follow the packaging and pickup or drop-off instructions.",curated_project_dataset,train
762,Finance,transfer_failed,The transfer was unsuccessful (request 52),Please review the transaction details and any error message. Your bank can provide the exact reason if the transaction was rejected.,curated_project_dataset,train
763,Healthcare,medical_report,Can you explain my medical report? (request 54),"I can explain general medical terminology, but a healthcare professional should interpret your results in the context of your symptoms and medical history.",curated_project_dataset,validation
764,Finance,transaction_issue,I need help with a bank transaction (request 88),Please check the transaction status and reference number. Your bank can investigate account-specific transaction issues.,curated_project_dataset,train
765,Healthcare,lab_test,Please help me: Do I need an appointment for a lab test?,It depends on the laboratory and test. Check the laboratory's booking requirements before visiting.,curated_project_dataset,validation
766,E-commerce,wrong_product,I got the wrong product. What should I do? (request 32),"Keep the item and packaging, then submit an incorrect-item request through your order details.",curated_project_dataset,train
767,Finance,cash_withdrawal,The ATM did not give me cash (request 38),"If your account was debited, keep the ATM receipt or transaction details and contact your bank immediately for investigation.",curated_project_dataset,train
768,Finance,transfer_failed,I want to know: The transfer was unsuccessful. Can you guide me?,Please review the transaction details and any error message. Your bank can provide the exact reason if the transaction was rejected.,curated_project_dataset,train
769,E-commerce,return_order,I want to return something I bought (request 38),You can request a return from the order details if the item meets the seller's return conditions.,curated_project_dataset,train
770,Finance,balance_inquiry,Can you help me with this? I want to know my bank balance. Can you guide me?,Please check the balance section of your official banking app or online banking account.,curated_project_dataset,train
771,Finance,balance_inquiry,Can I check my balance online? Can you guide me?,Yes. Most banks provide balance information through their official online banking or mobile application.,curated_project_dataset,validation
772,E-commerce,refund,My refund has not arrived (request 54),"Please check the refund status and original payment method. If the stated processing period has passed, contact customer support with your order details.",curated_project_dataset,train
773,Finance,cash_withdrawal,I could not withdraw cash (request 49),"Check whether your card is active and whether you have sufficient available balance. If the ATM charged you without dispensing cash, contact your bank promptly.",curated_project_dataset,validation
774,Healthcare,medical_report,Can you explain my medical report? (request 34),"I can explain general medical terminology, but a healthcare professional should interpret your results in the context of your symptoms and medical history.",curated_project_dataset,train
775,Healthcare,appointment_reschedule,How can I change my consultation date? (request 56),Use the reschedule option in your appointment details and select a new available date.,curated_project_dataset,train
776,Finance,transfer_pending,When will my pending transfer be completed? (request 100),Processing time varies by bank and transfer type. Check the transaction status for the latest update.,curated_project_dataset,test
777,E-commerce,delivery_time,Please help me: Do you offer fast delivery?,"Available delivery speeds depend on the product, seller, location, and shipping options shown at checkout.",curated_project_dataset,train
778,Finance,lost_or_stolen_card,I have a problem: I cannot find my credit card,"If your card is lost or stolen, block it immediately through your bank's official app or contact the bank's customer support.",curated_project_extension,validation
779,Healthcare,prescription,Can I get a copy of my prescription? (request 50),"You can request a copy from your prescribing doctor or healthcare provider, subject to their procedures.",curated_project_dataset,train
780,E-commerce,track_order,Where is my order? (request 45),I can help with order tracking. Please provide your order number or tracking details.,curated_project_dataset,train
781,Healthcare,symptoms_information,Can you tell me what my symptoms mean? (request 58),Symptoms can have many possible causes. Please consult a healthcare professional for an appropriate evaluation rather than relying on a chatbot for diagnosis.,curated_project_dataset,train
782,Healthcare,prescription,How do I view my prescription? (request 52),"If your provider offers online records, sign in to your healthcare account and open the prescription or medication section.",curated_project_dataset,validation
783,E-commerce,track_order,My order has not arrived yet (request 24),"Please check the latest tracking update first. If the expected delivery date has passed, contact customer support with your order number.",curated_project_dataset,train
784,E-commerce,account_issue,How do I update my account details? (request 83),"Open your account settings and edit the available profile information, then save the changes.",curated_project_dataset,train
785,E-commerce,wrong_product,I received the wrong item (request 81),Please report the issue through your order details and provide the order number and photos of the received product if requested.,curated_project_dataset,train
786,Finance,credit_card,How do I pay my credit card bill? (request 99),"You can usually pay through the issuer's official app, online banking, bank transfer, or another supported payment method.",curated_project_dataset,train
787,E-commerce,delivery_time,How long does delivery take? (request 50),"Delivery time varies by location, seller, and shipping option. Check the estimated delivery date shown during checkout or in your order.",curated_project_dataset,train
788,Healthcare,lab_test,How do I book a lab test? (request 45),"Select the required test, choose an available laboratory or collection service, and confirm the appointment if booking is available.",curated_project_dataset,train
789,E-commerce,return_order,I want to return something I bought (request 94),You can request a return from the order details if the item meets the seller's return conditions.,curated_project_dataset,train
790,E-commerce,refund,I want to know my refund status (request 84),Please provide your order details or check the refund section of your account for the latest status.,curated_project_dataset,train
791,Finance,transfer_pending,When will my pending transfer be completed? (request 56),Processing time varies by bank and transfer type. Check the transaction status for the latest update.,curated_project_dataset,validation
792,E-commerce,wrong_product,I got the wrong product. What should I do?,"Keep the item and packaging, then submit an incorrect-item request through your order details.",curated_project_dataset,train
793,Finance,bank_account,What documents are needed to open an account? (request 90),Requirements vary by bank and account type. Check the bank's official documentation for current identity and address requirements.,curated_project_dataset,train
794,Finance,cash_withdrawal,Why did my cash withdrawal fail? (request 79),"A withdrawal may fail because of insufficient funds, card restrictions, ATM issues, or withdrawal limits.",curated_project_dataset,train
795,Finance,fraud_transaction,Someone may have used my card (request 74),"Contact your card issuer immediately using the official number or app, secure your account, and follow the issuer's instructions for reporting suspected fraud.",curated_project_dataset,train
796,Healthcare,prescription,I lost my prescription. What should I do? (request 87),Contact the prescribing healthcare provider or pharmacist. They can advise whether a replacement or copy can be issued.,curated_project_dataset,train
797,Healthcare,medical_report,Can you explain my medical report? (request 74),"I can explain general medical terminology, but a healthcare professional should interpret your results in the context of your symptoms and medical history.",curated_project_dataset,train
798,E-commerce,return_order,Can I return my product?,"Return eligibility depends on the product, seller policy, and purchase date. Check the return policy associated with your order.",curated_project_dataset,train
799,Healthcare,symptoms_information,Can you tell me what my symptoms mean? (request 46),Symptoms can have many possible causes. Please consult a healthcare professional for an appropriate evaluation rather than relying on a chatbot for diagnosis.,curated_project_dataset,train
800,Finance,credit_card,Can you help me with this? How do I pay my credit card bill? Can you guide me?,"You can usually pay through the issuer's official app, online banking, bank transfer, or another supported payment method.",curated_project_dataset,train
801,E-commerce,wrong_product,My order contains a different product (request 94),Start a return or replacement request for the incorrect item and follow the seller's instructions.,curated_project_dataset,train
802,Finance,cash_withdrawal,The ATM did not give me cash (request 82),"If your account was debited, keep the ATM receipt or transaction details and contact your bank immediately for investigation.",curated_project_dataset,train
803,Finance,transfer_pending,I want to know: My bank transfer has not completed. Can you guide me?,"Please check the transfer status and expected processing time. If it remains pending longer than expected, contact your bank.",curated_project_dataset,train
804,E-commerce,wrong_product,I want to know: I received the wrong item.,Please report the issue through your order details and provide the order number and photos of the received product if requested.,curated_project_dataset,validation
805,E-commerce,wrong_product,I got the wrong product. What should I do? (request 52),"Keep the item and packaging, then submit an incorrect-item request through your order details.",curated_project_dataset,train
806,Healthcare,symptoms_information,What should I do about these symptoms? (request 77),"I can provide general information, but symptoms alone cannot establish a diagnosis. For persistent, severe, or worrying symptoms, consult a qualified healthcare professional.",curated_project_dataset,validation
807,Finance,lost_or_stolen_card,My credit card is missing What should I do?,"If your card is lost or stolen, block it immediately through your bank's official app or contact the bank's customer support.",curated_project_extension,train
808,Finance,transfer_pending,Why is my transfer still pending? (request 90),A transfer may remain pending while the bank processes or verifies it. Check the transaction details for the expected processing time.,curated_project_dataset,validation
809,Finance,balance_inquiry,Can I check my balance online? (request 44),Yes. Most banks provide balance information through their official online banking or mobile application.,curated_project_dataset,train
810,Finance,fraud_transaction,Someone may have used my card (request 94),"Contact your card issuer immediately using the official number or app, secure your account, and follow the issuer's instructions for reporting suspected fraud.",curated_project_dataset,train
811,Healthcare,appointment_cancel,Please cancel my consultation (request 56),I can guide you through cancellation. Open the appointment record and choose Cancel Appointment.,curated_project_dataset,train
812,Healthcare,medication_information,Can you give me information about a medicine? (request 62),"Please provide the medicine name. I can give general information, but medication decisions should be confirmed with a qualified healthcare professional.",curated_project_dataset,train
813,Healthcare,appointment_booking,How can I book a doctor appointment? (request 53),"You can book an appointment by selecting a doctor, choosing an available date and time, and confirming the booking.",curated_project_dataset,test
814,Finance,card_payment,My debit card payment did not work.,"Please check your card balance and status. If the issue continues, contact your bank for assistance.",curated_project_dataset,validation
815,Healthcare,prescription,Can I get a copy of my prescription? (request 30),"You can request a copy from your prescribing doctor or healthcare provider, subject to their procedures.",curated_project_dataset,train
816,Healthcare,appointment_booking,I want to see a doctor (request 40),I can help you schedule a consultation. Please provide the medical specialty or doctor you want to visit.,curated_project_dataset,validation
817,Healthcare,appointment_cancel,Can I cancel my appointment today? (request 35),"Yes, if cancellation is allowed by the provider. Please check your appointment details for the applicable cancellation policy.",curated_project_dataset,validation
818,Healthcare,appointment_cancel,Please help me: Please cancel my consultation.,I can guide you through cancellation. Open the appointment record and choose Cancel Appointment.,curated_project_dataset,train
819,Healthcare,medication_information,What is this medicine used for? (request 53),Medication uses depend on the specific medicine and your circumstances. Check the medicine label or consult a pharmacist or doctor for reliable guidance.,curated_project_dataset,train
820,Finance,transaction_issue,I need help with this: Why is my transaction not showing? Can you guide me?,Transaction updates can take time depending on the transaction type. Check again later and contact your bank if the expected posting time has passed.,curated_project_dataset,train
821,Finance,transfer_failed,The transfer was unsuccessful (request 96),Please review the transaction details and any error message. Your bank can provide the exact reason if the transaction was rejected.,curated_project_dataset,train
822,Finance,card_payment,Why did my card payment fail? (request 66),"A card payment may fail because of insufficient funds, incorrect details, security checks, or merchant restrictions.",curated_project_dataset,train
823,Finance,card_payment,I cannot pay with my card (request 83),"Verify that your card is active and has sufficient funds. If payments continue to fail, contact your card issuer.",curated_project_dataset,train
824,Finance,fraud_transaction,Someone may have used my card (request 78),"Contact your card issuer immediately using the official number or app, secure your account, and follow the issuer's instructions for reporting suspected fraud.",curated_project_dataset,train
825,Finance,cash_withdrawal,My ATM transaction failed (request 92),Check your account and ATM transaction status. Contact your bank if money was debited or the issue continues.,curated_project_dataset,train
826,E-commerce,wrong_product,I got the wrong product. What should I do? (request 48),"Keep the item and packaging, then submit an incorrect-item request through your order details.",curated_project_dataset,train
827,E-commerce,refund,I want to know my refund status (request 32),Please provide your order details or check the refund section of your account for the latest status.,curated_project_dataset,train
828,E-commerce,refund,When will I get my refund? (request 93),Refund timing depends on the payment method and seller's processing time. Check your order's refund status for the latest update.,curated_project_dataset,train
829,E-commerce,return_order,Please help me: I want to return something I bought.,You can request a return from the order details if the item meets the seller's return conditions.,curated_project_dataset,train
830,E-commerce,damaged_product,I want to know: I received a broken product.,Please report the issue promptly through your order support or return process and provide clear photos of the damage.,curated_project_dataset,train
831,Finance,credit_card,How can I apply for a credit card? (request 69),Credit-card eligibility and application requirements vary by issuer. Check the issuer's official application process and terms.,curated_project_dataset,train
832,Healthcare,emergency_guidance,When should I seek emergency care? (request 55),"Emergency care may be needed for severe or rapidly worsening symptoms. When in doubt about a potentially serious condition, seek immediate professional medical help.",curated_project_dataset,train
833,Finance,transfer_pending,When will my pending transfer be completed? (request 84),Processing time varies by bank and transfer type. Check the transaction status for the latest update.,curated_project_dataset,train
834,Finance,credit_card,How do I pay my credit card bill? (request 59),"You can usually pay through the issuer's official app, online banking, bank transfer, or another supported payment method.",curated_project_dataset,validation
835,E-commerce,return_order,I want to return something I bought.,You can request a return from the order details if the item meets the seller's return conditions.,curated_project_dataset,test
836,Finance,balance_inquiry,I need help with this: I want to know my bank balance. Can you guide me?,Please check the balance section of your official banking app or online banking account.,curated_project_dataset,train
837,Healthcare,health_insurance,Can I use insurance for my hospital visit?,This depends on your plan and the healthcare provider. Confirm eligibility and any pre-authorization requirements with your insurer.,curated_project_dataset,train
838,Healthcare,prescription,I want to know: I lost my prescription. What should I do?,Contact the prescribing healthcare provider or pharmacist. They can advise whether a replacement or copy can be issued.,curated_project_dataset,train
839,Healthcare,appointment_booking,Can I make an appointment for tomorrow? (request 95),"Yes, if appointments are available. Please select the doctor and check tomorrow's available time slots.",curated_project_dataset,train
840,Finance,credit_card,Can you help me with this? I need help with my credit card. Can you guide me?,"Please specify whether you need help with payments, limits, transactions, fees, or card access so the appropriate guidance can be provided.",curated_project_dataset,train
841,E-commerce,payment_failed,I cannot complete my payment (request 75),"Check the payment method and billing details, then retry. If it still fails, try another supported payment method.",curated_project_dataset,train
842,Finance,lost_or_stolen_card,My debit card is missing I need help with this.,"If your card is lost or stolen, block it immediately through your bank's official app or contact the bank's customer support.",curated_project_extension,train
843,E-commerce,cancel_order,How do I stop an order before it ships? (request 28),Open your order details and select cancellation if the option is still available.,curated_project_dataset,validation
844,Healthcare,prescription,Where can I find my prescription? (request 49),Your prescription may be available in your healthcare account or provided by your doctor. Check your medical records or contact the clinic.,curated_project_dataset,train
845,Healthcare,prescription,Can I get a copy of my prescription? (request 38),"You can request a copy from your prescribing doctor or healthcare provider, subject to their procedures.",curated_project_dataset,train
846,Healthcare,appointment_cancel,I need help with this: Please cancel my consultation.,I can guide you through cancellation. Open the appointment record and choose Cancel Appointment.,curated_project_dataset,train
847,Healthcare,emergency_guidance,When should I seek emergency care?,"Emergency care may be needed for severe or rapidly worsening symptoms. When in doubt about a potentially serious condition, seek immediate professional medical help.",curated_project_dataset,train
848,E-commerce,return_order,Can I return my product? (request 39),"Return eligibility depends on the product, seller policy, and purchase date. Check the return policy associated with your order.",curated_project_dataset,validation
849,Healthcare,appointment_cancel,I need to cancel my doctor's appointment (request 98),Please open your appointment details and select the cancellation option. Check the provider's cancellation policy for any applicable conditions.,curated_project_dataset,train
850,Healthcare,appointment_booking,Can I make an appointment for tomorrow? (request 91),"Yes, if appointments are available. Please select the doctor and check tomorrow's available time slots.",curated_project_dataset,validation
851,Healthcare,appointment_reschedule,Can I move my appointment to next week? (request 99),You can reschedule if the provider has an available slot next week.,curated_project_dataset,train
852,Finance,credit_card,Please help me: How can I apply for a credit card? Can you guide me?,Credit-card eligibility and application requirements vary by issuer. Check the issuer's official application process and terms.,curated_project_dataset,train
853,E-commerce,delivery_time,Can you help me with this? Can I know the expected delivery date?,Yes. Check your order details for the current estimated delivery date.,curated_project_dataset,train
854,Finance,cash_withdrawal,Why did my cash withdrawal fail? (request 47),"A withdrawal may fail because of insufficient funds, card restrictions, ATM issues, or withdrawal limits.",curated_project_dataset,train
855,E-commerce,delivery_time,Can I know the expected delivery date? (request 15),Yes. Check your order details for the current estimated delivery date.,curated_project_dataset,train
856,Healthcare,appointment_cancel,Can I cancel my appointment today? (request 31),"Yes, if cancellation is allowed by the provider. Please check your appointment details for the applicable cancellation policy.",curated_project_dataset,train
857,Finance,fraud_transaction,Please help me: I do not recognize a transaction. Can you guide me?,"If you do not recognize a transaction, contact your bank or card issuer through its official channel immediately and follow its fraud-reporting process.",curated_project_dataset,test
858,Finance,lost_or_stolen_card,My ATM card was stolen,"If your card is lost or stolen, block it immediately through your bank's official app or contact the bank's customer support.",curated_project_extension,train
859,Healthcare,appointment_booking,I want to see a doctor (request 32),I can help you schedule a consultation. Please provide the medical specialty or doctor you want to visit.,curated_project_dataset,train
860,Healthcare,medical_report,Can you explain my medical report? (request 58),"I can explain general medical terminology, but a healthcare professional should interpret your results in the context of your symptoms and medical history.",curated_project_dataset,train
861,E-commerce,refund,How does a product refund work? (request 27),"After the return or cancellation is approved, the refund is generally processed to the original payment method, subject to the seller's policy.",curated_project_dataset,train
862,E-commerce,track_order,My order has not arrived yet (request 84),"Please check the latest tracking update first. If the expected delivery date has passed, contact customer support with your order number.",curated_project_dataset,test
863,Healthcare,appointment_booking,I need to schedule a consultation (request 18),Sure. Please choose the required doctor or specialty and select an available appointment slot.,curated_project_dataset,train
864,Finance,credit_card,How can I apply for a credit card? (request 57),Credit-card eligibility and application requirements vary by issuer. Check the issuer's official application process and terms.,curated_project_dataset,train
865,Finance,cash_withdrawal,I could not withdraw cash (request 77),"Check whether your card is active and whether you have sufficient available balance. If the ATM charged you without dispensing cash, contact your bank promptly.",curated_project_dataset,train
866,E-commerce,refund,My refund has not arrived (request 86),"Please check the refund status and original payment method. If the stated processing period has passed, contact customer support with your order details.",curated_project_dataset,train
867,Healthcare,symptoms_information,I want information about my symptoms (request 44),"I can provide general health information, but a clinician should evaluate symptoms to determine the appropriate diagnosis and treatment.",curated_project_dataset,train
868,Finance,fraud_transaction,There is a suspicious transaction on my account (request 79),Review the transaction and report it to your bank promptly if you did not authorize it. Use only official banking contact channels.,curated_project_dataset,validation
869,Healthcare,appointment_reschedule,How can I change my consultation date? (request 88),Use the reschedule option in your appointment details and select a new available date.,curated_project_dataset,train
870,E-commerce,product_information,Does this product have the features I need?,"Please check the product specifications and description. If a required feature is unclear, contact the seller for confirmation.",curated_project_dataset,train
871,Healthcare,health_insurance,Does my health insurance cover this treatment? (request 49),"Coverage depends on your insurance plan, provider network, and policy terms. Check your policy or contact your insurer for confirmation.",curated_project_dataset,train
872,Finance,card_payment,My debit card payment did not work (request 96),"Please check your card balance and status. If the issue continues, contact your bank for assistance.",curated_project_dataset,train
873,Healthcare,lab_test,How do I book a lab test? (request 93),"Select the required test, choose an available laboratory or collection service, and confirm the appointment if booking is available.",curated_project_dataset,train
874,E-commerce,cancel_order,I want to cancel my order (request 33),"If the order has not shipped, you may be able to cancel it from your order details. Once shipped, cancellation may no longer be available.",curated_project_dataset,train
875,Finance,balance_inquiry,How can I check my balance? (request 82),Use your bank's official app or online banking service to view your current account balance.,curated_project_dataset,train
876,Finance,cash_withdrawal,Why did my cash withdrawal fail? (request 63),"A withdrawal may fail because of insufficient funds, card restrictions, ATM issues, or withdrawal limits.",curated_project_dataset,train
877,E-commerce,product_information,Where can I find product specifications? (request 39),Product specifications are usually listed on the product page under the description or specifications section.,curated_project_dataset,train
878,Finance,lost_or_stolen_card,Please assist me. I lost my bank card,"If your card is lost or stolen, block it immediately through your bank's official app or contact the bank's customer support.",curated_project_extension,train
879,Finance,transfer_pending,My money transfer is pending (request 65),Pending transfers can take time depending on the bank and transfer type. Please check the transaction status and contact your bank if it remains pending beyond the expected processing period.,curated_project_dataset,train
880,Healthcare,symptoms_information,What should I do about these symptoms? (request 37),"I can provide general information, but symptoms alone cannot establish a diagnosis. For persistent, severe, or worrying symptoms, consult a qualified healthcare professional.",curated_project_dataset,train
881,Finance,bank_account,Can I open a bank account online? (request 28),"Many banks offer online account opening, subject to eligibility and verification requirements. Check your bank's official website.",curated_project_dataset,train
882,E-commerce,track_order,Where is my order?,I can help with order tracking. Please provide your order number or tracking details.,curated_project_dataset,validation
883,Finance,card_payment,My debit card payment did not work (request 44),"Please check your card balance and status. If the issue continues, contact your bank for assistance.",curated_project_dataset,train
884,Finance,transfer_failed,Why did my transfer fail? (request 94),"Transfers can fail because of incorrect details, account restrictions, insufficient funds, or bank-side issues. Check the transaction information and contact your bank if needed.",curated_project_dataset,train
885,E-commerce,payment_failed,Why was my online payment declined? (request 74),"A payment can fail because of incorrect details, bank restrictions, insufficient funds, or security checks. Contact your bank if the problem continues.",curated_project_dataset,validation
886,Finance,card_payment,Why did my card payment fail? (request 74),"A card payment may fail because of insufficient funds, incorrect details, security checks, or merchant restrictions.",curated_project_dataset,train
887,E-commerce,return_order,Can I return my product? (request 47),"Return eligibility depends on the product, seller policy, and purchase date. Check the return policy associated with your order.",curated_project_dataset,train
888,Healthcare,symptoms_information,I want information about my symptoms (request 80),"I can provide general health information, but a clinician should evaluate symptoms to determine the appropriate diagnosis and treatment.",curated_project_dataset,train
889,Healthcare,health_insurance,Does my health insurance cover this treatment? (request 69),"Coverage depends on your insurance plan, provider network, and policy terms. Check your policy or contact your insurer for confirmation.",curated_project_dataset,validation
890,Healthcare,prescription,I lost my prescription. What should I do? (request 79),Contact the prescribing healthcare provider or pharmacist. They can advise whether a replacement or copy can be issued.,curated_project_dataset,train
891,E-commerce,payment_failed,My payment failed (request 85),"Please verify your payment details, available funds, and any bank authentication requirements, then try again.",curated_project_dataset,train
892,Finance,credit_card,What is my credit card limit? (request 70),"Your current credit limit is available through your card issuer's official app, online account, statement, or customer service.",curated_project_dataset,validation
893,Finance,transfer_failed,I cannot send money (request 75),"Verify the recipient details and available balance, then try again. If the transfer still fails, contact your bank.",curated_project_dataset,train
894,E-commerce,damaged_product,My product arrived damaged (request 29),"Please take photos of the damaged item and packaging, then report the issue through the order's return or support process as soon as possible.",curated_project_dataset,train
895,Healthcare,appointment_cancel,How do I cancel my appointment? (request 69),"You can cancel the appointment from your booking details. If cancellation is unavailable online, contact the healthcare provider.",curated_project_dataset,train
896,Finance,cash_withdrawal,Why did my cash withdrawal fail? (request 35),"A withdrawal may fail because of insufficient funds, card restrictions, ATM issues, or withdrawal limits.",curated_project_dataset,train
897,Healthcare,lab_test,Do I need an appointment for a lab test? (request 39),It depends on the laboratory and test. Check the laboratory's booking requirements before visiting.,curated_project_dataset,train
898,Healthcare,emergency_guidance,This feels like an emergency (request 68),"Please seek immediate emergency medical assistance. If possible, have someone stay with you while help is arranged.",curated_project_dataset,train
899,Finance,transfer_failed,Why did my transfer fail? (request 74),"Transfers can fail because of incorrect details, account restrictions, insufficient funds, or bank-side issues. Check the transaction information and contact your bank if needed.",curated_project_dataset,train
900,E-commerce,cancel_order,How do I stop an order before it ships? (request 100),Open your order details and select cancellation if the option is still available.,curated_project_dataset,train
901,Healthcare,appointment_reschedule,How can I change my consultation date? (request 60),Use the reschedule option in your appointment details and select a new available date.,curated_project_dataset,train
902,Healthcare,appointment_cancel,Can I cancel my appointment today? (request 87),"Yes, if cancellation is allowed by the provider. Please check your appointment details for the applicable cancellation policy.",curated_project_dataset,test
903,Healthcare,medication_information,I want information about my medication.,Please share the medicine name if you want general information. Do not change the prescribed dose without consulting your healthcare professional.,curated_project_dataset,train
904,E-commerce,refund,Please help me: How does a product refund work?,"After the return or cancellation is approved, the refund is generally processed to the original payment method, subject to the seller's policy.",curated_project_dataset,train
905,E-commerce,cancel_order,Can you help me with this? Please cancel my order.,I can guide you through cancellation. Check your order details for the Cancel Order option.,curated_project_dataset,train
906,Finance,transaction_issue,Why is my transaction not showing? (request 95),Transaction updates can take time depending on the transaction type. Check again later and contact your bank if the expected posting time has passed.,curated_project_dataset,train
907,Finance,credit_card,How can I apply for a credit card? (request 93),Credit-card eligibility and application requirements vary by issuer. Check the issuer's official application process and terms.,curated_project_dataset,train
908,Finance,credit_card,How can I apply for a credit card? (request 53),Credit-card eligibility and application requirements vary by issuer. Check the issuer's official application process and terms.,curated_project_dataset,train
909,Finance,transaction_issue,My transaction looks incorrect (request 94),"Please verify the amount, date, and transaction details. If you do not recognize or agree with the transaction, contact your bank promptly.",curated_project_dataset,test
910,E-commerce,track_order,I want to know: What is the status of my order?,Please provide your order number so the current delivery status can be checked.,curated_project_dataset,train
911,Healthcare,symptoms_information,What should I do about these symptoms? (request 49),"I can provide general information, but symptoms alone cannot establish a diagnosis. For persistent, severe, or worrying symptoms, consult a qualified healthcare professional.",curated_project_dataset,train
912,Healthcare,medical_report,Can you explain my medical report? (request 42),"I can explain general medical terminology, but a healthcare professional should interpret your results in the context of your symptoms and medical history.",curated_project_dataset,train
913,E-commerce,cancel_order,I need help with this: How do I stop an order before it ships?,Open your order details and select cancellation if the option is still available.,curated_project_dataset,train
914,Finance,transfer_pending,I need help with this: My bank transfer has not completed. Can you guide me?,"Please check the transfer status and expected processing time. If it remains pending longer than expected, contact your bank.",curated_project_dataset,train
915,Finance,balance_inquiry,Can I check my balance online? (request 88),Yes. Most banks provide balance information through their official online banking or mobile application.,curated_project_dataset,train
916,E-commerce,cancel_order,How do I stop an order before it ships? (request 68),Open your order details and select cancellation if the option is still available.,curated_project_dataset,train
917,Finance,transfer_failed,Why did my transfer fail? (request 82),"Transfers can fail because of incorrect details, account restrictions, insufficient funds, or bank-side issues. Check the transaction information and contact your bank if needed.",curated_project_dataset,test
918,Healthcare,emergency_guidance,I have a severe medical problem. What should I do? (request 82),"Seek urgent medical attention immediately, especially if symptoms are severe, sudden, or life-threatening.",curated_project_dataset,train
919,E-commerce,delivery_time,Do you offer fast delivery? (request 80),"Available delivery speeds depend on the product, seller, location, and shipping options shown at checkout.",curated_project_dataset,train
920,Healthcare,symptoms_information,I need help with this: What should I do about these symptoms?,"I can provide general information, but symptoms alone cannot establish a diagnosis. For persistent, severe, or worrying symptoms, consult a qualified healthcare professional.",curated_project_dataset,train
921,Finance,loan_information,What documents are required for a loan? (request 51),"Requirements depend on the lender and loan type. Commonly requested documents may include identity, income, and address information.",curated_project_dataset,train
922,Finance,cash_withdrawal,Please help me: The ATM did not give me cash. Can you guide me?,"If your account was debited, keep the ATM receipt or transaction details and contact your bank immediately for investigation.",curated_project_dataset,test
923,E-commerce,track_order,How can I track my package? (request 42),Use the tracking link in your order details or provide your order number to check the shipment status.,curated_project_dataset,validation
924,Finance,bank_account,What documents are needed to open an account? (request 38),Requirements vary by bank and account type. Check the bank's official documentation for current identity and address requirements.,curated_project_dataset,test
925,E-commerce,wrong_product,Please help me: The product I received is not what I ordered.,Please report the mismatch through customer support or the order return process so the issue can be investigated.,curated_project_dataset,train
926,Finance,credit_card,I need help with my credit card (request 40),"Please specify whether you need help with payments, limits, transactions, fees, or card access so the appropriate guidance can be provided.",curated_project_dataset,train
927,Healthcare,health_insurance,Does my health insurance cover this treatment? (request 41),"Coverage depends on your insurance plan, provider network, and policy terms. Check your policy or contact your insurer for confirmation.",curated_project_dataset,train
928,Healthcare,appointment_cancel,Please help me: I need to cancel my doctor's appointment.,Please open your appointment details and select the cancellation option. Check the provider's cancellation policy for any applicable conditions.,curated_project_dataset,train
929,Finance,fraud_transaction,I do not recognize a transaction (request 29),"If you do not recognize a transaction, contact your bank or card issuer through its official channel immediately and follow its fraud-reporting process.",curated_project_dataset,train
930,E-commerce,return_order,I want to return something I bought (request 90),You can request a return from the order details if the item meets the seller's return conditions.,curated_project_dataset,validation
931,Healthcare,medication_information,Can you give me information about a medicine? (request 82),"Please provide the medicine name. I can give general information, but medication decisions should be confirmed with a qualified healthcare professional.",curated_project_dataset,train
932,Healthcare,appointment_reschedule,Can I change my appointment time? (request 77),"Yes. If another slot is available, you can reschedule the appointment from your booking details.",curated_project_dataset,train
933,Finance,transaction_issue,My transaction looks incorrect (request 46),"Please verify the amount, date, and transaction details. If you do not recognize or agree with the transaction, contact your bank promptly.",curated_project_dataset,validation
934,Healthcare,appointment_cancel,Please cancel my consultation (request 40),I can guide you through cancellation. Open the appointment record and choose Cancel Appointment.,curated_project_dataset,train
935,E-commerce,cancel_order,How do I stop an order before it ships? (request 80),Open your order details and select cancellation if the option is still available.,curated_project_dataset,train
936,E-commerce,track_order,Please help me: My order has not arrived yet.,"Please check the latest tracking update first. If the expected delivery date has passed, contact customer support with your order number.",curated_project_dataset,train
937,Healthcare,medical_report,I want to know: Where can I see my medical report?,"If digital records are available, check your healthcare account or patient portal. Otherwise, contact the healthcare provider that performed the test.",curated_project_dataset,train
938,Healthcare,prescription,How do I view my prescription? (request 56),"If your provider offers online records, sign in to your healthcare account and open the prescription or medication section.",curated_project_dataset,train
939,Healthcare,emergency_guidance,Please help me: I have a severe medical problem. What should I do?,"Seek urgent medical attention immediately, especially if symptoms are severe, sudden, or life-threatening.",curated_project_dataset,test
940,Healthcare,health_insurance,I want to know: Can I use insurance for my hospital visit?,This depends on your plan and the healthcare provider. Confirm eligibility and any pre-authorization requirements with your insurer.,curated_project_dataset,train
941,Healthcare,medical_report,How do I download my lab report? (request 48),"If online access is provided, sign in to the patient portal and look under reports or test results.",curated_project_dataset,train
942,Finance,loan_information,What documents are required for a loan? (request 87),"Requirements depend on the lender and loan type. Commonly requested documents may include identity, income, and address information.",curated_project_dataset,train
943,E-commerce,account_issue,I forgot my account password (request 74),Use the password-reset option associated with your account email or phone number.,curated_project_dataset,train
944,Healthcare,emergency_guidance,When should I seek emergency care? (request 59),"Emergency care may be needed for severe or rapidly worsening symptoms. When in doubt about a potentially serious condition, seek immediate professional medical help.",curated_project_dataset,validation
945,Finance,cash_withdrawal,My ATM transaction failed (request 36),Check your account and ATM transaction status. Contact your bank if money was debited or the issue continues.,curated_project_dataset,validation
946,E-commerce,track_order,Where is my order? (request 53),I can help with order tracking. Please provide your order number or tracking details.,curated_project_dataset,train
947,Finance,bank_account,Can you help me with this? How do I open a bank account? Can you guide me?,"Account-opening requirements vary by bank. Check the bank's official website or branch for eligibility, documents, and application steps.",curated_project_dataset,validation
948,Healthcare,prescription,I lost my prescription. What should I do? (request 95),Contact the prescribing healthcare provider or pharmacist. They can advise whether a replacement or copy can be issued.,curated_project_dataset,test
949,Healthcare,appointment_cancel,I want to know: How do I cancel my appointment?,"You can cancel the appointment from your booking details. If cancellation is unavailable online, contact the healthcare provider.",curated_project_dataset,train
950,Healthcare,symptoms_information,I want information about my symptoms (request 16),"I can provide general health information, but a clinician should evaluate symptoms to determine the appropriate diagnosis and treatment.",curated_project_dataset,train
951,E-commerce,wrong_product,The product I received is not what I ordered (request 55),Please report the mismatch through customer support or the order return process so the issue can be investigated.,curated_project_dataset,validation
952,E-commerce,refund,How does a product refund work? (request 39),"After the return or cancellation is approved, the refund is generally processed to the original payment method, subject to the seller's policy.",curated_project_dataset,test
953,Finance,bank_account,Can I open a bank account online? Can you guide me?,"Many banks offer online account opening, subject to eligibility and verification requirements. Check your bank's official website.",curated_project_dataset,train
954,Finance,fraud_transaction,I think my account has been compromised (request 64),"Contact your bank immediately through an official channel, secure your account credentials, and follow its instructions for protecting the account.",curated_project_dataset,validation
955,Finance,transfer_pending,When will my pending transfer be completed? (request 40),Processing time varies by bank and transfer type. Check the transaction status for the latest update.,curated_project_dataset,train
956,Finance,transfer_failed,The transfer was unsuccessful (request 100),Please review the transaction details and any error message. Your bank can provide the exact reason if the transaction was rejected.,curated_project_dataset,validation
957,Finance,fraud_transaction,I think my account has been compromised (request 68),"Contact your bank immediately through an official channel, secure your account credentials, and follow its instructions for protecting the account.",curated_project_dataset,train
958,E-commerce,wrong_product,The product I received is not what I ordered (request 71),Please report the mismatch through customer support or the order return process so the issue can be investigated.,curated_project_dataset,train
959,E-commerce,delivery_time,When will my order be delivered? (request 93),The estimated delivery date is usually shown in your order details and may depend on your location and shipping method.,curated_project_dataset,train
960,Finance,card_payment,I need help with this: Why did my card payment fail? Can you guide me?,"A card payment may fail because of insufficient funds, incorrect details, security checks, or merchant restrictions.",curated_project_dataset,train
961,Finance,balance_inquiry,Can I check my balance online? (request 100),Yes. Most banks provide balance information through their official online banking or mobile application.,curated_project_dataset,train
962,E-commerce,account_issue,I need help with this: My account is not working.,"Try signing out and back in or resetting your password. If the problem continues, contact customer support.",curated_project_dataset,train
963,E-commerce,damaged_product,I need help with this: What should I do if my item is damaged?,"Keep the product and packaging, document the damage with photos, and submit a damage claim or return request through the order details.",curated_project_dataset,train
964,E-commerce,damaged_product,What should I do if my item is damaged? (request 82),"Keep the product and packaging, document the damage with photos, and submit a damage claim or return request through the order details.",curated_project_dataset,train
965,E-commerce,cancel_order,I want to know: Please cancel my order.,I can guide you through cancellation. Check your order details for the Cancel Order option.,curated_project_dataset,train
966,Healthcare,medical_report,How do I download my lab report? (request 72),"If online access is provided, sign in to the patient portal and look under reports or test results.",curated_project_dataset,train
967,Healthcare,medical_report,Where can I see my medical report? (request 65),"If digital records are available, check your healthcare account or patient portal. Otherwise, contact the healthcare provider that performed the test.",curated_project_dataset,test
968,Healthcare,medical_report,I need help with this: How do I download my lab report?,"If online access is provided, sign in to the patient portal and look under reports or test results.",curated_project_dataset,validation
969,Healthcare,emergency_guidance,This feels like an emergency (request 44),"Please seek immediate emergency medical assistance. If possible, have someone stay with you while help is arranged.",curated_project_dataset,train
970,E-commerce,track_order,What is the status of my order? (request 87),Please provide your order number so the current delivery status can be checked.,curated_project_dataset,train
971,E-commerce,wrong_product,I received the wrong item (request 93),Please report the issue through your order details and provide the order number and photos of the received product if requested.,curated_project_dataset,train
972,Healthcare,prescription,How do I view my prescription? (request 80),"If your provider offers online records, sign in to your healthcare account and open the prescription or medication section.",curated_project_dataset,validation
973,E-commerce,cancel_order,Please cancel my order (request 39),I can guide you through cancellation. Check your order details for the Cancel Order option.,curated_project_dataset,test
974,Healthcare,health_insurance,Does my health insurance cover this treatment? (request 25),"Coverage depends on your insurance plan, provider network, and policy terms. Check your policy or contact your insurer for confirmation.",curated_project_dataset,train
975,Finance,transfer_pending,I want to know: Why is my transfer still pending? Can you guide me?,A transfer may remain pending while the bank processes or verifies it. Check the transaction details for the expected processing time.,curated_project_dataset,train
976,Finance,lost_or_stolen_card,My debit card is missing What should I do?,"If your card is lost or stolen, block it immediately through your bank's official app or contact the bank's customer support.",curated_project_extension,train
977,E-commerce,delivery_time,How long does delivery take? (request 78),"Delivery time varies by location, seller, and shipping option. Check the estimated delivery date shown during checkout or in your order.",curated_project_dataset,train
978,Finance,loan_information,I need help with this: How do I check loan eligibility? Can you guide me?,"Eligibility depends on the lender's criteria, which may include income, credit history, employment, and existing obligations.",curated_project_dataset,train
979,Healthcare,lab_test,I want to know: How do I book a lab test?,"Select the required test, choose an available laboratory or collection service, and confirm the appointment if booking is available.",curated_project_dataset,validation
980,E-commerce,damaged_product,I received a broken product (request 75),Please report the issue promptly through your order support or return process and provide clear photos of the damage.,curated_project_dataset,train
981,Finance,transaction_issue,Why is my transaction not showing? (request 99),Transaction updates can take time depending on the transaction type. Check again later and contact your bank if the expected posting time has passed.,curated_project_dataset,train
982,E-commerce,product_information,Can you help me with this? Does this product have the features I need?,"Please check the product specifications and description. If a required feature is unclear, contact the seller for confirmation.",curated_project_dataset,train
983,Healthcare,appointment_cancel,Please cancel my consultation (request 68),I can guide you through cancellation. Open the appointment record and choose Cancel Appointment.,curated_project_dataset,train
984,Finance,fraud_transaction,I think my account has been compromised (request 40),"Contact your bank immediately through an official channel, secure your account credentials, and follow its instructions for protecting the account.",curated_project_dataset,train
985,Finance,loan_information,What documents are required for a loan? (request 67),"Requirements depend on the lender and loan type. Commonly requested documents may include identity, income, and address information.",curated_project_dataset,train
986,Finance,loan_information,How can I apply for a loan? Can you guide me?,"Loan eligibility, documents, interest rates, and application procedures vary by lender. Check the lender's official application process.",curated_project_dataset,test
987,Healthcare,appointment_booking,Can I make an appointment for tomorrow?,"Yes, if appointments are available. Please select the doctor and check tomorrow's available time slots.",curated_project_dataset,train
988,Healthcare,emergency_guidance,What should I do in a medical emergency? (request 45),"For a serious or life-threatening emergency, seek immediate emergency medical care or contact your local emergency service. Do not rely on a chatbot for emergency treatment.",curated_project_dataset,validation
989,E-commerce,product_information,Is this item available? (request 36),Check the product page for the latest stock status. Availability can change quickly.,curated_project_dataset,train
990,Finance,bank_account,Can I open a bank account online? (request 56),"Many banks offer online account opening, subject to eligibility and verification requirements. Check your bank's official website.",curated_project_dataset,validation
991,Finance,cash_withdrawal,Why did my cash withdrawal fail? (request 99),"A withdrawal may fail because of insufficient funds, card restrictions, ATM issues, or withdrawal limits.",curated_project_dataset,train
992,E-commerce,cancel_order,I need help with this: I want to cancel my order.,"If the order has not shipped, you may be able to cancel it from your order details. Once shipped, cancellation may no longer be available.",curated_project_dataset,validation
993,Finance,bank_account,What documents are needed to open an account? (request 50),Requirements vary by bank and account type. Check the bank's official documentation for current identity and address requirements.,curated_project_dataset,train
994,Finance,transfer_failed,I cannot send money (request 35),"Verify the recipient details and available balance, then try again. If the transfer still fails, contact your bank.",curated_project_dataset,train
995,Finance,cash_withdrawal,I could not withdraw cash (request 37),"Check whether your card is active and whether you have sufficient available balance. If the ATM charged you without dispensing cash, contact your bank promptly.",curated_project_dataset,validation
996,E-commerce,track_order,My order has not arrived yet (request 52),"Please check the latest tracking update first. If the expected delivery date has passed, contact customer support with your order number.",curated_project_dataset,train
997,E-commerce,wrong_product,I want to know: My order contains a different product.,Start a return or replacement request for the incorrect item and follow the seller's instructions.,curated_project_dataset,train
998,Healthcare,lab_test,Where can I get my blood test done? (request 70),You can use an authorized laboratory or collection center. Follow the test-specific preparation instructions provided by your healthcare provider.,curated_project_dataset,train
999,Finance,transfer_failed,Why did my transfer fail? (request 58),"Transfers can fail because of incorrect details, account restrictions, insufficient funds, or bank-side issues. Check the transaction information and contact your bank if needed.",curated_project_dataset,validation
1000,Finance,balance_inquiry,What is my account balance? (request 61),"You can check your current balance through your bank's official mobile app, online banking portal, ATM, or branch.",curated_project_dataset,test
1001,Finance,bank_account,How do I open a bank account? (request 37),"Account-opening requirements vary by bank. Check the bank's official website or branch for eligibility, documents, and application steps.",curated_project_dataset,train
1002,E-commerce,account_issue,My account is not working (request 76),"Try signing out and back in or resetting your password. If the problem continues, contact customer support.",curated_project_dataset,train
1003,E-commerce,payment_failed,My card payment did not go through (request 60),Please verify your card details and contact your bank if the transaction continues to be declined.,curated_project_dataset,train
1004,E-commerce,delivery_time,Can I know the expected delivery date? (request 95),Yes. Check your order details for the current estimated delivery date.,curated_project_dataset,test
1005,E-commerce,cancel_order,Please cancel my order (request 79),I can guide you through cancellation. Check your order details for the Cancel Order option.,curated_project_dataset,train
1006,Finance,bank_account,How do I open a bank account? (request 25),"Account-opening requirements vary by bank. Check the bank's official website or branch for eligibility, documents, and application steps.",curated_project_dataset,train
1007,Healthcare,lab_test,I need information about a medical test (request 60),"Please provide the test name. Preparation, timing, and interpretation can vary by test.",curated_project_dataset,train
1008,Healthcare,prescription,I want to know: Can I get a copy of my prescription?,"You can request a copy from your prescribing doctor or healthcare provider, subject to their procedures.",curated_project_dataset,train
1009,Healthcare,lab_test,Do I need an appointment for a lab test? (request 99),It depends on the laboratory and test. Check the laboratory's booking requirements before visiting.,curated_project_dataset,train
1010,Finance,transfer_pending,My bank transfer has not completed (request 71),"Please check the transfer status and expected processing time. If it remains pending longer than expected, contact your bank.",curated_project_dataset,test
1011,E-commerce,cancel_order,Can I cancel my purchase? (request 78),Cancellation depends on the order status. Please open the order details and check whether the cancellation option is available.,curated_project_dataset,validation
1012,Healthcare,emergency_guidance,This feels like an emergency (request 56),"Please seek immediate emergency medical assistance. If possible, have someone stay with you while help is arranged.",curated_project_dataset,train
1013,Healthcare,symptoms_information,Can you tell me what my symptoms mean? (request 54),Symptoms can have many possible causes. Please consult a healthcare professional for an appropriate evaluation rather than relying on a chatbot for diagnosis.,curated_project_dataset,train
1014,Healthcare,prescription,I need help with this: How do I view my prescription?,"If your provider offers online records, sign in to your healthcare account and open the prescription or medication section.",curated_project_dataset,validation
1015,Finance,credit_card,How can I apply for a credit card? (request 65),Credit-card eligibility and application requirements vary by issuer. Check the issuer's official application process and terms.,curated_project_dataset,train
1016,Finance,lost_or_stolen_card,My ATM card was stolen What should I do?,"If your card is lost or stolen, block it immediately through your bank's official app or contact the bank's customer support.",curated_project_extension,train
1017,E-commerce,cancel_order,Please cancel my order.,I can guide you through cancellation. Check your order details for the Cancel Order option.,curated_project_dataset,train
1018,E-commerce,return_order,How do I return a product? (request 25),"Open your order details, select the return option if eligible, choose a return reason, and follow the provided instructions.",curated_project_dataset,train
1019,Finance,loan_information,How can I apply for a loan? (request 73),"Loan eligibility, documents, interest rates, and application procedures vary by lender. Check the lender's official application process.",curated_project_dataset,validation
1020,Finance,lost_or_stolen_card,I have a problem: My credit card is missing,"If your card is lost or stolen, block it immediately through your bank's official app or contact the bank's customer support.",curated_project_extension,train
1021,Finance,balance_inquiry,I want to know my bank balance (request 63),Please check the balance section of your official banking app or online banking account.,curated_project_dataset,train
1022,Finance,bank_account,I want to open a new bank account (request 27),Choose an appropriate account type and follow the bank's official application process. You may need identity and address documents.,curated_project_dataset,train
1023,Finance,lost_or_stolen_card,I have a problem: I lost my bank card,"If your card is lost or stolen, block it immediately through your bank's official app or contact the bank's customer support.",curated_project_extension,train
1024,E-commerce,track_order,My order has not arrived yet (request 92),"Please check the latest tracking update first. If the expected delivery date has passed, contact customer support with your order number.",curated_project_dataset,train
1025,E-commerce,refund,When will I get my refund? (request 65),Refund timing depends on the payment method and seller's processing time. Check your order's refund status for the latest update.,curated_project_dataset,validation
1026,Healthcare,prescription,I lost my prescription. What should I do? (request 83),Contact the prescribing healthcare provider or pharmacist. They can advise whether a replacement or copy can be issued.,curated_project_dataset,train
1027,Healthcare,medication_information,How should I learn about my prescribed medicine? (request 55),"Review the prescription and medication leaflet, and ask your doctor or pharmacist about dosage, interactions, and precautions.",curated_project_dataset,test
1028,Finance,loan_information,How can I apply for a loan? (request 25),"Loan eligibility, documents, interest rates, and application procedures vary by lender. Check the lender's official application process.",curated_project_dataset,train
1029,Finance,cash_withdrawal,I want to know: My ATM transaction failed. Can you guide me?,Check your account and ATM transaction status. Contact your bank if money was debited or the issue continues.,curated_project_dataset,train
1030,Finance,bank_account,I want to know: Can I open a bank account online? Can you guide me?,"Many banks offer online account opening, subject to eligibility and verification requirements. Check your bank's official website.",curated_project_dataset,train
1031,E-commerce,payment_failed,I need help with this: My payment failed.,"Please verify your payment details, available funds, and any bank authentication requirements, then try again.",curated_project_dataset,train
1032,E-commerce,account_issue,I cannot access my shopping account (request 61),"Use the account recovery or password-reset option. If you still cannot sign in, contact customer support through the official channel.",curated_project_dataset,train
1033,Finance,cash_withdrawal,My ATM transaction failed (request 72),Check your account and ATM transaction status. Contact your bank if money was debited or the issue continues.,curated_project_dataset,train
1034,Finance,card_payment,My card payment was declined (request 69),"Check your card status, available funds, payment details, and any bank security restrictions. Contact your bank if the decline continues.",curated_project_dataset,train
1035,E-commerce,wrong_product,My order contains a different product (request 42),Start a return or replacement request for the incorrect item and follow the seller's instructions.,curated_project_dataset,train
1036,Healthcare,medical_report,I want to know: I received my test report. What does it mean?,"Please discuss the report with your healthcare professional, who can interpret the findings using your clinical history and examination.",curated_project_dataset,train
1037,E-commerce,refund,My refund has not arrived (request 82),"Please check the refund status and original payment method. If the stated processing period has passed, contact customer support with your order details.",curated_project_dataset,train
1038,Healthcare,medication_information,How should I learn about my prescribed medicine?,"Review the prescription and medication leaflet, and ask your doctor or pharmacist about dosage, interactions, and precautions.",curated_project_dataset,validation
1039,Healthcare,lab_test,Do I need an appointment for a lab test? (request 95),It depends on the laboratory and test. Check the laboratory's booking requirements before visiting.,curated_project_dataset,train
1040,Finance,transfer_failed,I want to know: My money transfer failed. Can you guide me?,"Please check the transfer details and your account status. If the problem persists, contact your bank for the specific reason for failure.",curated_project_dataset,train
1041,Finance,fraud_transaction,I need help with this: Someone may have used my card. Can you guide me?,"Contact your card issuer immediately using the official number or app, secure your account, and follow the issuer's instructions for reporting suspected fraud.",curated_project_dataset,train
1042,Finance,fraud_transaction,I want to know: I do not recognize a transaction. Can you guide me?,"If you do not recognize a transaction, contact your bank or card issuer through its official channel immediately and follow its fraud-reporting process.",curated_project_dataset,train
1043,Finance,fraud_transaction,There is a suspicious transaction on my account (request 99),Review the transaction and report it to your bank promptly if you did not authorize it. Use only official banking contact channels.,curated_project_dataset,train
1044,Healthcare,health_insurance,Does my health insurance cover this treatment? (request 33),"Coverage depends on your insurance plan, provider network, and policy terms. Check your policy or contact your insurer for confirmation.",curated_project_dataset,train
1045,Finance,fraud_transaction,Someone may have used my card (request 98),"Contact your card issuer immediately using the official number or app, secure your account, and follow the issuer's instructions for reporting suspected fraud.",curated_project_dataset,test
1046,E-commerce,product_information,I want to know: How can I get information about a product?,"Open the product page to view its description, specifications, availability, price, and seller information.",curated_project_dataset,train
1047,Finance,transaction_issue,Why is my transaction not showing? (request 39),Transaction updates can take time depending on the transaction type. Check again later and contact your bank if the expected posting time has passed.,curated_project_dataset,validation
1048,Healthcare,prescription,I lost my prescription. What should I do?,Contact the prescribing healthcare provider or pharmacist. They can advise whether a replacement or copy can be issued.,curated_project_dataset,train
1049,Healthcare,appointment_cancel,Can I cancel my appointment today? (request 63),"Yes, if cancellation is allowed by the provider. Please check your appointment details for the applicable cancellation policy.",curated_project_dataset,validation
1050,Healthcare,emergency_guidance,I want to know: I have a severe medical problem. What should I do?,"Seek urgent medical attention immediately, especially if symptoms are severe, sudden, or life-threatening.",curated_project_dataset,train
1051,E-commerce,wrong_product,I received the wrong item (request 33),Please report the issue through your order details and provide the order number and photos of the received product if requested.,curated_project_dataset,train
1052,Finance,credit_card,I need help with this: How can I apply for a credit card? Can you guide me?,Credit-card eligibility and application requirements vary by issuer. Check the issuer's official application process and terms.,curated_project_dataset,train
1053,E-commerce,return_order,Can you help me with this? How do I return a product?,"Open your order details, select the return option if eligible, choose a return reason, and follow the provided instructions.",curated_project_dataset,train
1054,Healthcare,lab_test,How do I book a lab test? (request 5),"Select the required test, choose an available laboratory or collection service, and confirm the appointment if booking is available.",curated_project_dataset,train
1055,Healthcare,appointment_reschedule,I need to reschedule my doctor's visit (request 34),"Open your appointment and select Reschedule, then choose another available date and time.",curated_project_dataset,train
1056,E-commerce,payment_failed,My payment failed (request 93),"Please verify your payment details, available funds, and any bank authentication requirements, then try again.",curated_project_dataset,train
1057,E-commerce,cancel_order,I want to cancel my order (request 53),"If the order has not shipped, you may be able to cancel it from your order details. Once shipped, cancellation may no longer be available.",curated_project_dataset,train
1058,E-commerce,delivery_time,Do you offer fast delivery? (request 60),"Available delivery speeds depend on the product, seller, location, and shipping options shown at checkout.",curated_project_dataset,validation
1059,Healthcare,medication_information,Can you give me information about a medicine? (request 78),"Please provide the medicine name. I can give general information, but medication decisions should be confirmed with a qualified healthcare professional.",curated_project_dataset,train
1060,E-commerce,payment_failed,My card payment did not go through.,Please verify your card details and contact your bank if the transaction continues to be declined.,curated_project_dataset,train
1061,Finance,fraud_transaction,Someone may have used my card (request 26),"Contact your card issuer immediately using the official number or app, secure your account, and follow the issuer's instructions for reporting suspected fraud.",curated_project_dataset,train
1062,Healthcare,emergency_guidance,This feels like an emergency (request 72),"Please seek immediate emergency medical assistance. If possible, have someone stay with you while help is arranged.",curated_project_dataset,train
1063,Healthcare,medical_report,How do I download my lab report? (request 88),"If online access is provided, sign in to the patient portal and look under reports or test results.",curated_project_dataset,validation
1064,E-commerce,delivery_time,When will my order be delivered? (request 69),The estimated delivery date is usually shown in your order details and may depend on your location and shipping method.,curated_project_dataset,train
1065,E-commerce,return_order,How do I return a product? (request 57),"Open your order details, select the return option if eligible, choose a return reason, and follow the provided instructions.",curated_project_dataset,train
1066,Healthcare,health_insurance,I need information about health insurance (request 40),"Please specify whether you need help with coverage, claims, eligibility, or policy information so the appropriate guidance can be provided.",curated_project_dataset,train
1067,Finance,loan_information,Please help me: I need information about a personal loan. Can you guide me?,"Personal-loan terms vary by lender, including eligibility, interest rate, tenure, and fees. Review the lender's official terms before applying.",curated_project_dataset,validation
1068,Finance,card_payment,I need help with this: My card payment was declined. Can you guide me?,"Check your card status, available funds, payment details, and any bank security restrictions. Contact your bank if the decline continues.",curated_project_dataset,test
1069,Finance,transaction_issue,I want to know: My transaction looks incorrect. Can you guide me?,"Please verify the amount, date, and transaction details. If you do not recognize or agree with the transaction, contact your bank promptly.",curated_project_dataset,train
1070,Healthcare,appointment_booking,I need to schedule a consultation (request 98),Sure. Please choose the required doctor or specialty and select an available appointment slot.,curated_project_dataset,train
1071,Finance,card_payment,My card payment was declined.,"Check your card status, available funds, payment details, and any bank security restrictions. Contact your bank if the decline continues.",curated_project_dataset,validation
1072,Healthcare,medical_report,I need help with this: I received my test report. What does it mean?,"Please discuss the report with your healthcare professional, who can interpret the findings using your clinical history and examination.",curated_project_dataset,train
1073,E-commerce,refund,I want to know my refund status (request 92),Please provide your order details or check the refund section of your account for the latest status.,curated_project_dataset,validation
1074,Finance,card_payment,My debit card payment did not work (request 92),"Please check your card balance and status. If the issue continues, contact your bank for assistance.",curated_project_dataset,train
1075,E-commerce,refund,How does a product refund work? (request 91),"After the return or cancellation is approved, the refund is generally processed to the original payment method, subject to the seller's policy.",curated_project_dataset,train
1076,E-commerce,payment_failed,My payment failed (request 53),"Please verify your payment details, available funds, and any bank authentication requirements, then try again.",curated_project_dataset,train
1077,Healthcare,lab_test,Do I need an appointment for a lab test? (request 55),It depends on the laboratory and test. Check the laboratory's booking requirements before visiting.,curated_project_dataset,train
1078,Finance,transfer_failed,The transfer was unsuccessful (request 80),Please review the transaction details and any error message. Your bank can provide the exact reason if the transaction was rejected.,curated_project_dataset,train
1079,E-commerce,cancel_order,I need help with this: Can I cancel my purchase?,Cancellation depends on the order status. Please open the order details and check whether the cancellation option is available.,curated_project_dataset,train
1080,Finance,balance_inquiry,What is my account balance? (request 81),"You can check your current balance through your bank's official mobile app, online banking portal, ATM, or branch.",curated_project_dataset,train
1081,Healthcare,emergency_guidance,When should I seek emergency care? (request 99),"Emergency care may be needed for severe or rapidly worsening symptoms. When in doubt about a potentially serious condition, seek immediate professional medical help.",curated_project_dataset,train
1082,Healthcare,emergency_guidance,I have a severe medical problem. What should I do? (request 46),"Seek urgent medical attention immediately, especially if symptoms are severe, sudden, or life-threatening.",curated_project_dataset,train
1083,Finance,transaction_issue,There is a problem with my transaction (request 49),"Review the transaction details and status in your banking account. If the issue is unresolved, contact your bank with the transaction reference.",curated_project_dataset,train
1084,Healthcare,symptoms_information,I have been feeling unwell. What should I do? (request 83),"If symptoms are mild, monitor them and consider contacting a healthcare professional. Seek urgent medical care if symptoms are severe or rapidly worsening.",curated_project_dataset,test
1085,Finance,transfer_failed,My money transfer failed (request 85),"Please check the transfer details and your account status. If the problem persists, contact your bank for the specific reason for failure.",curated_project_dataset,train
1086,Finance,balance_inquiry,I need help with this: Can I check my balance online? Can you guide me?,Yes. Most banks provide balance information through their official online banking or mobile application.,curated_project_dataset,train
1087,Healthcare,appointment_reschedule,Can I move my appointment to next week? (request 71),You can reschedule if the provider has an available slot next week.,curated_project_dataset,test
1088,Healthcare,medication_information,I want information about my medication (request 52),Please share the medicine name if you want general information. Do not change the prescribed dose without consulting your healthcare professional.,curated_project_dataset,validation
1089,E-commerce,wrong_product,I received the wrong item (request 37),Please report the issue through your order details and provide the order number and photos of the received product if requested.,curated_project_dataset,train
1090,Finance,card_payment,My debit card payment did not work (request 60),"Please check your card balance and status. If the issue continues, contact your bank for assistance.",curated_project_dataset,validation
1091,Finance,lost_or_stolen_card,Please assist me. My ATM card was stolen,"If your card is lost or stolen, block it immediately through your bank's official app or contact the bank's customer support.",curated_project_extension,test
1092,Healthcare,appointment_reschedule,I need to reschedule my doctor's visit (request 82),"Open your appointment and select Reschedule, then choose another available date and time.",curated_project_dataset,validation
1093,Finance,lost_or_stolen_card,"Please help, I misplaced my bank card","If your card is lost or stolen, block it immediately through your bank's official app or contact the bank's customer support.",curated_project_extension,train
1094,E-commerce,cancel_order,Can you help me with this? I want to cancel my order.,"If the order has not shipped, you may be able to cancel it from your order details. Once shipped, cancellation may no longer be available.",curated_project_dataset,train
1095,Finance,lost_or_stolen_card,Please assist me. Someone stole my card,"If your card is lost or stolen, block it immediately through your bank's official app or contact the bank's customer support.",curated_project_extension,validation
1096,Healthcare,medication_information,Can you give me information about a medicine? (request 34),"Please provide the medicine name. I can give general information, but medication decisions should be confirmed with a qualified healthcare professional.",curated_project_dataset,train
1097,E-commerce,wrong_product,I received the wrong item (request 25),Please report the issue through your order details and provide the order number and photos of the received product if requested.,curated_project_dataset,train
1098,Healthcare,lab_test,I need help with this: I need information about a medical test.,"Please provide the test name. Preparation, timing, and interpretation can vary by test.",curated_project_dataset,train
1099,E-commerce,account_issue,I forgot my account password (request 66),Use the password-reset option associated with your account email or phone number.,curated_project_dataset,test
1100,E-commerce,track_order,My order has not arrived yet (request 60),"Please check the latest tracking update first. If the expected delivery date has passed, contact customer support with your order number.",curated_project_dataset,test
1101,Finance,credit_card,I need help with this: I need help with my credit card. Can you guide me?,"Please specify whether you need help with payments, limits, transactions, fees, or card access so the appropriate guidance can be provided.",curated_project_dataset,train
1102,Finance,credit_card,What is my credit card limit? (request 54),"Your current credit limit is available through your card issuer's official app, online account, statement, or customer service.",curated_project_dataset,train
1103,Finance,cash_withdrawal,My ATM transaction failed (request 64),Check your account and ATM transaction status. Contact your bank if money was debited or the issue continues.,curated_project_dataset,train
1104,Healthcare,health_insurance,Can I use insurance for my hospital visit? (request 39),This depends on your plan and the healthcare provider. Confirm eligibility and any pre-authorization requirements with your insurer.,curated_project_dataset,train
1105,Finance,transaction_issue,Why is my transaction not showing? (request 51),Transaction updates can take time depending on the transaction type. Check again later and contact your bank if the expected posting time has passed.,curated_project_dataset,train
1106,Finance,transfer_pending,Why is my transfer still pending?,A transfer may remain pending while the bank processes or verifies it. Check the transaction details for the expected processing time.,curated_project_dataset,train
1107,Finance,transfer_pending,When will my pending transfer be completed? (request 32),Processing time varies by bank and transfer type. Check the transaction status for the latest update.,curated_project_dataset,train
1108,Healthcare,appointment_cancel,How do I cancel my appointment? (request 61),"You can cancel the appointment from your booking details. If cancellation is unavailable online, contact the healthcare provider.",curated_project_dataset,test
1109,Healthcare,medication_information,Can you give me information about a medicine? (request 74),"Please provide the medicine name. I can give general information, but medication decisions should be confirmed with a qualified healthcare professional.",curated_project_dataset,train
1110,E-commerce,delivery_time,When will my order be delivered? (request 49),The estimated delivery date is usually shown in your order details and may depend on your location and shipping method.,curated_project_dataset,validation
1111,E-commerce,cancel_order,How do I stop an order before it ships? (request 32),Open your order details and select cancellation if the option is still available.,curated_project_dataset,train
1112,Healthcare,prescription,Can I get a copy of my prescription? (request 62),"You can request a copy from your prescribing doctor or healthcare provider, subject to their procedures.",curated_project_dataset,train
1113,Finance,credit_card,What is my credit card limit?,"Your current credit limit is available through your card issuer's official app, online account, statement, or customer service.",curated_project_dataset,test
1114,Finance,fraud_transaction,There is a suspicious transaction on my account (request 51),Review the transaction and report it to your bank promptly if you did not authorize it. Use only official banking contact channels.,curated_project_dataset,train
1115,Finance,lost_or_stolen_card,I need help: I cannot find my credit card,"If your card is lost or stolen, block it immediately through your bank's official app or contact the bank's customer support.",curated_project_extension,train
1116,E-commerce,damaged_product,My product arrived damaged (request 45),"Please take photos of the damaged item and packaging, then report the issue through the order's return or support process as soon as possible.",curated_project_dataset,test
1117,E-commerce,damaged_product,The package arrived damaged (request 60),Document the package condition and contact customer support or the seller with your order number and photos.,curated_project_dataset,train
1118,E-commerce,wrong_product,I received the wrong item (request 57),Please report the issue through your order details and provide the order number and photos of the received product if requested.,curated_project_dataset,test
1119,Healthcare,lab_test,Do I need an appointment for a lab test? (request 31),It depends on the laboratory and test. Check the laboratory's booking requirements before visiting.,curated_project_dataset,test
1120,Finance,cash_withdrawal,I could not withdraw cash (request 45),"Check whether your card is active and whether you have sufficient available balance. If the ATM charged you without dispensing cash, contact your bank promptly.",curated_project_dataset,train
1121,Healthcare,symptoms_information,I want information about my symptoms (request 32),"I can provide general health information, but a clinician should evaluate symptoms to determine the appropriate diagnosis and treatment.",curated_project_dataset,validation
1122,E-commerce,damaged_product,The product arrived damaged,I'm sorry the product arrived damaged. Please provide your order details and use the return or replacement option.,curated_project_extension,train
1123,Healthcare,health_insurance,Can I use insurance for my hospital visit? (request 99),This depends on your plan and the healthcare provider. Confirm eligibility and any pre-authorization requirements with your insurer.,curated_project_dataset,train
1124,E-commerce,account_issue,Can you help me with this? My account is not working.,"Try signing out and back in or resetting your password. If the problem continues, contact customer support.",curated_project_dataset,validation
1125,Healthcare,medication_information,I want information about my medication (request 48),Please share the medicine name if you want general information. Do not change the prescribed dose without consulting your healthcare professional.,curated_project_dataset,train
1126,E-commerce,delivery_time,When will my order be delivered? (request 29),The estimated delivery date is usually shown in your order details and may depend on your location and shipping method.,curated_project_dataset,train
1127,Healthcare,emergency_guidance,When should I seek emergency care? (request 15),"Emergency care may be needed for severe or rapidly worsening symptoms. When in doubt about a potentially serious condition, seek immediate professional medical help.",curated_project_dataset,test
1128,Finance,transfer_pending,When will my pending transfer be completed? (request 60),Processing time varies by bank and transfer type. Check the transaction status for the latest update.,curated_project_dataset,train
1129,Healthcare,symptoms_information,Can you help me with this? I have been feeling unwell. What should I do?,"If symptoms are mild, monitor them and consider contacting a healthcare professional. Seek urgent medical care if symptoms are severe or rapidly worsening.",curated_project_dataset,train
1130,E-commerce,refund,I want to know my refund status (request 68),Please provide your order details or check the refund section of your account for the latest status.,curated_project_dataset,train
1131,Finance,transaction_issue,My transaction looks incorrect (request 82),"Please verify the amount, date, and transaction details. If you do not recognize or agree with the transaction, contact your bank promptly.",curated_project_dataset,train
1132,Finance,transfer_failed,The transfer was unsuccessful (request 76),Please review the transaction details and any error message. Your bank can provide the exact reason if the transaction was rejected.,curated_project_dataset,train
1133,Healthcare,lab_test,Do I need an appointment for a lab test? (request 63),It depends on the laboratory and test. Check the laboratory's booking requirements before visiting.,curated_project_dataset,validation
1134,E-commerce,payment_failed,My card payment did not go through (request 44),Please verify your card details and contact your bank if the transaction continues to be declined.,curated_project_dataset,train
1135,Healthcare,health_insurance,I need information about health insurance (request 44),"Please specify whether you need help with coverage, claims, eligibility, or policy information so the appropriate guidance can be provided.",curated_project_dataset,test
1136,E-commerce,payment_failed,Can you help me with this? My payment failed.,"Please verify your payment details, available funds, and any bank authentication requirements, then try again.",curated_project_dataset,test
1137,Healthcare,appointment_reschedule,I need to reschedule my doctor's visit (request 78),"Open your appointment and select Reschedule, then choose another available date and time.",curated_project_dataset,train
1138,E-commerce,track_order,My order has not arrived yet (request 76),"Please check the latest tracking update first. If the expected delivery date has passed, contact customer support with your order number.",curated_project_dataset,train
1139,Healthcare,prescription,How do I view my prescription?,"If your provider offers online records, sign in to your healthcare account and open the prescription or medication section.",curated_project_dataset,train
1140,Finance,lost_or_stolen_card,I lost my bank card Please tell me what to do.,"If your card is lost or stolen, block it immediately through your bank's official app or contact the bank's customer support.",curated_project_extension,validation
1141,Finance,fraud_transaction,Someone may have used my card (request 50),"Contact your card issuer immediately using the official number or app, secure your account, and follow the issuer's instructions for reporting suspected fraud.",curated_project_dataset,train
1142,Finance,loan_information,I need information about a personal loan (request 58),"Personal-loan terms vary by lender, including eligibility, interest rate, tenure, and fees. Review the lender's official terms before applying.",curated_project_dataset,train
1143,Healthcare,appointment_reschedule,Can I change my appointment time? (request 89),"Yes. If another slot is available, you can reschedule the appointment from your booking details.",curated_project_dataset,validation
1144,Finance,credit_card,How can I apply for a credit card? (request 49),Credit-card eligibility and application requirements vary by issuer. Check the issuer's official application process and terms.,curated_project_dataset,validation
1145,Healthcare,health_insurance,I need information about health insurance (request 80),"Please specify whether you need help with coverage, claims, eligibility, or policy information so the appropriate guidance can be provided.",curated_project_dataset,validation
1146,Healthcare,medical_report,How do I download my lab report?,"If online access is provided, sign in to the patient portal and look under reports or test results.",curated_project_dataset,train
1147,E-commerce,payment_failed,I cannot complete my payment (request 35),"Check the payment method and billing details, then retry. If it still fails, try another supported payment method.",curated_project_dataset,validation
1148,E-commerce,product_information,How can I get information about a product? (request 89),"Open the product page to view its description, specifications, availability, price, and seller information.",curated_project_dataset,train
1149,Healthcare,symptoms_information,I have been feeling unwell. What should I do?,"If symptoms are mild, monitor them and consider contacting a healthcare professional. Seek urgent medical care if symptoms are severe or rapidly worsening.",curated_project_dataset,validation
1150,Healthcare,medication_information,What is this medicine used for? (request 81),Medication uses depend on the specific medicine and your circumstances. Check the medicine label or consult a pharmacist or doctor for reliable guidance.,curated_project_dataset,train
1151,Finance,transfer_pending,My bank transfer has not completed. Can you guide me?,"Please check the transfer status and expected processing time. If it remains pending longer than expected, contact your bank.",curated_project_dataset,train
1152,E-commerce,account_issue,I cannot access my shopping account (request 53),"Use the account recovery or password-reset option. If you still cannot sign in, contact customer support through the official channel.",curated_project_dataset,train
1153,E-commerce,product_information,How can I get information about a product? (request 29),"Open the product page to view its description, specifications, availability, price, and seller information.",curated_project_dataset,train
1154,E-commerce,cancel_order,Please cancel my order (request 99),I can guide you through cancellation. Check your order details for the Cancel Order option.,curated_project_dataset,test
1155,E-commerce,damaged_product,My product arrived damaged (request 41),"Please take photos of the damaged item and packaging, then report the issue through the order's return or support process as soon as possible.",curated_project_dataset,train
1156,Healthcare,appointment_booking,How can I book a doctor appointment? (request 81),"You can book an appointment by selecting a doctor, choosing an available date and time, and confirming the booking.",curated_project_dataset,train
1157,E-commerce,return_order,How do I return a product? (request 17),"Open your order details, select the return option if eligible, choose a return reason, and follow the provided instructions.",curated_project_dataset,train
1158,Healthcare,emergency_guidance,This feels like an emergency (request 84),"Please seek immediate emergency medical assistance. If possible, have someone stay with you while help is arranged.",curated_project_dataset,train
1159,Finance,cash_withdrawal,Why did my cash withdrawal fail? (request 75),"A withdrawal may fail because of insufficient funds, card restrictions, ATM issues, or withdrawal limits.",curated_project_dataset,train
1160,E-commerce,product_information,Is this item available? (request 68),Check the product page for the latest stock status. Availability can change quickly.,curated_project_dataset,test
1161,Healthcare,appointment_reschedule,How can I change my consultation date? (request 36),Use the reschedule option in your appointment details and select a new available date.,curated_project_dataset,train
1162,Healthcare,appointment_reschedule,Can I move my appointment to next week? (request 39),You can reschedule if the provider has an available slot next week.,curated_project_dataset,train
1163,Finance,transfer_failed,My money transfer failed (request 97),"Please check the transfer details and your account status. If the problem persists, contact your bank for the specific reason for failure.",curated_project_dataset,train
1164,Healthcare,emergency_guidance,This feels like an emergency (request 80),"Please seek immediate emergency medical assistance. If possible, have someone stay with you while help is arranged.",curated_project_dataset,train
1165,Finance,balance_inquiry,I want to know: Can I check my balance online? Can you guide me?,Yes. Most banks provide balance information through their official online banking or mobile application.,curated_project_dataset,train
1166,Finance,balance_inquiry,I want to know my bank balance (request 75),Please check the balance section of your official banking app or online banking account.,curated_project_dataset,validation
1167,Healthcare,symptoms_information,I need help with this: Can you tell me what my symptoms mean?,Symptoms can have many possible causes. Please consult a healthcare professional for an appropriate evaluation rather than relying on a chatbot for diagnosis.,curated_project_dataset,train
1168,Finance,transfer_failed,Why did my transfer fail? (request 70),"Transfers can fail because of incorrect details, account restrictions, insufficient funds, or bank-side issues. Check the transaction information and contact your bank if needed.",curated_project_dataset,test
1169,E-commerce,product_information,Where can I find product specifications? (request 91),Product specifications are usually listed on the product page under the description or specifications section.,curated_project_dataset,validation
1170,Healthcare,lab_test,How do I book a lab test? (request 69),"Select the required test, choose an available laboratory or collection service, and confirm the appointment if booking is available.",curated_project_dataset,train
1171,Healthcare,symptoms_information,I want information about my symptoms (request 64),"I can provide general health information, but a clinician should evaluate symptoms to determine the appropriate diagnosis and treatment.",curated_project_dataset,train
1172,Healthcare,appointment_cancel,I want to know: Please cancel my consultation.,I can guide you through cancellation. Open the appointment record and choose Cancel Appointment.,curated_project_dataset,train
1173,Finance,balance_inquiry,How can I check my balance? (request 66),Use your bank's official app or online banking service to view your current account balance.,curated_project_dataset,test
1174,Healthcare,emergency_guidance,What should I do in a medical emergency? (request 97),"For a serious or life-threatening emergency, seek immediate emergency medical care or contact your local emergency service. Do not rely on a chatbot for emergency treatment.",curated_project_dataset,train
1175,E-commerce,cancel_order,Can I cancel my purchase? (request 54),Cancellation depends on the order status. Please open the order details and check whether the cancellation option is available.,curated_project_dataset,train
1176,Healthcare,lab_test,Do I need an appointment for a lab test? (request 75),It depends on the laboratory and test. Check the laboratory's booking requirements before visiting.,curated_project_dataset,validation
1177,Healthcare,emergency_guidance,What should I do in a medical emergency? (request 85),"For a serious or life-threatening emergency, seek immediate emergency medical care or contact your local emergency service. Do not rely on a chatbot for emergency treatment.",curated_project_dataset,train
1178,E-commerce,wrong_product,I received the wrong item (request 85),Please report the issue through your order details and provide the order number and photos of the received product if requested.,curated_project_dataset,validation
1179,Finance,transfer_pending,My money transfer is pending (request 41),Pending transfers can take time depending on the bank and transfer type. Please check the transaction status and contact your bank if it remains pending beyond the expected processing period.,curated_project_dataset,validation
1180,Healthcare,prescription,Where can I find my prescription? (request 45),Your prescription may be available in your healthcare account or provided by your doctor. Check your medical records or contact the clinic.,curated_project_dataset,train
1181,E-commerce,damaged_product,I received a broken product (request 71),Please report the issue promptly through your order support or return process and provide clear photos of the damage.,curated_project_dataset,train
1182,Healthcare,appointment_booking,Can I make an appointment for tomorrow? (request 31),"Yes, if appointments are available. Please select the doctor and check tomorrow's available time slots.",curated_project_dataset,test
1183,E-commerce,damaged_product,I received a broken product (request 39),Please report the issue promptly through your order support or return process and provide clear photos of the damage.,curated_project_dataset,validation
1184,Healthcare,health_insurance,Can you help me with this? Does my health insurance cover this treatment?,"Coverage depends on your insurance plan, provider network, and policy terms. Check your policy or contact your insurer for confirmation.",curated_project_dataset,train
1185,Healthcare,appointment_cancel,I need to cancel my doctor's appointment (request 54),Please open your appointment details and select the cancellation option. Check the provider's cancellation policy for any applicable conditions.,curated_project_dataset,train
1186,Finance,loan_information,How do I check loan eligibility? (request 64),"Eligibility depends on the lender's criteria, which may include income, credit history, employment, and existing obligations.",curated_project_dataset,train
1187,E-commerce,return_order,I want to return something I bought (request 62),You can request a return from the order details if the item meets the seller's return conditions.,curated_project_dataset,train
1188,Finance,credit_card,I need help with this: What is my credit card limit? Can you guide me?,"Your current credit limit is available through your card issuer's official app, online account, statement, or customer service.",curated_project_dataset,train
1189,Healthcare,emergency_guidance,I have a severe medical problem. What should I do? (request 42),"Seek urgent medical attention immediately, especially if symptoms are severe, sudden, or life-threatening.",curated_project_dataset,validation
1190,Healthcare,emergency_guidance,I have a severe medical problem. What should I do? (request 26),"Seek urgent medical attention immediately, especially if symptoms are severe, sudden, or life-threatening.",curated_project_dataset,test
1191,Finance,lost_or_stolen_card,I lost my bank card What should I do?,"If your card is lost or stolen, block it immediately through your bank's official app or contact the bank's customer support.",curated_project_extension,train
1192,Healthcare,appointment_booking,Can I make an appointment for tomorrow? (request 63),"Yes, if appointments are available. Please select the doctor and check tomorrow's available time slots.",curated_project_dataset,train
1193,Healthcare,appointment_reschedule,How can I change my consultation date? (request 76),Use the reschedule option in your appointment details and select a new available date.,curated_project_dataset,train
1194,E-commerce,refund,My refund has not arrived.,"Please check the refund status and original payment method. If the stated processing period has passed, contact customer support with your order details.",curated_project_dataset,train
1195,Finance,loan_information,How can I apply for a loan? (request 81),"Loan eligibility, documents, interest rates, and application procedures vary by lender. Check the lender's official application process.",curated_project_dataset,train
1196,Finance,transaction_issue,My transaction looks incorrect.,"Please verify the amount, date, and transaction details. If you do not recognize or agree with the transaction, contact your bank promptly.",curated_project_dataset,train
1197,E-commerce,refund,How does a product refund work? (request 43),"After the return or cancellation is approved, the refund is generally processed to the original payment method, subject to the seller's policy.",curated_project_dataset,train
1198,Healthcare,health_insurance,Does my health insurance cover this treatment? (request 61),"Coverage depends on your insurance plan, provider network, and policy terms. Check your policy or contact your insurer for confirmation.",curated_project_dataset,validation
1199,Finance,bank_account,I want to open a new bank account. Can you guide me?,Choose an appropriate account type and follow the bank's official application process. You may need identity and address documents.,curated_project_dataset,test
1200,Finance,transfer_pending,I want to know: When will my pending transfer be completed? Can you guide me?,Processing time varies by bank and transfer type. Check the transaction status for the latest update.,curated_project_dataset,test
1201,E-commerce,track_order,How can I track my package? (request 46),Use the tracking link in your order details or provide your order number to check the shipment status.,curated_project_dataset,train
1202,Finance,transaction_issue,My transaction looks incorrect (request 30),"Please verify the amount, date, and transaction details. If you do not recognize or agree with the transaction, contact your bank promptly.",curated_project_dataset,test
1203,Healthcare,lab_test,Please help me: How do I book a lab test?,"Select the required test, choose an available laboratory or collection service, and confirm the appointment if booking is available.",curated_project_dataset,train
1204,Healthcare,emergency_guidance,This feels like an emergency (request 92),"Please seek immediate emergency medical assistance. If possible, have someone stay with you while help is arranged.",curated_project_dataset,train
1205,Finance,cash_withdrawal,I could not withdraw cash (request 73),"Check whether your card is active and whether you have sufficient available balance. If the ATM charged you without dispensing cash, contact your bank promptly.",curated_project_dataset,test
1206,Finance,loan_information,I want to know: How do I check loan eligibility? Can you guide me?,"Eligibility depends on the lender's criteria, which may include income, credit history, employment, and existing obligations.",curated_project_dataset,train
1207,Healthcare,appointment_cancel,I need to cancel my doctor's appointment (request 62),Please open your appointment details and select the cancellation option. Check the provider's cancellation policy for any applicable conditions.,curated_project_dataset,train
1208,E-commerce,cancel_order,I want to cancel my order (request 73),"If the order has not shipped, you may be able to cancel it from your order details. Once shipped, cancellation may no longer be available.",curated_project_dataset,train
1209,E-commerce,damaged_product,Please help me: My product arrived damaged.,"Please take photos of the damaged item and packaging, then report the issue through the order's return or support process as soon as possible.",curated_project_dataset,test
1210,Healthcare,appointment_cancel,Can I cancel my appointment today? (request 71),"Yes, if cancellation is allowed by the provider. Please check your appointment details for the applicable cancellation policy.",curated_project_dataset,train
1211,E-commerce,product_information,Where can I find product specifications? (request 83),Product specifications are usually listed on the product page under the description or specifications section.,curated_project_dataset,train
1212,Healthcare,appointment_reschedule,Please help me: How can I change my consultation date?,Use the reschedule option in your appointment details and select a new available date.,curated_project_dataset,train
1213,Finance,transfer_failed,I cannot send money (request 67),"Verify the recipient details and available balance, then try again. If the transfer still fails, contact your bank.",curated_project_dataset,train
1214,Healthcare,medication_information,What is this medicine used for? (request 85),Medication uses depend on the specific medicine and your circumstances. Check the medicine label or consult a pharmacist or doctor for reliable guidance.,curated_project_dataset,train
1215,Healthcare,health_insurance,How can I check my medical insurance coverage? (request 70),Review your policy documents or contact the insurer using the official customer-service channel to confirm coverage.,curated_project_dataset,train
1216,E-commerce,account_issue,I cannot access my shopping account (request 33),"Use the account recovery or password-reset option. If you still cannot sign in, contact customer support through the official channel.",curated_project_dataset,validation
1217,E-commerce,product_information,Where can I find product specifications? (request 27),Product specifications are usually listed on the product page under the description or specifications section.,curated_project_dataset,validation
1218,Finance,cash_withdrawal,The ATM did not give me cash (request 58),"If your account was debited, keep the ATM receipt or transaction details and contact your bank immediately for investigation.",curated_project_dataset,train
1219,Healthcare,lab_test,How do I book a lab test? (request 85),"Select the required test, choose an available laboratory or collection service, and confirm the appointment if booking is available.",curated_project_dataset,train
1220,E-commerce,refund,How does a product refund work? (request 75),"After the return or cancellation is approved, the refund is generally processed to the original payment method, subject to the seller's policy.",curated_project_dataset,train
1221,Healthcare,medical_report,How do I download my lab report? (request 60),"If online access is provided, sign in to the patient portal and look under reports or test results.",curated_project_dataset,train
1222,Finance,transfer_pending,I need help with this: Why is my transfer still pending? Can you guide me?,A transfer may remain pending while the bank processes or verifies it. Check the transaction details for the expected processing time.,curated_project_dataset,train
1223,Healthcare,appointment_cancel,I need to cancel my doctor's appointment (request 42),Please open your appointment details and select the cancellation option. Check the provider's cancellation policy for any applicable conditions.,curated_project_dataset,train
1224,Finance,bank_account,Can I open a bank account online? (request 72),"Many banks offer online account opening, subject to eligibility and verification requirements. Check your bank's official website.",curated_project_dataset,train
1225,Healthcare,medical_report,Where can I see my medical report? (request 37),"If digital records are available, check your healthcare account or patient portal. Otherwise, contact the healthcare provider that performed the test.",curated_project_dataset,train
1226,Healthcare,health_insurance,How can I check my medical insurance coverage? (request 26),Review your policy documents or contact the insurer using the official customer-service channel to confirm coverage.,curated_project_dataset,train
1227,Finance,loan_information,How can I apply for a loan? (request 37),"Loan eligibility, documents, interest rates, and application procedures vary by lender. Check the lender's official application process.",curated_project_dataset,train
1228,Healthcare,medical_report,Where can I see my medical report?,"If digital records are available, check your healthcare account or patient portal. Otherwise, contact the healthcare provider that performed the test.",curated_project_dataset,train
1229,E-commerce,damaged_product,What should I do if my item is damaged? (request 58),"Keep the product and packaging, document the damage with photos, and submit a damage claim or return request through the order details.",curated_project_dataset,train
1230,Finance,cash_withdrawal,The ATM did not give me cash (request 50),"If your account was debited, keep the ATM receipt or transaction details and contact your bank immediately for investigation.",curated_project_dataset,train
1231,Finance,loan_information,I need information about a personal loan (request 26),"Personal-loan terms vary by lender, including eligibility, interest rate, tenure, and fees. Review the lender's official terms before applying.",curated_project_dataset,test
1232,Healthcare,appointment_reschedule,I need to reschedule my doctor's visit.,"Open your appointment and select Reschedule, then choose another available date and time.",curated_project_dataset,train
1233,Finance,fraud_transaction,There is a suspicious transaction on my account (request 39),Review the transaction and report it to your bank promptly if you did not authorize it. Use only official banking contact channels.,curated_project_dataset,train
1234,Healthcare,prescription,I lost my prescription. What should I do? (request 7),Contact the prescribing healthcare provider or pharmacist. They can advise whether a replacement or copy can be issued.,curated_project_dataset,test
1235,E-commerce,refund,I want to know: I want to know my refund status.,Please provide your order details or check the refund section of your account for the latest status.,curated_project_dataset,test
1236,Healthcare,medication_information,How should I learn about my prescribed medicine? (request 87),"Review the prescription and medication leaflet, and ask your doctor or pharmacist about dosage, interactions, and precautions.",curated_project_dataset,test
1237,E-commerce,track_order,How can I track my package? (request 26),Use the tracking link in your order details or provide your order number to check the shipment status.,curated_project_dataset,train
1238,Finance,card_payment,Why did my card payment fail? (request 78),"A card payment may fail because of insufficient funds, incorrect details, security checks, or merchant restrictions.",curated_project_dataset,train
1239,E-commerce,account_issue,I cannot access my shopping account (request 25),"Use the account recovery or password-reset option. If you still cannot sign in, contact customer support through the official channel.",curated_project_dataset,train
1240,Healthcare,medical_report,How do I download my lab report? (request 92),"If online access is provided, sign in to the patient portal and look under reports or test results.",curated_project_dataset,test
1241,Finance,cash_withdrawal,The ATM did not give me cash (request 34),"If your account was debited, keep the ATM receipt or transaction details and contact your bank immediately for investigation.",curated_project_dataset,train
1242,Finance,credit_card,How do I pay my credit card bill? (request 27),"You can usually pay through the issuer's official app, online banking, bank transfer, or another supported payment method.",curated_project_dataset,validation
1243,E-commerce,product_information,Where can I find product specifications? (request 99),Product specifications are usually listed on the product page under the description or specifications section.,curated_project_dataset,train
1244,Finance,bank_account,I want to open a new bank account (request 67),Choose an appropriate account type and follow the bank's official application process. You may need identity and address documents.,curated_project_dataset,train
1245,E-commerce,cancel_order,I want to cancel my order (request 61),"If the order has not shipped, you may be able to cancel it from your order details. Once shipped, cancellation may no longer be available.",curated_project_dataset,train
1246,Healthcare,appointment_booking,I need to schedule a consultation (request 42),Sure. Please choose the required doctor or specialty and select an available appointment slot.,curated_project_dataset,train
1247,Healthcare,emergency_guidance,This feels like an emergency (request 64),"Please seek immediate emergency medical assistance. If possible, have someone stay with you while help is arranged.",curated_project_dataset,train
1248,Healthcare,lab_test,I need information about a medical test (request 72),"Please provide the test name. Preparation, timing, and interpretation can vary by test.",curated_project_dataset,train
1249,Finance,credit_card,I want to know: What is my credit card limit? Can you guide me?,"Your current credit limit is available through your card issuer's official app, online account, statement, or customer service.",curated_project_dataset,train
1250,Healthcare,health_insurance,Can I use insurance for my hospital visit? (request 59),This depends on your plan and the healthcare provider. Confirm eligibility and any pre-authorization requirements with your insurer.,curated_project_dataset,train
1251,E-commerce,refund,I want to know my refund status (request 80),Please provide your order details or check the refund section of your account for the latest status.,curated_project_dataset,train
1252,Healthcare,health_insurance,Can you help me with this? I need information about health insurance.,"Please specify whether you need help with coverage, claims, eligibility, or policy information so the appropriate guidance can be provided.",curated_project_dataset,train
1253,E-commerce,return_order,I want to know: I want to return something I bought.,You can request a return from the order details if the item meets the seller's return conditions.,curated_project_dataset,test
1254,Healthcare,prescription,Can you help me with this? I lost my prescription. What should I do?,Contact the prescribing healthcare provider or pharmacist. They can advise whether a replacement or copy can be issued.,curated_project_dataset,train
1255,E-commerce,cancel_order,Can I cancel my purchase? (request 42),Cancellation depends on the order status. Please open the order details and check whether the cancellation option is available.,curated_project_dataset,train
1256,Finance,transfer_failed,I cannot send money (request 87),"Verify the recipient details and available balance, then try again. If the transfer still fails, contact your bank.",curated_project_dataset,train
1257,Healthcare,appointment_booking,Please help me: Can I make an appointment for tomorrow?,"Yes, if appointments are available. Please select the doctor and check tomorrow's available time slots.",curated_project_dataset,train
1258,Finance,fraud_transaction,Can you help me with this? I think my account has been compromised. Can you guide me?,"Contact your bank immediately through an official channel, secure your account credentials, and follow its instructions for protecting the account.",curated_project_dataset,validation
1259,Healthcare,symptoms_information,Can you help me with this? I want information about my symptoms.,"I can provide general health information, but a clinician should evaluate symptoms to determine the appropriate diagnosis and treatment.",curated_project_dataset,train
1260,Finance,card_payment,My debit card payment did not work (request 32),"Please check your card balance and status. If the issue continues, contact your bank for assistance.",curated_project_dataset,train
1261,E-commerce,product_information,Is this item available? (request 44),Check the product page for the latest stock status. Availability can change quickly.,curated_project_dataset,train
1262,Finance,lost_or_stolen_card,I need assistance. I lost my bank card,"If your card is lost or stolen, block it immediately through your bank's official app or contact the bank's customer support.",curated_project_extension,train
1263,Finance,transfer_failed,Why did my transfer fail? (request 42),"Transfers can fail because of incorrect details, account restrictions, insufficient funds, or bank-side issues. Check the transaction information and contact your bank if needed.",curated_project_dataset,train
1264,E-commerce,account_issue,My account is not working (request 80),"Try signing out and back in or resetting your password. If the problem continues, contact customer support.",curated_project_dataset,train
1265,Finance,lost_or_stolen_card,Could you help me? I misplaced my bank card,"If your card is lost or stolen, block it immediately through your bank's official app or contact the bank's customer support.",curated_project_extension,validation
1266,Healthcare,appointment_booking,Can you help me with this? How can I book a doctor appointment?,"You can book an appointment by selecting a doctor, choosing an available date and time, and confirming the booking.",curated_project_dataset,train
1267,Finance,cash_withdrawal,Why did my cash withdrawal fail? (request 59),"A withdrawal may fail because of insufficient funds, card restrictions, ATM issues, or withdrawal limits.",curated_project_dataset,train
1268,Finance,credit_card,How do I pay my credit card bill? (request 75),"You can usually pay through the issuer's official app, online banking, bank transfer, or another supported payment method.",curated_project_dataset,train
1269,Healthcare,medical_report,I received my test report. What does it mean? (request 87),"Please discuss the report with your healthcare professional, who can interpret the findings using your clinical history and examination.",curated_project_dataset,train
1270,Healthcare,emergency_guidance,When should I seek emergency care? (request 31),"Emergency care may be needed for severe or rapidly worsening symptoms. When in doubt about a potentially serious condition, seek immediate professional medical help.",curated_project_dataset,train
1271,E-commerce,refund,I want to know my refund status (request 96),Please provide your order details or check the refund section of your account for the latest status.,curated_project_dataset,train
1272,Finance,balance_inquiry,I want to know my bank balance (request 47),Please check the balance section of your official banking app or online banking account.,curated_project_dataset,train
1273,E-commerce,wrong_product,The product I received is not what I ordered (request 47),Please report the mismatch through customer support or the order return process so the issue can be investigated.,curated_project_dataset,train
1274,Finance,card_payment,I want to know: My card payment was declined. Can you guide me?,"Check your card status, available funds, payment details, and any bank security restrictions. Contact your bank if the decline continues.",curated_project_dataset,train
1275,Finance,credit_card,I need help with my credit card. Can you guide me?,"Please specify whether you need help with payments, limits, transactions, fees, or card access so the appropriate guidance can be provided.",curated_project_dataset,train
1276,E-commerce,wrong_product,I got the wrong product. What should I do? (request 64),"Keep the item and packaging, then submit an incorrect-item request through your order details.",curated_project_dataset,validation
1277,E-commerce,refund,Can you help me with this? My refund has not arrived.,"Please check the refund status and original payment method. If the stated processing period has passed, contact customer support with your order details.",curated_project_dataset,train
1278,Healthcare,appointment_reschedule,I need to reschedule my doctor's visit (request 62),"Open your appointment and select Reschedule, then choose another available date and time.",curated_project_dataset,test
1279,Finance,bank_account,What documents are needed to open an account? (request 62),Requirements vary by bank and account type. Check the bank's official documentation for current identity and address requirements.,curated_project_dataset,train
1280,E-commerce,payment_failed,Why was my online payment declined?,"A payment can fail because of incorrect details, bank restrictions, insufficient funds, or security checks. Contact your bank if the problem continues.",curated_project_dataset,train
1281,Healthcare,lab_test,Do I need an appointment for a lab test? (request 51),It depends on the laboratory and test. Check the laboratory's booking requirements before visiting.,curated_project_dataset,train
1282,Healthcare,appointment_reschedule,How can I change my consultation date? (request 32),Use the reschedule option in your appointment details and select a new available date.,curated_project_dataset,train
1283,Healthcare,appointment_cancel,Can I cancel my appointment today?,"Yes, if cancellation is allowed by the provider. Please check your appointment details for the applicable cancellation policy.",curated_project_dataset,train
1284,E-commerce,cancel_order,I want to cancel my order (request 25),"If the order has not shipped, you may be able to cancel it from your order details. Once shipped, cancellation may no longer be available.",curated_project_dataset,validation
1285,Healthcare,appointment_reschedule,How can I change my consultation date? (request 12),Use the reschedule option in your appointment details and select a new available date.,curated_project_dataset,train
1286,E-commerce,return_order,Can you help me with this? I want to return something I bought.,You can request a return from the order details if the item meets the seller's return conditions.,curated_project_dataset,train
1287,Finance,card_payment,Why did my card payment fail? (request 42),"A card payment may fail because of insufficient funds, incorrect details, security checks, or merchant restrictions.",curated_project_dataset,train
1288,Finance,transfer_failed,Can you help me with this? I cannot send money. Can you guide me?,"Verify the recipient details and available balance, then try again. If the transfer still fails, contact your bank.",curated_project_dataset,train
1289,Finance,transfer_failed,I cannot send money (request 59),"Verify the recipient details and available balance, then try again. If the transfer still fails, contact your bank.",curated_project_dataset,validation
1290,E-commerce,product_information,I need help with this: Is this item available?,Check the product page for the latest stock status. Availability can change quickly.,curated_project_dataset,train
1291,Finance,credit_card,I need help with my credit card (request 88),"Please specify whether you need help with payments, limits, transactions, fees, or card access so the appropriate guidance can be provided.",curated_project_dataset,train
1292,E-commerce,payment_failed,I cannot complete my payment (request 47),"Check the payment method and billing details, then retry. If it still fails, try another supported payment method.",curated_project_dataset,validation
1293,E-commerce,return_order,Can I return my product? (request 91),"Return eligibility depends on the product, seller policy, and purchase date. Check the return policy associated with your order.",curated_project_dataset,train
1294,Finance,fraud_transaction,Someone may have used my card (request 90),"Contact your card issuer immediately using the official number or app, secure your account, and follow the issuer's instructions for reporting suspected fraud.",curated_project_dataset,test
1295,Healthcare,symptoms_information,Can you tell me what my symptoms mean? (request 98),Symptoms can have many possible causes. Please consult a healthcare professional for an appropriate evaluation rather than relying on a chatbot for diagnosis.,curated_project_dataset,train
1296,Finance,credit_card,I need help with my credit card.,"Please specify whether you need help with payments, limits, transactions, fees, or card access so the appropriate guidance can be provided.",curated_project_dataset,train
1297,E-commerce,account_issue,How do I update my account details? (request 39),"Open your account settings and edit the available profile information, then save the changes.",curated_project_dataset,train
1298,Finance,cash_withdrawal,I could not withdraw cash (request 41),"Check whether your card is active and whether you have sufficient available balance. If the ATM charged you without dispensing cash, contact your bank promptly.",curated_project_dataset,validation
1299,Finance,cash_withdrawal,My ATM transaction failed (request 32),Check your account and ATM transaction status. Contact your bank if money was debited or the issue continues.,curated_project_dataset,test
1300,E-commerce,track_order,I need help with this: My order has not arrived yet.,"Please check the latest tracking update first. If the expected delivery date has passed, contact customer support with your order number.",curated_project_dataset,train
1301,Finance,bank_account,How do I open a bank account? (request 81),"Account-opening requirements vary by bank. Check the bank's official website or branch for eligibility, documents, and application steps.",curated_project_dataset,train
1302,E-commerce,track_order,How can I track my package? (request 78),Use the tracking link in your order details or provide your order number to check the shipment status.,curated_project_dataset,validation
1303,Finance,balance_inquiry,I want to know my bank balance (request 55),Please check the balance section of your official banking app or online banking account.,curated_project_dataset,train
1304,Healthcare,health_insurance,How can I check my medical insurance coverage? (request 34),Review your policy documents or contact the insurer using the official customer-service channel to confirm coverage.,curated_project_dataset,train
1305,Finance,transfer_pending,My bank transfer has not completed (request 91),"Please check the transfer status and expected processing time. If it remains pending longer than expected, contact your bank.",curated_project_dataset,train
1306,Finance,transfer_pending,My money transfer is pending (request 25),Pending transfers can take time depending on the bank and transfer type. Please check the transaction status and contact your bank if it remains pending beyond the expected processing period.,curated_project_dataset,train
1307,Healthcare,lab_test,Where can I get my blood test done? (request 46),You can use an authorized laboratory or collection center. Follow the test-specific preparation instructions provided by your healthcare provider.,curated_project_dataset,train
1308,Healthcare,health_insurance,How can I check my medical insurance coverage? (request 14),Review your policy documents or contact the insurer using the official customer-service channel to confirm coverage.,curated_project_dataset,test
1309,Healthcare,lab_test,Can you help me with this? Do I need an appointment for a lab test?,It depends on the laboratory and test. Check the laboratory's booking requirements before visiting.,curated_project_dataset,test
1310,Healthcare,appointment_reschedule,I want to know: How can I change my consultation date?,Use the reschedule option in your appointment details and select a new available date.,curated_project_dataset,train
1311,E-commerce,return_order,I want to return something I bought (request 50),You can request a return from the order details if the item meets the seller's return conditions.,curated_project_dataset,train
1312,E-commerce,product_information,Where can I find product specifications? (request 59),Product specifications are usually listed on the product page under the description or specifications section.,curated_project_dataset,train
1313,Healthcare,health_insurance,How can I check my medical insurance coverage? (request 54),Review your policy documents or contact the insurer using the official customer-service channel to confirm coverage.,curated_project_dataset,train
1314,Healthcare,medication_information,Can you give me information about a medicine? (request 86),"Please provide the medicine name. I can give general information, but medication decisions should be confirmed with a qualified healthcare professional.",curated_project_dataset,train
1315,Healthcare,health_insurance,I need information about health insurance (request 72),"Please specify whether you need help with coverage, claims, eligibility, or policy information so the appropriate guidance can be provided.",curated_project_dataset,train
1316,Finance,bank_account,Can I open a bank account online? (request 88),"Many banks offer online account opening, subject to eligibility and verification requirements. Check your bank's official website.",curated_project_dataset,validation
1317,Healthcare,appointment_cancel,Please cancel my consultation (request 100),I can guide you through cancellation. Open the appointment record and choose Cancel Appointment.,curated_project_dataset,train
1318,E-commerce,damaged_product,My product arrived damaged (request 73),"Please take photos of the damaged item and packaging, then report the issue through the order's return or support process as soon as possible.",curated_project_dataset,train
1319,E-commerce,track_order,How can I track my package? (request 86),Use the tracking link in your order details or provide your order number to check the shipment status.,curated_project_dataset,test
1320,E-commerce,account_issue,I forgot my account password (request 30),Use the password-reset option associated with your account email or phone number.,curated_project_dataset,train
1321,E-commerce,wrong_product,I got the wrong product. What should I do? (request 84),"Keep the item and packaging, then submit an incorrect-item request through your order details.",curated_project_dataset,train
1322,Healthcare,appointment_reschedule,Can I change my appointment time? (request 33),"Yes. If another slot is available, you can reschedule the appointment from your booking details.",curated_project_dataset,train
1323,Finance,balance_inquiry,Can I check my balance online? (request 36),Yes. Most banks provide balance information through their official online banking or mobile application.,curated_project_dataset,train
1324,E-commerce,refund,I need help with this: I want to know my refund status.,Please provide your order details or check the refund section of your account for the latest status.,curated_project_dataset,train
1325,Healthcare,appointment_booking,I want to know: How can I book a doctor appointment?,"You can book an appointment by selecting a doctor, choosing an available date and time, and confirming the booking.",curated_project_dataset,validation
1326,Healthcare,health_insurance,I need information about health insurance (request 76),"Please specify whether you need help with coverage, claims, eligibility, or policy information so the appropriate guidance can be provided.",curated_project_dataset,train
1327,Healthcare,appointment_booking,How can I book a doctor appointment?,"You can book an appointment by selecting a doctor, choosing an available date and time, and confirming the booking.",curated_project_dataset,test
1328,Healthcare,appointment_booking,Can I make an appointment for tomorrow? (request 47),"Yes, if appointments are available. Please select the doctor and check tomorrow's available time slots.",curated_project_dataset,train
1329,E-commerce,return_order,Can I return my product? (request 71),"Return eligibility depends on the product, seller policy, and purchase date. Check the return policy associated with your order.",curated_project_dataset,train
1330,Finance,transfer_pending,Why is my transfer still pending? (request 54),A transfer may remain pending while the bank processes or verifies it. Check the transaction details for the expected processing time.,curated_project_dataset,train
1331,E-commerce,delivery_time,When will my order be delivered? (request 97),The estimated delivery date is usually shown in your order details and may depend on your location and shipping method.,curated_project_dataset,train
1332,E-commerce,payment_failed,Why was my online payment declined? (request 58),"A payment can fail because of incorrect details, bank restrictions, insufficient funds, or security checks. Contact your bank if the problem continues.",curated_project_dataset,train
1333,E-commerce,track_order,What is the status of my order? (request 91),Please provide your order number so the current delivery status can be checked.,curated_project_dataset,train
1334,Finance,transfer_failed,Can you help me with this? My money transfer failed. Can you guide me?,"Please check the transfer details and your account status. If the problem persists, contact your bank for the specific reason for failure.",curated_project_dataset,test
1335,Healthcare,appointment_booking,I want to see a doctor (request 52),I can help you schedule a consultation. Please provide the medical specialty or doctor you want to visit.,curated_project_dataset,train
1336,Healthcare,lab_test,Do I need an appointment for a lab test? (request 87),It depends on the laboratory and test. Check the laboratory's booking requirements before visiting.,curated_project_dataset,train
1337,E-commerce,product_information,Is this item available? (request 84),Check the product page for the latest stock status. Availability can change quickly.,curated_project_dataset,train
1338,E-commerce,product_information,Does this product have the features I need? (request 58),"Please check the product specifications and description. If a required feature is unclear, contact the seller for confirmation.",curated_project_dataset,test
1339,E-commerce,wrong_product,I received the wrong item (request 69),Please report the issue through your order details and provide the order number and photos of the received product if requested.,curated_project_dataset,train
1340,E-commerce,wrong_product,The product I received is not what I ordered (request 99),Please report the mismatch through customer support or the order return process so the issue can be investigated.,curated_project_dataset,train
1341,E-commerce,return_order,What is the process for returning an item? (request 92),"Start a return request from your order details, select the reason, and follow the packaging and pickup or drop-off instructions.",curated_project_dataset,validation
1342,Finance,transaction_issue,There is a problem with my transaction (request 45),"Review the transaction details and status in your banking account. If the issue is unresolved, contact your bank with the transaction reference.",curated_project_dataset,train
1343,E-commerce,cancel_order,Please help me: I want to cancel my order.,"If the order has not shipped, you may be able to cancel it from your order details. Once shipped, cancellation may no longer be available.",curated_project_dataset,test
1344,E-commerce,product_information,Is this item available? (request 40),Check the product page for the latest stock status. Availability can change quickly.,curated_project_dataset,train
1345,Finance,lost_or_stolen_card,Someone stole my card I need help with this.,"If your card is lost or stolen, block it immediately through your bank's official app or contact the bank's customer support.",curated_project_extension,train
1346,Finance,loan_information,What documents are required for a loan? (request 79),"Requirements depend on the lender and loan type. Commonly requested documents may include identity, income, and address information.",curated_project_dataset,train
1347,Finance,bank_account,I want to know: What documents are needed to open an account? Can you guide me?,Requirements vary by bank and account type. Check the bank's official documentation for current identity and address requirements.,curated_project_dataset,test
1348,Finance,lost_or_stolen_card,My debit card is missing Please tell me what to do.,"If your card is lost or stolen, block it immediately through your bank's official app or contact the bank's customer support.",curated_project_extension,train
1349,Finance,cash_withdrawal,My ATM transaction failed (request 28),Check your account and ATM transaction status. Contact your bank if money was debited or the issue continues.,curated_project_dataset,train
1350,Healthcare,medical_report,Please help me: I received my test report. What does it mean?,"Please discuss the report with your healthcare professional, who can interpret the findings using your clinical history and examination.",curated_project_dataset,train
1351,Healthcare,health_insurance,How can I check my medical insurance coverage? (request 94),Review your policy documents or contact the insurer using the official customer-service channel to confirm coverage.,curated_project_dataset,train
1352,Healthcare,medication_information,What is this medicine used for? (request 41),Medication uses depend on the specific medicine and your circumstances. Check the medicine label or consult a pharmacist or doctor for reliable guidance.,curated_project_dataset,train
1353,Healthcare,appointment_cancel,Please cancel my consultation (request 80),I can guide you through cancellation. Open the appointment record and choose Cancel Appointment.,curated_project_dataset,test
1354,Finance,card_payment,My card payment was declined (request 33),"Check your card status, available funds, payment details, and any bank security restrictions. Contact your bank if the decline continues.",curated_project_dataset,train
1355,E-commerce,track_order,How can I track my package? (request 58),Use the tracking link in your order details or provide your order number to check the shipment status.,curated_project_dataset,train
1356,Finance,cash_withdrawal,Can you help me with this? The ATM did not give me cash. Can you guide me?,"If your account was debited, keep the ATM receipt or transaction details and contact your bank immediately for investigation.",curated_project_dataset,train
1357,Healthcare,symptoms_information,I have been feeling unwell. What should I do? (request 99),"If symptoms are mild, monitor them and consider contacting a healthcare professional. Seek urgent medical care if symptoms are severe or rapidly worsening.",curated_project_dataset,train
1358,Finance,transfer_failed,The transfer was unsuccessful. Can you guide me?,Please review the transaction details and any error message. Your bank can provide the exact reason if the transaction was rejected.,curated_project_dataset,train
1359,E-commerce,product_information,Where can I find product specifications? (request 31),Product specifications are usually listed on the product page under the description or specifications section.,curated_project_dataset,train
1360,E-commerce,refund,I want to know my refund status (request 76),Please provide your order details or check the refund section of your account for the latest status.,curated_project_dataset,validation
1361,Finance,transaction_issue,I need help with a bank transaction (request 36),Please check the transaction status and reference number. Your bank can investigate account-specific transaction issues.,curated_project_dataset,train
1362,Finance,transfer_failed,My money transfer failed (request 69),"Please check the transfer details and your account status. If the problem persists, contact your bank for the specific reason for failure.",curated_project_dataset,train
1363,Finance,fraud_transaction,I do not recognize a transaction (request 25),"If you do not recognize a transaction, contact your bank or card issuer through its official channel immediately and follow its fraud-reporting process.",curated_project_dataset,train
1364,Healthcare,appointment_cancel,How do I cancel my appointment? (request 33),"You can cancel the appointment from your booking details. If cancellation is unavailable online, contact the healthcare provider.",curated_project_dataset,train
1365,E-commerce,account_issue,How do I update my account details? (request 79),"Open your account settings and edit the available profile information, then save the changes.",curated_project_dataset,train
1366,Healthcare,medication_information,What is this medicine used for? (request 37),Medication uses depend on the specific medicine and your circumstances. Check the medicine label or consult a pharmacist or doctor for reliable guidance.,curated_project_dataset,train
1367,E-commerce,damaged_product,The package arrived damaged (request 28),Document the package condition and contact customer support or the seller with your order number and photos.,curated_project_dataset,train
1368,Healthcare,appointment_reschedule,How can I change my consultation date? (request 28),Use the reschedule option in your appointment details and select a new available date.,curated_project_dataset,validation
1369,Finance,bank_account,What documents are needed to open an account? (request 30),Requirements vary by bank and account type. Check the bank's official documentation for current identity and address requirements.,curated_project_dataset,train
1370,Finance,loan_information,How do I check loan eligibility? Can you guide me?,"Eligibility depends on the lender's criteria, which may include income, credit history, employment, and existing obligations.",curated_project_dataset,train
1371,E-commerce,payment_failed,I cannot complete my payment (request 51),"Check the payment method and billing details, then retry. If it still fails, try another supported payment method.",curated_project_dataset,train
1372,Finance,transfer_pending,When will my pending transfer be completed? (request 80),Processing time varies by bank and transfer type. Check the transaction status for the latest update.,curated_project_dataset,train
1373,Finance,bank_account,How do I open a bank account? (request 85),"Account-opening requirements vary by bank. Check the bank's official website or branch for eligibility, documents, and application steps.",curated_project_dataset,train
1374,Finance,transfer_failed,My money transfer failed (request 41),"Please check the transfer details and your account status. If the problem persists, contact your bank for the specific reason for failure.",curated_project_dataset,train
1375,E-commerce,refund,My refund has not arrived (request 46),"Please check the refund status and original payment method. If the stated processing period has passed, contact customer support with your order details.",curated_project_dataset,test
1376,E-commerce,wrong_product,I got the wrong product. What should I do? (request 20),"Keep the item and packaging, then submit an incorrect-item request through your order details.",curated_project_dataset,train
1377,Finance,transfer_failed,My money transfer failed (request 57),"Please check the transfer details and your account status. If the problem persists, contact your bank for the specific reason for failure.",curated_project_dataset,train
1378,Finance,transaction_issue,There is a problem with my transaction. Can you guide me?,"Review the transaction details and status in your banking account. If the issue is unresolved, contact your bank with the transaction reference.",curated_project_dataset,train
1379,Healthcare,emergency_guidance,Can you help me with this? What should I do in a medical emergency?,"For a serious or life-threatening emergency, seek immediate emergency medical care or contact your local emergency service. Do not rely on a chatbot for emergency treatment.",curated_project_dataset,train
1380,E-commerce,refund,How does a product refund work? (request 95),"After the return or cancellation is approved, the refund is generally processed to the original payment method, subject to the seller's policy.",curated_project_dataset,train
1381,Healthcare,medical_report,Where can I see my medical report? (request 53),"If digital records are available, check your healthcare account or patient portal. Otherwise, contact the healthcare provider that performed the test.",curated_project_dataset,train
1382,Healthcare,appointment_cancel,Please cancel my consultation (request 52),I can guide you through cancellation. Open the appointment record and choose Cancel Appointment.,curated_project_dataset,train
1383,Finance,card_payment,Why did my card payment fail? (request 82),"A card payment may fail because of insufficient funds, incorrect details, security checks, or merchant restrictions.",curated_project_dataset,test
1384,Healthcare,medication_information,What is this medicine used for? (request 61),Medication uses depend on the specific medicine and your circumstances. Check the medicine label or consult a pharmacist or doctor for reliable guidance.,curated_project_dataset,train
1385,Finance,bank_account,I want to open a new bank account (request 63),Choose an appropriate account type and follow the bank's official application process. You may need identity and address documents.,curated_project_dataset,train
1386,Finance,transaction_issue,I want to know: There is a problem with my transaction. Can you guide me?,"Review the transaction details and status in your banking account. If the issue is unresolved, contact your bank with the transaction reference.",curated_project_dataset,train
1387,Finance,cash_withdrawal,I could not withdraw cash. Can you guide me?,"Check whether your card is active and whether you have sufficient available balance. If the ATM charged you without dispensing cash, contact your bank promptly.",curated_project_dataset,train
1388,Healthcare,appointment_reschedule,Can I move my appointment to next week? (request 79),You can reschedule if the provider has an available slot next week.,curated_project_dataset,test
1389,Finance,transfer_failed,My money transfer failed. Can you guide me?,"Please check the transfer details and your account status. If the problem persists, contact your bank for the specific reason for failure.",curated_project_dataset,train
1390,Finance,transaction_issue,My transaction looks incorrect (request 50),"Please verify the amount, date, and transaction details. If you do not recognize or agree with the transaction, contact your bank promptly.",curated_project_dataset,validation
1391,Healthcare,lab_test,I need information about a medical test (request 64),"Please provide the test name. Preparation, timing, and interpretation can vary by test.",curated_project_dataset,train
1392,Healthcare,appointment_reschedule,How can I change my consultation date? (request 84),Use the reschedule option in your appointment details and select a new available date.,curated_project_dataset,train
1393,Healthcare,appointment_booking,I want to see a doctor (request 36),I can help you schedule a consultation. Please provide the medical specialty or doctor you want to visit.,curated_project_dataset,train
1394,E-commerce,damaged_product,My product arrived damaged (request 37),"Please take photos of the damaged item and packaging, then report the issue through the order's return or support process as soon as possible.",curated_project_dataset,train
1395,Finance,bank_account,What documents are needed to open an account? (request 94),Requirements vary by bank and account type. Check the bank's official documentation for current identity and address requirements.,curated_project_dataset,train
1396,Finance,bank_account,I want to open a new bank account (request 95),Choose an appropriate account type and follow the bank's official application process. You may need identity and address documents.,curated_project_dataset,train
1397,E-commerce,payment_failed,My payment failed (request 41),"Please verify your payment details, available funds, and any bank authentication requirements, then try again.",curated_project_dataset,train
1398,Healthcare,prescription,Please help me: Where can I find my prescription?,Your prescription may be available in your healthcare account or provided by your doctor. Check your medical records or contact the clinic.,curated_project_dataset,train
1399,Finance,balance_inquiry,I need help with this: What is my account balance? Can you guide me?,"You can check your current balance through your bank's official mobile app, online banking portal, ATM, or branch.",curated_project_dataset,train
1400,E-commerce,damaged_product,I need help with this: I received a broken product.,Please report the issue promptly through your order support or return process and provide clear photos of the damage.,curated_project_dataset,train
1401,Healthcare,appointment_cancel,I need to cancel my doctor's appointment (request 34),Please open your appointment details and select the cancellation option. Check the provider's cancellation policy for any applicable conditions.,curated_project_dataset,train
1402,Finance,balance_inquiry,What is my account balance? (request 97),"You can check your current balance through your bank's official mobile app, online banking portal, ATM, or branch.",curated_project_dataset,train
1403,Healthcare,health_insurance,Does my health insurance cover this treatment? (request 53),"Coverage depends on your insurance plan, provider network, and policy terms. Check your policy or contact your insurer for confirmation.",curated_project_dataset,validation
1404,E-commerce,wrong_product,I received the wrong item (request 53),Please report the issue through your order details and provide the order number and photos of the received product if requested.,curated_project_dataset,train
1405,Finance,card_payment,I cannot pay with my card (request 75),"Verify that your card is active and has sufficient funds. If payments continue to fail, contact your card issuer.",curated_project_dataset,train
1406,Healthcare,symptoms_information,Please help me: I want information about my symptoms.,"I can provide general health information, but a clinician should evaluate symptoms to determine the appropriate diagnosis and treatment.",curated_project_dataset,test
1407,E-commerce,delivery_time,I need help with this: When will my order be delivered?,The estimated delivery date is usually shown in your order details and may depend on your location and shipping method.,curated_project_dataset,train
1408,E-commerce,delivery_time,When will my order be delivered? (request 33),The estimated delivery date is usually shown in your order details and may depend on your location and shipping method.,curated_project_dataset,train
1409,Healthcare,symptoms_information,I have been feeling unwell. What should I do? (request 87),"If symptoms are mild, monitor them and consider contacting a healthcare professional. Seek urgent medical care if symptoms are severe or rapidly worsening.",curated_project_dataset,train
1410,Healthcare,health_insurance,I need information about health insurance (request 88),"Please specify whether you need help with coverage, claims, eligibility, or policy information so the appropriate guidance can be provided.",curated_project_dataset,test
1411,E-commerce,track_order,My order has not arrived yet (request 36),"Please check the latest tracking update first. If the expected delivery date has passed, contact customer support with your order number.",curated_project_dataset,train
1412,Healthcare,health_insurance,I need information about health insurance (request 60),"Please specify whether you need help with coverage, claims, eligibility, or policy information so the appropriate guidance can be provided.",curated_project_dataset,train
1413,E-commerce,account_issue,My account is not working (request 100),"Try signing out and back in or resetting your password. If the problem continues, contact customer support.",curated_project_dataset,test
1414,E-commerce,return_order,What is the process for returning an item? (request 100),"Start a return request from your order details, select the reason, and follow the packaging and pickup or drop-off instructions.",curated_project_dataset,test
1415,E-commerce,refund,Please help me: When will I get my refund?,Refund timing depends on the payment method and seller's processing time. Check your order's refund status for the latest update.,curated_project_dataset,train
1416,E-commerce,account_issue,How do I update my account details?,"Open your account settings and edit the available profile information, then save the changes.",curated_project_dataset,train
1417,Healthcare,health_insurance,Please help me: I need information about health insurance.,"Please specify whether you need help with coverage, claims, eligibility, or policy information so the appropriate guidance can be provided.",curated_project_dataset,train
1418,Healthcare,prescription,Where can I find my prescription? (request 33),Your prescription may be available in your healthcare account or provided by your doctor. Check your medical records or contact the clinic.,curated_project_dataset,train
1419,Healthcare,health_insurance,Can I use insurance for my hospital visit? (request 91),This depends on your plan and the healthcare provider. Confirm eligibility and any pre-authorization requirements with your insurer.,curated_project_dataset,train
1420,E-commerce,wrong_product,I got the wrong product. What should I do? (request 28),"Keep the item and packaging, then submit an incorrect-item request through your order details.",curated_project_dataset,test
1421,Finance,transaction_issue,My transaction looks incorrect (request 78),"Please verify the amount, date, and transaction details. If you do not recognize or agree with the transaction, contact your bank promptly.",curated_project_dataset,test
1422,Healthcare,prescription,Where can I find my prescription? (request 73),Your prescription may be available in your healthcare account or provided by your doctor. Check your medical records or contact the clinic.,curated_project_dataset,train
1423,Finance,credit_card,How can I apply for a credit card? (request 37),Credit-card eligibility and application requirements vary by issuer. Check the issuer's official application process and terms.,curated_project_dataset,test
1424,Finance,transfer_failed,The transfer was unsuccessful (request 28),Please review the transaction details and any error message. Your bank can provide the exact reason if the transaction was rejected.,curated_project_dataset,train
1425,Finance,cash_withdrawal,I need help with this: The ATM did not give me cash. Can you guide me?,"If your account was debited, keep the ATM receipt or transaction details and contact your bank immediately for investigation.",curated_project_dataset,train
1426,E-commerce,damaged_product,What should I do if my item is damaged? (request 86),"Keep the product and packaging, document the damage with photos, and submit a damage claim or return request through the order details.",curated_project_dataset,train
1427,Healthcare,appointment_booking,I need to schedule a consultation (request 94),Sure. Please choose the required doctor or specialty and select an available appointment slot.,curated_project_dataset,train
1428,E-commerce,refund,How does a product refund work? (request 63),"After the return or cancellation is approved, the refund is generally processed to the original payment method, subject to the seller's policy.",curated_project_dataset,train
1429,Finance,cash_withdrawal,I could not withdraw cash (request 97),"Check whether your card is active and whether you have sufficient available balance. If the ATM charged you without dispensing cash, contact your bank promptly.",curated_project_dataset,train
1430,E-commerce,wrong_product,I got the wrong product. What should I do? (request 44),"Keep the item and packaging, then submit an incorrect-item request through your order details.",curated_project_dataset,train
1431,Finance,lost_or_stolen_card,Someone stole my banking card,Block the card immediately and report the theft to your bank through an official channel.,curated_project_extension,train
1432,Finance,transaction_issue,There is a problem with my transaction (request 73),"Review the transaction details and status in your banking account. If the issue is unresolved, contact your bank with the transaction reference.",curated_project_dataset,train
1433,Finance,loan_information,How can I apply for a loan? (request 69),"Loan eligibility, documents, interest rates, and application procedures vary by lender. Check the lender's official application process.",curated_project_dataset,train
1434,Finance,transfer_pending,When will my pending transfer be completed? Can you guide me?,Processing time varies by bank and transfer type. Check the transaction status for the latest update.,curated_project_dataset,train
1435,Healthcare,medication_information,How should I learn about my prescribed medicine? (request 35),"Review the prescription and medication leaflet, and ask your doctor or pharmacist about dosage, interactions, and precautions.",curated_project_dataset,validation
1436,E-commerce,track_order,What is the status of my order? (request 39),Please provide your order number so the current delivery status can be checked.,curated_project_dataset,train
1437,Finance,transaction_issue,I want to know: I need help with a bank transaction. Can you guide me?,Please check the transaction status and reference number. Your bank can investigate account-specific transaction issues.,curated_project_dataset,train
1438,Finance,balance_inquiry,Can I check my balance online? (request 96),Yes. Most banks provide balance information through their official online banking or mobile application.,curated_project_dataset,train
1439,E-commerce,payment_failed,My card payment did not go through (request 32),Please verify your card details and contact your bank if the transaction continues to be declined.,curated_project_dataset,train
1440,E-commerce,account_issue,How do I update my account details? (request 87),"Open your account settings and edit the available profile information, then save the changes.",curated_project_dataset,train
1441,E-commerce,wrong_product,My order contains a different product.,Start a return or replacement request for the incorrect item and follow the seller's instructions.,curated_project_dataset,train
1442,E-commerce,damaged_product,My product arrived damaged (request 77),"Please take photos of the damaged item and packaging, then report the issue through the order's return or support process as soon as possible.",curated_project_dataset,train
1443,Finance,credit_card,How do I pay my credit card bill? (request 71),"You can usually pay through the issuer's official app, online banking, bank transfer, or another supported payment method.",curated_project_dataset,train
1444,Finance,loan_information,What documents are required for a loan? (request 35),"Requirements depend on the lender and loan type. Commonly requested documents may include identity, income, and address information.",curated_project_dataset,train
1445,E-commerce,product_information,Does this product have the features I need? (request 30),"Please check the product specifications and description. If a required feature is unclear, contact the seller for confirmation.",curated_project_dataset,train
1446,Finance,transaction_issue,Why is my transaction not showing? (request 43),Transaction updates can take time depending on the transaction type. Check again later and contact your bank if the expected posting time has passed.,curated_project_dataset,train
1447,Healthcare,appointment_reschedule,Can I move my appointment to next week? (request 51),You can reschedule if the provider has an available slot next week.,curated_project_dataset,train
1448,Finance,credit_card,How can I apply for a credit card? (request 81),Credit-card eligibility and application requirements vary by issuer. Check the issuer's official application process and terms.,curated_project_dataset,train
1449,Finance,transaction_issue,There is a problem with my transaction (request 85),"Review the transaction details and status in your banking account. If the issue is unresolved, contact your bank with the transaction reference.",curated_project_dataset,train
1450,E-commerce,payment_failed,Why was my online payment declined? (request 82),"A payment can fail because of incorrect details, bank restrictions, insufficient funds, or security checks. Contact your bank if the problem continues.",curated_project_dataset,train
1451,Finance,card_payment,I want to know: I cannot pay with my card. Can you guide me?,"Verify that your card is active and has sufficient funds. If payments continue to fail, contact your card issuer.",curated_project_dataset,train
1452,E-commerce,payment_failed,Can you help me with this? My card payment did not go through.,Please verify your card details and contact your bank if the transaction continues to be declined.,curated_project_dataset,test
1453,E-commerce,cancel_order,How do I stop an order before it ships? (request 36),Open your order details and select cancellation if the option is still available.,curated_project_dataset,train
1454,E-commerce,track_order,Where is my order? (request 37),I can help with order tracking. Please provide your order number or tracking details.,curated_project_dataset,train
1455,Healthcare,emergency_guidance,What should I do in a medical emergency? (request 29),"For a serious or life-threatening emergency, seek immediate emergency medical care or contact your local emergency service. Do not rely on a chatbot for emergency treatment.",curated_project_dataset,train
1456,Healthcare,appointment_reschedule,I need to reschedule my doctor's visit (request 98),"Open your appointment and select Reschedule, then choose another available date and time.",curated_project_dataset,train
1457,Healthcare,appointment_cancel,Can I cancel my appointment today? (request 95),"Yes, if cancellation is allowed by the provider. Please check your appointment details for the applicable cancellation policy.",curated_project_dataset,train
1458,Healthcare,lab_test,I need information about a medical test (request 56),"Please provide the test name. Preparation, timing, and interpretation can vary by test.",curated_project_dataset,train
1459,E-commerce,track_order,My order has not arrived yet (request 56),"Please check the latest tracking update first. If the expected delivery date has passed, contact customer support with your order number.",curated_project_dataset,train
1460,E-commerce,wrong_product,I got the wrong product. What should I do? (request 100),"Keep the item and packaging, then submit an incorrect-item request through your order details.",curated_project_dataset,train
1461,Finance,transfer_failed,My money transfer failed (request 33),"Please check the transfer details and your account status. If the problem persists, contact your bank for the specific reason for failure.",curated_project_dataset,train
1462,Finance,cash_withdrawal,I need help with this: Why did my cash withdrawal fail? Can you guide me?,"A withdrawal may fail because of insufficient funds, card restrictions, ATM issues, or withdrawal limits.",curated_project_dataset,train
1463,Finance,lost_or_stolen_card,"Please help, I cannot find my credit card","If your card is lost or stolen, block it immediately through your bank's official app or contact the bank's customer support.",curated_project_extension,train
1464,Finance,credit_card,How can I apply for a credit card?,Credit-card eligibility and application requirements vary by issuer. Check the issuer's official application process and terms.,curated_project_dataset,train
1465,Finance,lost_or_stolen_card,I misplaced my bank card I need help with this.,"If your card is lost or stolen, block it immediately through your bank's official app or contact the bank's customer support.",curated_project_extension,train
1466,E-commerce,product_information,How can I get information about a product? (request 73),"Open the product page to view its description, specifications, availability, price, and seller information.",curated_project_dataset,train
1467,Healthcare,appointment_booking,How can I book a doctor appointment? (request 93),"You can book an appointment by selecting a doctor, choosing an available date and time, and confirming the booking.",curated_project_dataset,train
1468,Healthcare,medical_report,How do I download my lab report? (request 76),"If online access is provided, sign in to the patient portal and look under reports or test results.",curated_project_dataset,train
1469,Healthcare,prescription,Can I get a copy of my prescription? (request 22),"You can request a copy from your prescribing doctor or healthcare provider, subject to their procedures.",curated_project_dataset,validation
1470,Healthcare,emergency_guidance,When should I seek emergency care? (request 39),"Emergency care may be needed for severe or rapidly worsening symptoms. When in doubt about a potentially serious condition, seek immediate professional medical help.",curated_project_dataset,train
1471,Finance,balance_inquiry,I want to know my bank balance (request 87),Please check the balance section of your official banking app or online banking account.,curated_project_dataset,train
1472,Finance,credit_card,How do I pay my credit card bill? (request 63),"You can usually pay through the issuer's official app, online banking, bank transfer, or another supported payment method.",curated_project_dataset,train
1473,E-commerce,track_order,How can I track my package? (request 98),Use the tracking link in your order details or provide your order number to check the shipment status.,curated_project_dataset,train
1474,Healthcare,appointment_cancel,Please cancel my consultation (request 96),I can guide you through cancellation. Open the appointment record and choose Cancel Appointment.,curated_project_dataset,train
1475,Finance,credit_card,How do I pay my credit card bill? (request 35),"You can usually pay through the issuer's official app, online banking, bank transfer, or another supported payment method.",curated_project_dataset,validation
1476,Healthcare,lab_test,How do I book a lab test? (request 81),"Select the required test, choose an available laboratory or collection service, and confirm the appointment if booking is available.",curated_project_dataset,train
1477,E-commerce,payment_failed,I need help with this: Why was my online payment declined?,"A payment can fail because of incorrect details, bank restrictions, insufficient funds, or security checks. Contact your bank if the problem continues.",curated_project_dataset,train
1478,Finance,lost_or_stolen_card,Someone stole my card Please help.,"If your card is lost or stolen, block it immediately through your bank's official app or contact the bank's customer support.",curated_project_extension,train
1479,Finance,bank_account,I want to open a new bank account (request 83),Choose an appropriate account type and follow the bank's official application process. You may need identity and address documents.,curated_project_dataset,train
1480,Healthcare,health_insurance,I need help with this: How can I check my medical insurance coverage?,Review your policy documents or contact the insurer using the official customer-service channel to confirm coverage.,curated_project_dataset,train
1481,Finance,credit_card,Please help me: What is my credit card limit? Can you guide me?,"Your current credit limit is available through your card issuer's official app, online account, statement, or customer service.",curated_project_dataset,test
1482,Finance,lost_or_stolen_card,"Please help, My credit card is missing","If your card is lost or stolen, block it immediately through your bank's official app or contact the bank's customer support.",curated_project_extension,train
1483,Healthcare,health_insurance,I need information about health insurance (request 36),"Please specify whether you need help with coverage, claims, eligibility, or policy information so the appropriate guidance can be provided.",curated_project_dataset,train
1484,Finance,bank_account,What documents are needed to open an account? (request 34),Requirements vary by bank and account type. Check the bank's official documentation for current identity and address requirements.,curated_project_dataset,train
1485,E-commerce,wrong_product,My order contains a different product (request 66),Start a return or replacement request for the incorrect item and follow the seller's instructions.,curated_project_dataset,train
1486,Healthcare,prescription,How do I view my prescription? (request 60),"If your provider offers online records, sign in to your healthcare account and open the prescription or medication section.",curated_project_dataset,test
1487,E-commerce,wrong_product,I need help with this: I got the wrong product. What should I do?,"Keep the item and packaging, then submit an incorrect-item request through your order details.",curated_project_dataset,validation
1488,Finance,fraud_transaction,There is a suspicious transaction on my account (request 31),Review the transaction and report it to your bank promptly if you did not authorize it. Use only official banking contact channels.,curated_project_dataset,train
1489,E-commerce,damaged_product,The package arrived damaged (request 84),Document the package condition and contact customer support or the seller with your order number and photos.,curated_project_dataset,test
1490,E-commerce,cancel_order,I want to cancel my order (request 85),"If the order has not shipped, you may be able to cancel it from your order details. Once shipped, cancellation may no longer be available.",curated_project_dataset,train
1491,Healthcare,medical_report,I want to know: Can you explain my medical report?,"I can explain general medical terminology, but a healthcare professional should interpret your results in the context of your symptoms and medical history.",curated_project_dataset,validation
1492,Finance,cash_withdrawal,The ATM did not give me cash (request 74),"If your account was debited, keep the ATM receipt or transaction details and contact your bank immediately for investigation.",curated_project_dataset,train
1493,Finance,balance_inquiry,I want to know my bank balance (request 83),Please check the balance section of your official banking app or online banking account.,curated_project_dataset,test
1494,Finance,transaction_issue,I need help with a bank transaction (request 84),Please check the transaction status and reference number. Your bank can investigate account-specific transaction issues.,curated_project_dataset,train
1495,E-commerce,payment_failed,My card payment did not go through (request 28),Please verify your card details and contact your bank if the transaction continues to be declined.,curated_project_dataset,train
1496,Healthcare,medical_report,How do I download my lab report? (request 68),"If online access is provided, sign in to the patient portal and look under reports or test results.",curated_project_dataset,test
1497,E-commerce,refund,My refund has not arrived (request 58),"Please check the refund status and original payment method. If the stated processing period has passed, contact customer support with your order details.",curated_project_dataset,train
1498,Finance,transaction_issue,My transaction looks incorrect (request 70),"Please verify the amount, date, and transaction details. If you do not recognize or agree with the transaction, contact your bank promptly.",curated_project_dataset,train
1499,E-commerce,return_order,I want to return something I bought (request 34),You can request a return from the order details if the item meets the seller's return conditions.,curated_project_dataset,train
1500,Healthcare,medical_report,I received my test report. What does it mean? (request 95),"Please discuss the report with your healthcare professional, who can interpret the findings using your clinical history and examination.",curated_project_dataset,train
1501,Finance,transaction_issue,There is a problem with my transaction (request 41),"Review the transaction details and status in your banking account. If the issue is unresolved, contact your bank with the transaction reference.",curated_project_dataset,train
1502,Healthcare,emergency_guidance,This feels like an emergency (request 100),"Please seek immediate emergency medical assistance. If possible, have someone stay with you while help is arranged.",curated_project_dataset,train
1503,Healthcare,appointment_cancel,How do I cancel my appointment? (request 89),"You can cancel the appointment from your booking details. If cancellation is unavailable online, contact the healthcare provider.",curated_project_dataset,train
1504,Finance,bank_account,How do I open a bank account? (request 89),"Account-opening requirements vary by bank. Check the bank's official website or branch for eligibility, documents, and application steps.",curated_project_dataset,test
1505,Healthcare,emergency_guidance,I have a severe medical problem. What should I do? (request 78),"Seek urgent medical attention immediately, especially if symptoms are severe, sudden, or life-threatening.",curated_project_dataset,test
1506,Finance,transfer_pending,My money transfer is pending (request 73),Pending transfers can take time depending on the bank and transfer type. Please check the transaction status and contact your bank if it remains pending beyond the expected processing period.,curated_project_dataset,train
1507,Healthcare,medication_information,How should I learn about my prescribed medicine? (request 83),"Review the prescription and medication leaflet, and ask your doctor or pharmacist about dosage, interactions, and precautions.",curated_project_dataset,test
1508,E-commerce,product_information,Does this product have the features I need? (request 54),"Please check the product specifications and description. If a required feature is unclear, contact the seller for confirmation.",curated_project_dataset,validation
1509,E-commerce,product_information,How can I get information about a product? (request 13),"Open the product page to view its description, specifications, availability, price, and seller information.",curated_project_dataset,test
1510,E-commerce,refund,When will I get my refund? (request 85),Refund timing depends on the payment method and seller's processing time. Check your order's refund status for the latest update.,curated_project_dataset,train
1511,Healthcare,health_insurance,Does my health insurance cover this treatment? (request 29),"Coverage depends on your insurance plan, provider network, and policy terms. Check your policy or contact your insurer for confirmation.",curated_project_dataset,train
1512,Finance,balance_inquiry,I want to know my bank balance (request 35),Please check the balance section of your official banking app or online banking account.,curated_project_dataset,train
1513,Finance,bank_account,What documents are needed to open an account? (request 26),Requirements vary by bank and account type. Check the bank's official documentation for current identity and address requirements.,curated_project_dataset,train
1514,E-commerce,damaged_product,I received a broken product (request 91),Please report the issue promptly through your order support or return process and provide clear photos of the damage.,curated_project_dataset,train
1515,Healthcare,medication_information,I want information about my medication (request 40),Please share the medicine name if you want general information. Do not change the prescribed dose without consulting your healthcare professional.,curated_project_dataset,train
1516,Healthcare,symptoms_information,I want information about my symptoms (request 36),"I can provide general health information, but a clinician should evaluate symptoms to determine the appropriate diagnosis and treatment.",curated_project_dataset,train
1517,Healthcare,lab_test,I need information about a medical test (request 92),"Please provide the test name. Preparation, timing, and interpretation can vary by test.",curated_project_dataset,validation
1518,Healthcare,appointment_booking,How can I book a doctor appointment? (request 37),"You can book an appointment by selecting a doctor, choosing an available date and time, and confirming the booking.",curated_project_dataset,train
1519,Healthcare,medication_information,What is this medicine used for? (request 45),Medication uses depend on the specific medicine and your circumstances. Check the medicine label or consult a pharmacist or doctor for reliable guidance.,curated_project_dataset,train
1520,Healthcare,medication_information,I want to know: How should I learn about my prescribed medicine?,"Review the prescription and medication leaflet, and ask your doctor or pharmacist about dosage, interactions, and precautions.",curated_project_dataset,train
1521,Finance,balance_inquiry,How can I check my balance? Can you guide me?,Use your bank's official app or online banking service to view your current account balance.,curated_project_dataset,train
1522,Finance,transaction_issue,There is a problem with my transaction (request 77),"Review the transaction details and status in your banking account. If the issue is unresolved, contact your bank with the transaction reference.",curated_project_dataset,test
1523,Healthcare,prescription,Where can I find my prescription? (request 29),Your prescription may be available in your healthcare account or provided by your doctor. Check your medical records or contact the clinic.,curated_project_dataset,train
1524,E-commerce,wrong_product,The product I received is not what I ordered (request 51),Please report the mismatch through customer support or the order return process so the issue can be investigated.,curated_project_dataset,test
1525,Finance,fraud_transaction,I think my account has been compromised (request 60),"Contact your bank immediately through an official channel, secure your account credentials, and follow its instructions for protecting the account.",curated_project_dataset,train
1526,Finance,bank_account,What documents are needed to open an account?,Requirements vary by bank and account type. Check the bank's official documentation for current identity and address requirements.,curated_project_dataset,train
1527,Healthcare,prescription,I lost my prescription. What should I do? (request 75),Contact the prescribing healthcare provider or pharmacist. They can advise whether a replacement or copy can be issued.,curated_project_dataset,train
1528,Finance,transfer_failed,I cannot send money (request 39),"Verify the recipient details and available balance, then try again. If the transfer still fails, contact your bank.",curated_project_dataset,test
1529,E-commerce,wrong_product,I got the wrong product. What should I do? (request 68),"Keep the item and packaging, then submit an incorrect-item request through your order details.",curated_project_dataset,train
1530,Finance,bank_account,Can you help me with this? I want to open a new bank account. Can you guide me?,Choose an appropriate account type and follow the bank's official application process. You may need identity and address documents.,curated_project_dataset,train
1531,Healthcare,appointment_reschedule,I need to reschedule my doctor's visit (request 22),"Open your appointment and select Reschedule, then choose another available date and time.",curated_project_dataset,train
1532,E-commerce,account_issue,I forgot my account password (request 90),Use the password-reset option associated with your account email or phone number.,curated_project_dataset,train
1533,E-commerce,return_order,What is the process for returning an item? (request 68),"Start a return request from your order details, select the reason, and follow the packaging and pickup or drop-off instructions.",curated_project_dataset,train
1534,E-commerce,track_order,Where is my order? (request 33),I can help with order tracking. Please provide your order number or tracking details.,curated_project_dataset,test
1535,E-commerce,delivery_time,Do you offer fast delivery? (request 88),"Available delivery speeds depend on the product, seller, location, and shipping options shown at checkout.",curated_project_dataset,train
1536,Healthcare,medical_report,Can you explain my medical report? (request 94),"I can explain general medical terminology, but a healthcare professional should interpret your results in the context of your symptoms and medical history.",curated_project_dataset,train
1537,Healthcare,emergency_guidance,I have a severe medical problem. What should I do? (request 86),"Seek urgent medical attention immediately, especially if symptoms are severe, sudden, or life-threatening.",curated_project_dataset,train
1538,Healthcare,medical_report,Where can I see my medical report? (request 85),"If digital records are available, check your healthcare account or patient portal. Otherwise, contact the healthcare provider that performed the test.",curated_project_dataset,train
1539,Healthcare,lab_test,How do I book a lab test? (request 49),"Select the required test, choose an available laboratory or collection service, and confirm the appointment if booking is available.",curated_project_dataset,test
1540,Healthcare,lab_test,I need help with this: Where can I get my blood test done?,You can use an authorized laboratory or collection center. Follow the test-specific preparation instructions provided by your healthcare provider.,curated_project_dataset,train
1541,Healthcare,lab_test,Where can I get my blood test done? (request 90),You can use an authorized laboratory or collection center. Follow the test-specific preparation instructions provided by your healthcare provider.,curated_project_dataset,train
1542,E-commerce,cancel_order,Can I cancel my purchase? (request 62),Cancellation depends on the order status. Please open the order details and check whether the cancellation option is available.,curated_project_dataset,train
1543,Healthcare,symptoms_information,I need help with this: I want information about my symptoms.,"I can provide general health information, but a clinician should evaluate symptoms to determine the appropriate diagnosis and treatment.",curated_project_dataset,train
1544,Healthcare,appointment_reschedule,Can I change my appointment time? (request 45),"Yes. If another slot is available, you can reschedule the appointment from your booking details.",curated_project_dataset,train
1545,Finance,loan_information,I need information about a personal loan (request 98),"Personal-loan terms vary by lender, including eligibility, interest rate, tenure, and fees. Review the lender's official terms before applying.",curated_project_dataset,validation
1546,E-commerce,return_order,Please help me: How do I return a product?,"Open your order details, select the return option if eligible, choose a return reason, and follow the provided instructions.",curated_project_dataset,train
1547,Healthcare,symptoms_information,I want information about my symptoms (request 84),"I can provide general health information, but a clinician should evaluate symptoms to determine the appropriate diagnosis and treatment.",curated_project_dataset,train
1548,E-commerce,product_information,I want to know: Does this product have the features I need?,"Please check the product specifications and description. If a required feature is unclear, contact the seller for confirmation.",curated_project_dataset,train
1549,E-commerce,delivery_time,How long does delivery take? (request 30),"Delivery time varies by location, seller, and shipping option. Check the estimated delivery date shown during checkout or in your order.",curated_project_dataset,test
1550,Healthcare,medication_information,I want information about my medication (request 96),Please share the medicine name if you want general information. Do not change the prescribed dose without consulting your healthcare professional.,curated_project_dataset,train
1551,Healthcare,lab_test,How do I book a lab test? (request 77),"Select the required test, choose an available laboratory or collection service, and confirm the appointment if booking is available.",curated_project_dataset,train
1552,Finance,transfer_pending,When will my pending transfer be completed? (request 96),Processing time varies by bank and transfer type. Check the transaction status for the latest update.,curated_project_dataset,test
1553,Finance,transfer_pending,My money transfer is pending (request 57),Pending transfers can take time depending on the bank and transfer type. Please check the transaction status and contact your bank if it remains pending beyond the expected processing period.,curated_project_dataset,train
1554,Finance,fraud_transaction,I think my account has been compromised (request 100),"Contact your bank immediately through an official channel, secure your account credentials, and follow its instructions for protecting the account.",curated_project_dataset,train
1555,Healthcare,symptoms_information,Can you tell me what my symptoms mean? (request 38),Symptoms can have many possible causes. Please consult a healthcare professional for an appropriate evaluation rather than relying on a chatbot for diagnosis.,curated_project_dataset,validation
1556,Finance,balance_inquiry,Can I check my balance online? (request 60),Yes. Most banks provide balance information through their official online banking or mobile application.,curated_project_dataset,train
1557,Finance,credit_card,How do I pay my credit card bill? (request 87),"You can usually pay through the issuer's official app, online banking, bank transfer, or another supported payment method.",curated_project_dataset,train
1558,E-commerce,delivery_time,Do you offer fast delivery? (request 28),"Available delivery speeds depend on the product, seller, location, and shipping options shown at checkout.",curated_project_dataset,train
1559,Healthcare,emergency_guidance,This feels like an emergency (request 76),"Please seek immediate emergency medical assistance. If possible, have someone stay with you while help is arranged.",curated_project_dataset,train
1560,Healthcare,medication_information,What is this medicine used for? (request 29),Medication uses depend on the specific medicine and your circumstances. Check the medicine label or consult a pharmacist or doctor for reliable guidance.,curated_project_dataset,train
1561,E-commerce,account_issue,I cannot access my shopping account (request 29),"Use the account recovery or password-reset option. If you still cannot sign in, contact customer support through the official channel.",curated_project_dataset,train
1562,Finance,credit_card,I need help with my credit card (request 80),"Please specify whether you need help with payments, limits, transactions, fees, or card access so the appropriate guidance can be provided.",curated_project_dataset,train
1563,Finance,transfer_failed,Please help me: Why did my transfer fail? Can you guide me?,"Transfers can fail because of incorrect details, account restrictions, insufficient funds, or bank-side issues. Check the transaction information and contact your bank if needed.",curated_project_dataset,train
1564,Finance,credit_card,I want to know: How can I apply for a credit card? Can you guide me?,Credit-card eligibility and application requirements vary by issuer. Check the issuer's official application process and terms.,curated_project_dataset,train
1565,Healthcare,medication_information,Can you help me with this? What is this medicine used for?,Medication uses depend on the specific medicine and your circumstances. Check the medicine label or consult a pharmacist or doctor for reliable guidance.,curated_project_dataset,train
1566,E-commerce,payment_failed,I need help with this: I cannot complete my payment.,"Check the payment method and billing details, then retry. If it still fails, try another supported payment method.",curated_project_dataset,train
1567,Healthcare,health_insurance,I need help with this: I need information about health insurance.,"Please specify whether you need help with coverage, claims, eligibility, or policy information so the appropriate guidance can be provided.",curated_project_dataset,train
1568,Healthcare,emergency_guidance,I want to know: What should I do in a medical emergency?,"For a serious or life-threatening emergency, seek immediate emergency medical care or contact your local emergency service. Do not rely on a chatbot for emergency treatment.",curated_project_dataset,train
1569,E-commerce,track_order,How can I track my package? (request 54),Use the tracking link in your order details or provide your order number to check the shipment status.,curated_project_dataset,train
1570,E-commerce,account_issue,My account is not working (request 48),"Try signing out and back in or resetting your password. If the problem continues, contact customer support.",curated_project_dataset,validation
1571,Healthcare,health_insurance,Please help me: How can I check my medical insurance coverage?,Review your policy documents or contact the insurer using the official customer-service channel to confirm coverage.,curated_project_dataset,test
1572,Healthcare,medication_information,What is this medicine used for? (request 33),Medication uses depend on the specific medicine and your circumstances. Check the medicine label or consult a pharmacist or doctor for reliable guidance.,curated_project_dataset,train
1573,Healthcare,appointment_booking,How can I book a doctor appointment? (request 65),"You can book an appointment by selecting a doctor, choosing an available date and time, and confirming the booking.",curated_project_dataset,train
1574,Finance,fraud_transaction,I think my account has been compromised. Can you guide me?,"Contact your bank immediately through an official channel, secure your account credentials, and follow its instructions for protecting the account.",curated_project_dataset,train
1575,Finance,card_payment,My card payment was declined (request 65),"Check your card status, available funds, payment details, and any bank security restrictions. Contact your bank if the decline continues.",curated_project_dataset,train
1576,Finance,transfer_failed,My money transfer failed (request 45),"Please check the transfer details and your account status. If the problem persists, contact your bank for the specific reason for failure.",curated_project_dataset,train
1577,Finance,transaction_issue,Please help me: My transaction looks incorrect. Can you guide me?,"Please verify the amount, date, and transaction details. If you do not recognize or agree with the transaction, contact your bank promptly.",curated_project_dataset,train
1578,Healthcare,lab_test,I need information about a medical test (request 20),"Please provide the test name. Preparation, timing, and interpretation can vary by test.",curated_project_dataset,train
1579,E-commerce,payment_failed,I cannot complete my payment (request 87),"Check the payment method and billing details, then retry. If it still fails, try another supported payment method.",curated_project_dataset,train
1580,E-commerce,cancel_order,How do I stop an order before it ships? (request 84),Open your order details and select cancellation if the option is still available.,curated_project_dataset,train
1581,Finance,transaction_issue,I need help with a bank transaction (request 48),Please check the transaction status and reference number. Your bank can investigate account-specific transaction issues.,curated_project_dataset,train
1582,Finance,transfer_failed,The transfer was unsuccessful (request 56),Please review the transaction details and any error message. Your bank can provide the exact reason if the transaction was rejected.,curated_project_dataset,train
1583,Healthcare,emergency_guidance,What should I do in a medical emergency? (request 93),"For a serious or life-threatening emergency, seek immediate emergency medical care or contact your local emergency service. Do not rely on a chatbot for emergency treatment.",curated_project_dataset,train
1584,Finance,fraud_transaction,I think my account has been compromised (request 72),"Contact your bank immediately through an official channel, secure your account credentials, and follow its instructions for protecting the account.",curated_project_dataset,train
1585,Finance,bank_account,I need help with this: Can I open a bank account online? Can you guide me?,"Many banks offer online account opening, subject to eligibility and verification requirements. Check your bank's official website.",curated_project_dataset,train
1586,Healthcare,appointment_reschedule,Can I change my appointment time? (request 57),"Yes. If another slot is available, you can reschedule the appointment from your booking details.",curated_project_dataset,train
1587,E-commerce,wrong_product,My order contains a different product (request 26),Start a return or replacement request for the incorrect item and follow the seller's instructions.,curated_project_dataset,train
1588,Finance,cash_withdrawal,My ATM transaction failed (request 60),Check your account and ATM transaction status. Contact your bank if money was debited or the issue continues.,curated_project_dataset,test
1589,E-commerce,product_information,Does this product have the features I need? (request 94),"Please check the product specifications and description. If a required feature is unclear, contact the seller for confirmation.",curated_project_dataset,train
1590,Finance,card_payment,My debit card payment did not work (request 64),"Please check your card balance and status. If the issue continues, contact your bank for assistance.",curated_project_dataset,train
1591,Healthcare,appointment_booking,Please help me: How can I book a doctor appointment?,"You can book an appointment by selecting a doctor, choosing an available date and time, and confirming the booking.",curated_project_dataset,test
1592,Finance,loan_information,How do I check loan eligibility? (request 60),"Eligibility depends on the lender's criteria, which may include income, credit history, employment, and existing obligations.",curated_project_dataset,test
1593,Finance,lost_or_stolen_card,My ATM card was stolen I need help with this.,"If your card is lost or stolen, block it immediately through your bank's official app or contact the bank's customer support.",curated_project_extension,train
1594,E-commerce,return_order,Can I return my product? (request 43),"Return eligibility depends on the product, seller policy, and purchase date. Check the return policy associated with your order.",curated_project_dataset,train
1595,E-commerce,account_issue,My account is not working (request 56),"Try signing out and back in or resetting your password. If the problem continues, contact customer support.",curated_project_dataset,test
1596,Finance,cash_withdrawal,I could not withdraw cash (request 93),"Check whether your card is active and whether you have sufficient available balance. If the ATM charged you without dispensing cash, contact your bank promptly.",curated_project_dataset,train
1597,Finance,transfer_failed,Why did my transfer fail? (request 66),"Transfers can fail because of incorrect details, account restrictions, insufficient funds, or bank-side issues. Check the transaction information and contact your bank if needed.",curated_project_dataset,train
1598,Finance,transfer_pending,Why is my transfer still pending? (request 46),A transfer may remain pending while the bank processes or verifies it. Check the transaction details for the expected processing time.,curated_project_dataset,train
1599,Finance,lost_or_stolen_card,Can you help? My debit card is missing,"If your card is lost or stolen, block it immediately through your bank's official app or contact the bank's customer support.",curated_project_extension,train
1600,Healthcare,lab_test,Do I need an appointment for a lab test? (request 67),It depends on the laboratory and test. Check the laboratory's booking requirements before visiting.,curated_project_dataset,train
1601,E-commerce,damaged_product,I received a broken product.,Please report the issue promptly through your order support or return process and provide clear photos of the damage.,curated_project_dataset,train
1602,Healthcare,symptoms_information,Can you tell me what my symptoms mean? (request 42),Symptoms can have many possible causes. Please consult a healthcare professional for an appropriate evaluation rather than relying on a chatbot for diagnosis.,curated_project_dataset,test
1603,Healthcare,lab_test,Where can I get my blood test done? (request 50),You can use an authorized laboratory or collection center. Follow the test-specific preparation instructions provided by your healthcare provider.,curated_project_dataset,train
1604,E-commerce,payment_failed,I want to know: My payment failed.,"Please verify your payment details, available funds, and any bank authentication requirements, then try again.",curated_project_dataset,validation
1605,Finance,lost_or_stolen_card,Someone stole my card,"If your card is lost or stolen, block it immediately through your bank's official app or contact the bank's customer support.",curated_project_extension,train
1606,E-commerce,damaged_product,The package arrived damaged (request 32),Document the package condition and contact customer support or the seller with your order number and photos.,curated_project_dataset,train
1607,E-commerce,account_issue,I forgot my account password (request 62),Use the password-reset option associated with your account email or phone number.,curated_project_dataset,train
1608,Healthcare,symptoms_information,I want information about my symptoms (request 68),"I can provide general health information, but a clinician should evaluate symptoms to determine the appropriate diagnosis and treatment.",curated_project_dataset,train
1609,Healthcare,appointment_cancel,How do I cancel my appointment? (request 29),"You can cancel the appointment from your booking details. If cancellation is unavailable online, contact the healthcare provider.",curated_project_dataset,train
1610,Finance,bank_account,How do I open a bank account?,"Account-opening requirements vary by bank. Check the bank's official website or branch for eligibility, documents, and application steps.",curated_project_dataset,train
1611,Finance,card_payment,Can you help me with this? My debit card payment did not work. Can you guide me?,"Please check your card balance and status. If the issue continues, contact your bank for assistance.",curated_project_dataset,validation
1612,E-commerce,payment_failed,My card payment did not go through (request 80),Please verify your card details and contact your bank if the transaction continues to be declined.,curated_project_dataset,test
1613,Healthcare,appointment_cancel,Please help me: Can I cancel my appointment today?,"Yes, if cancellation is allowed by the provider. Please check your appointment details for the applicable cancellation policy.",curated_project_dataset,train
1614,Finance,cash_withdrawal,Why did my cash withdrawal fail? (request 51),"A withdrawal may fail because of insufficient funds, card restrictions, ATM issues, or withdrawal limits.",curated_project_dataset,train
1615,Finance,loan_information,How can I apply for a loan?,"Loan eligibility, documents, interest rates, and application procedures vary by lender. Check the lender's official application process.",curated_project_dataset,train
1616,E-commerce,wrong_product,My order contains a different product (request 86),Start a return or replacement request for the incorrect item and follow the seller's instructions.,curated_project_dataset,train
1617,E-commerce,refund,How does a product refund work? (request 51),"After the return or cancellation is approved, the refund is generally processed to the original payment method, subject to the seller's policy.",curated_project_dataset,train
1618,Finance,fraud_transaction,There is a suspicious transaction on my account (request 63),Review the transaction and report it to your bank promptly if you did not authorize it. Use only official banking contact channels.,curated_project_dataset,train
1619,Healthcare,symptoms_information,Can you help me with this? Can you tell me what my symptoms mean?,Symptoms can have many possible causes. Please consult a healthcare professional for an appropriate evaluation rather than relying on a chatbot for diagnosis.,curated_project_dataset,train
1620,Healthcare,emergency_guidance,When should I seek emergency care? (request 75),"Emergency care may be needed for severe or rapidly worsening symptoms. When in doubt about a potentially serious condition, seek immediate professional medical help.",curated_project_dataset,train
1621,Healthcare,symptoms_information,I have been feeling unwell. What should I do? (request 27),"If symptoms are mild, monitor them and consider contacting a healthcare professional. Seek urgent medical care if symptoms are severe or rapidly worsening.",curated_project_dataset,train
1622,Healthcare,symptoms_information,What should I do about these symptoms? (request 61),"I can provide general information, but symptoms alone cannot establish a diagnosis. For persistent, severe, or worrying symptoms, consult a qualified healthcare professional.",curated_project_dataset,train
1623,Healthcare,lab_test,I need help with this: How do I book a lab test?,"Select the required test, choose an available laboratory or collection service, and confirm the appointment if booking is available.",curated_project_dataset,train
1624,Finance,loan_information,How do I check loan eligibility? (request 100),"Eligibility depends on the lender's criteria, which may include income, credit history, employment, and existing obligations.",curated_project_dataset,train
1625,Finance,lost_or_stolen_card,I cannot find my credit card What should I do?,"If your card is lost or stolen, block it immediately through your bank's official app or contact the bank's customer support.",curated_project_extension,train
1626,Finance,card_payment,My card payment was declined (request 93),"Check your card status, available funds, payment details, and any bank security restrictions. Contact your bank if the decline continues.",curated_project_dataset,test
1627,Finance,transfer_failed,Why did my transfer fail? (request 26),"Transfers can fail because of incorrect details, account restrictions, insufficient funds, or bank-side issues. Check the transaction information and contact your bank if needed.",curated_project_dataset,train
1628,Healthcare,medical_report,Where can I see my medical report? (request 69),"If digital records are available, check your healthcare account or patient portal. Otherwise, contact the healthcare provider that performed the test.",curated_project_dataset,train
1629,Finance,transfer_pending,My money transfer is pending (request 49),Pending transfers can take time depending on the bank and transfer type. Please check the transaction status and contact your bank if it remains pending beyond the expected processing period.,curated_project_dataset,train
1630,E-commerce,damaged_product,The package arrived damaged (request 88),Document the package condition and contact customer support or the seller with your order number and photos.,curated_project_dataset,train
1631,Healthcare,medical_report,How do I download my lab report? (request 32),"If online access is provided, sign in to the patient portal and look under reports or test results.",curated_project_dataset,train
1632,Finance,transfer_pending,Why is my transfer still pending? (request 26),A transfer may remain pending while the bank processes or verifies it. Check the transaction details for the expected processing time.,curated_project_dataset,train
1633,Finance,fraud_transaction,I do not recognize a transaction (request 89),"If you do not recognize a transaction, contact your bank or card issuer through its official channel immediately and follow its fraud-reporting process.",curated_project_dataset,test
1634,Healthcare,prescription,I want to know: Where can I find my prescription?,Your prescription may be available in your healthcare account or provided by your doctor. Check your medical records or contact the clinic.,curated_project_dataset,train
1635,E-commerce,payment_failed,My card payment did not go through (request 68),Please verify your card details and contact your bank if the transaction continues to be declined.,curated_project_dataset,train
1636,Healthcare,medical_report,How do I download my lab report? (request 8),"If online access is provided, sign in to the patient portal and look under reports or test results.",curated_project_dataset,train
1637,E-commerce,payment_failed,Why was my online payment declined? (request 98),"A payment can fail because of incorrect details, bank restrictions, insufficient funds, or security checks. Contact your bank if the problem continues.",curated_project_dataset,train
1638,E-commerce,payment_failed,I cannot complete my payment (request 63),"Check the payment method and billing details, then retry. If it still fails, try another supported payment method.",curated_project_dataset,train
1639,Finance,transfer_failed,Why did my transfer fail? (request 90),"Transfers can fail because of incorrect details, account restrictions, insufficient funds, or bank-side issues. Check the transaction information and contact your bank if needed.",curated_project_dataset,train
1640,Finance,lost_or_stolen_card,"Please help, What should I do if I lose my card?","If your card is lost or stolen, block it immediately through your bank's official app or contact the bank's customer support.",curated_project_extension,train
1641,Healthcare,medical_report,How do I download my lab report? (request 80),"If online access is provided, sign in to the patient portal and look under reports or test results.",curated_project_dataset,train
1642,E-commerce,delivery_time,Do you offer fast delivery? (request 76),"Available delivery speeds depend on the product, seller, location, and shipping options shown at checkout.",curated_project_dataset,train
1643,Finance,credit_card,I need help with my credit card (request 32),"Please specify whether you need help with payments, limits, transactions, fees, or card access so the appropriate guidance can be provided.",curated_project_dataset,train
1644,Finance,transfer_pending,My bank transfer has not completed (request 67),"Please check the transfer status and expected processing time. If it remains pending longer than expected, contact your bank.",curated_project_dataset,train
1645,Finance,lost_or_stolen_card,Please assist me. I misplaced my bank card,"If your card is lost or stolen, block it immediately through your bank's official app or contact the bank's customer support.",curated_project_extension,train
1646,Healthcare,appointment_reschedule,I need to reschedule my doctor's visit (request 54),"Open your appointment and select Reschedule, then choose another available date and time.",curated_project_dataset,train
1647,Finance,bank_account,I want to open a new bank account (request 79),Choose an appropriate account type and follow the bank's official application process. You may need identity and address documents.,curated_project_dataset,train
1648,Finance,credit_card,Please help me: How do I pay my credit card bill? Can you guide me?,"You can usually pay through the issuer's official app, online banking, bank transfer, or another supported payment method.",curated_project_dataset,train
1649,Finance,card_payment,I cannot pay with my card (request 79),"Verify that your card is active and has sufficient funds. If payments continue to fail, contact your card issuer.",curated_project_dataset,train
1650,Finance,balance_inquiry,What is my account balance? (request 53),"You can check your current balance through your bank's official mobile app, online banking portal, ATM, or branch.",curated_project_dataset,train
1651,Healthcare,appointment_cancel,Please cancel my consultation (request 20),I can guide you through cancellation. Open the appointment record and choose Cancel Appointment.,curated_project_dataset,train
1652,Healthcare,appointment_booking,I want to see a doctor (request 8),I can help you schedule a consultation. Please provide the medical specialty or doctor you want to visit.,curated_project_dataset,train
1653,Healthcare,appointment_reschedule,I need help with this: Can I change my appointment time?,"Yes. If another slot is available, you can reschedule the appointment from your booking details.",curated_project_dataset,test
1654,Healthcare,prescription,I lost my prescription. What should I do? (request 39),Contact the prescribing healthcare provider or pharmacist. They can advise whether a replacement or copy can be issued.,curated_project_dataset,train
1655,E-commerce,delivery_time,Can I know the expected delivery date? (request 55),Yes. Check your order details for the current estimated delivery date.,curated_project_dataset,train
1656,Healthcare,health_insurance,I need information about health insurance (request 68),"Please specify whether you need help with coverage, claims, eligibility, or policy information so the appropriate guidance can be provided.",curated_project_dataset,train
1657,E-commerce,account_issue,I need help with this: I cannot access my shopping account.,"Use the account recovery or password-reset option. If you still cannot sign in, contact customer support through the official channel.",curated_project_dataset,train
1658,Finance,bank_account,How do I open a bank account? (request 77),"Account-opening requirements vary by bank. Check the bank's official website or branch for eligibility, documents, and application steps.",curated_project_dataset,train
1659,E-commerce,refund,When will I get my refund? (request 9),Refund timing depends on the payment method and seller's processing time. Check your order's refund status for the latest update.,curated_project_dataset,train
1660,Healthcare,appointment_reschedule,I need to reschedule my doctor's visit (request 58),"Open your appointment and select Reschedule, then choose another available date and time.",curated_project_dataset,train
1661,Healthcare,symptoms_information,I have been feeling unwell. What should I do? (request 71),"If symptoms are mild, monitor them and consider contacting a healthcare professional. Seek urgent medical care if symptoms are severe or rapidly worsening.",curated_project_dataset,train
1662,Finance,loan_information,How do I check loan eligibility?,"Eligibility depends on the lender's criteria, which may include income, credit history, employment, and existing obligations.",curated_project_dataset,train
1663,Finance,credit_card,I need help with my credit card (request 68),"Please specify whether you need help with payments, limits, transactions, fees, or card access so the appropriate guidance can be provided.",curated_project_dataset,train
1664,Healthcare,appointment_cancel,Can I cancel my appointment today? (request 27),"Yes, if cancellation is allowed by the provider. Please check your appointment details for the applicable cancellation policy.",curated_project_dataset,train
1665,Healthcare,appointment_reschedule,Can I move my appointment to next week? (request 43),You can reschedule if the provider has an available slot next week.,curated_project_dataset,train
1666,Finance,transfer_failed,The transfer was unsuccessful (request 44),Please review the transaction details and any error message. Your bank can provide the exact reason if the transaction was rejected.,curated_project_dataset,train
1667,Healthcare,health_insurance,How can I check my medical insurance coverage? (request 74),Review your policy documents or contact the insurer using the official customer-service channel to confirm coverage.,curated_project_dataset,train
1668,Healthcare,appointment_cancel,Can you help me with this? I need to cancel my doctor's appointment.,Please open your appointment details and select the cancellation option. Check the provider's cancellation policy for any applicable conditions.,curated_project_dataset,train
1669,E-commerce,cancel_order,Can I cancel my purchase? (request 46),Cancellation depends on the order status. Please open the order details and check whether the cancellation option is available.,curated_project_dataset,train
1670,E-commerce,wrong_product,My order contains a different product (request 90),Start a return or replacement request for the incorrect item and follow the seller's instructions.,curated_project_dataset,train
1671,Healthcare,appointment_cancel,How do I cancel my appointment? (request 5),"You can cancel the appointment from your booking details. If cancellation is unavailable online, contact the healthcare provider.",curated_project_dataset,train
1672,E-commerce,wrong_product,My order contains a different product (request 70),Start a return or replacement request for the incorrect item and follow the seller's instructions.,curated_project_dataset,train
1673,Finance,balance_inquiry,Can I check my balance online? (request 52),Yes. Most banks provide balance information through their official online banking or mobile application.,curated_project_dataset,train
1674,Healthcare,medical_report,I received my test report. What does it mean? (request 59),"Please discuss the report with your healthcare professional, who can interpret the findings using your clinical history and examination.",curated_project_dataset,test
1675,Healthcare,medical_report,Can you explain my medical report? (request 66),"I can explain general medical terminology, but a healthcare professional should interpret your results in the context of your symptoms and medical history.",curated_project_dataset,train
1676,E-commerce,wrong_product,Can you help me with this? The product I received is not what I ordered.,Please report the mismatch through customer support or the order return process so the issue can be investigated.,curated_project_dataset,train
1677,Healthcare,prescription,How do I view my prescription? (request 32),"If your provider offers online records, sign in to your healthcare account and open the prescription or medication section.",curated_project_dataset,train
1678,E-commerce,track_order,Can you help me with this? Where is my order?,I can help with order tracking. Please provide your order number or tracking details.,curated_project_dataset,train
1679,Finance,transfer_failed,I cannot send money (request 63),"Verify the recipient details and available balance, then try again. If the transfer still fails, contact your bank.",curated_project_dataset,train
1680,E-commerce,wrong_product,I received the wrong item (request 73),Please report the issue through your order details and provide the order number and photos of the received product if requested.,curated_project_dataset,train
1681,E-commerce,delivery_time,Do you offer fast delivery? (request 48),"Available delivery speeds depend on the product, seller, location, and shipping options shown at checkout.",curated_project_dataset,train
1682,E-commerce,return_order,Can I return my product? (request 63),"Return eligibility depends on the product, seller policy, and purchase date. Check the return policy associated with your order.",curated_project_dataset,train
1683,Healthcare,appointment_cancel,I need to cancel my doctor's appointment (request 74),Please open your appointment details and select the cancellation option. Check the provider's cancellation policy for any applicable conditions.,curated_project_dataset,train
1684,Finance,balance_inquiry,I want to know my bank balance (request 39),Please check the balance section of your official banking app or online banking account.,curated_project_dataset,train
1685,Finance,bank_account,Can I open a bank account online? (request 40),"Many banks offer online account opening, subject to eligibility and verification requirements. Check your bank's official website.",curated_project_dataset,train
1686,E-commerce,delivery_time,When will my order be delivered? (request 65),The estimated delivery date is usually shown in your order details and may depend on your location and shipping method.,curated_project_dataset,validation
1687,Finance,card_payment,My debit card payment did not work (request 72),"Please check your card balance and status. If the issue continues, contact your bank for assistance.",curated_project_dataset,train
1688,Healthcare,appointment_reschedule,Can I change my appointment time? (request 73),"Yes. If another slot is available, you can reschedule the appointment from your booking details.",curated_project_dataset,train
1689,Healthcare,medical_report,Where can I see my medical report? (request 57),"If digital records are available, check your healthcare account or patient portal. Otherwise, contact the healthcare provider that performed the test.",curated_project_dataset,train
1690,Finance,cash_withdrawal,The ATM did not give me cash (request 78),"If your account was debited, keep the ATM receipt or transaction details and contact your bank immediately for investigation.",curated_project_dataset,train
1691,E-commerce,delivery_time,When will my order be delivered? (request 85),The estimated delivery date is usually shown in your order details and may depend on your location and shipping method.,curated_project_dataset,test
1692,Healthcare,health_insurance,I need information about health insurance (request 32),"Please specify whether you need help with coverage, claims, eligibility, or policy information so the appropriate guidance can be provided.",curated_project_dataset,train
1693,E-commerce,wrong_product,I got the wrong product. What should I do? (request 56),"Keep the item and packaging, then submit an incorrect-item request through your order details.",curated_project_dataset,test
1694,E-commerce,account_issue,How do I update my account details? (request 67),"Open your account settings and edit the available profile information, then save the changes.",curated_project_dataset,train
1695,E-commerce,wrong_product,I got the wrong product. What should I do? (request 60),"Keep the item and packaging, then submit an incorrect-item request through your order details.",curated_project_dataset,train
1696,Finance,card_payment,My debit card payment did not work (request 28),"Please check your card balance and status. If the issue continues, contact your bank for assistance.",curated_project_dataset,train
1697,Healthcare,health_insurance,Can I use insurance for my hospital visit? (request 27),This depends on your plan and the healthcare provider. Confirm eligibility and any pre-authorization requirements with your insurer.,curated_project_dataset,train
1698,Finance,transaction_issue,There is a problem with my transaction (request 81),"Review the transaction details and status in your banking account. If the issue is unresolved, contact your bank with the transaction reference.",curated_project_dataset,train
1699,Finance,credit_card,How can I apply for a credit card? (request 77),Credit-card eligibility and application requirements vary by issuer. Check the issuer's official application process and terms.,curated_project_dataset,train
1700,E-commerce,payment_failed,I cannot complete my payment (request 23),"Check the payment method and billing details, then retry. If it still fails, try another supported payment method.",curated_project_dataset,train
1701,Healthcare,lab_test,Do I need an appointment for a lab test? (request 71),It depends on the laboratory and test. Check the laboratory's booking requirements before visiting.,curated_project_dataset,test
1702,Finance,transaction_issue,Why is my transaction not showing? (request 47),Transaction updates can take time depending on the transaction type. Check again later and contact your bank if the expected posting time has passed.,curated_project_dataset,train
1703,Healthcare,lab_test,I want to know: Where can I get my blood test done?,You can use an authorized laboratory or collection center. Follow the test-specific preparation instructions provided by your healthcare provider.,curated_project_dataset,train
1704,Healthcare,symptoms_information,What should I do about these symptoms? (request 81),"I can provide general information, but symptoms alone cannot establish a diagnosis. For persistent, severe, or worrying symptoms, consult a qualified healthcare professional.",curated_project_dataset,train
1705,Healthcare,appointment_reschedule,Can I move my appointment to next week? (request 91),You can reschedule if the provider has an available slot next week.,curated_project_dataset,train
1706,Finance,credit_card,How can I apply for a credit card? (request 97),Credit-card eligibility and application requirements vary by issuer. Check the issuer's official application process and terms.,curated_project_dataset,test
1707,Healthcare,appointment_booking,I want to see a doctor (request 72),I can help you schedule a consultation. Please provide the medical specialty or doctor you want to visit.,curated_project_dataset,train
1708,Finance,credit_card,What is my credit card limit? Can you guide me?,"Your current credit limit is available through your card issuer's official app, online account, statement, or customer service.",curated_project_dataset,train
1709,E-commerce,payment_failed,Please help me: I cannot complete my payment.,"Check the payment method and billing details, then retry. If it still fails, try another supported payment method.",curated_project_dataset,train
1710,E-commerce,delivery_time,When will my order be delivered? (request 41),The estimated delivery date is usually shown in your order details and may depend on your location and shipping method.,curated_project_dataset,train
1711,Healthcare,medication_information,I want to know: I want information about my medication.,Please share the medicine name if you want general information. Do not change the prescribed dose without consulting your healthcare professional.,curated_project_dataset,test
1712,Finance,lost_or_stolen_card,Please assist me. My credit card is missing,"If your card is lost or stolen, block it immediately through your bank's official app or contact the bank's customer support.",curated_project_extension,train
1713,E-commerce,delivery_time,Can I know the expected delivery date? (request 83),Yes. Check your order details for the current estimated delivery date.,curated_project_dataset,train
1714,Healthcare,appointment_booking,I want to see a doctor (request 64),I can help you schedule a consultation. Please provide the medical specialty or doctor you want to visit.,curated_project_dataset,train
1715,E-commerce,cancel_order,Please cancel my order (request 47),I can guide you through cancellation. Check your order details for the Cancel Order option.,curated_project_dataset,train
1716,E-commerce,refund,How does a product refund work? (request 59),"After the return or cancellation is approved, the refund is generally processed to the original payment method, subject to the seller's policy.",curated_project_dataset,test
1717,E-commerce,delivery_time,How long does delivery take? (request 46),"Delivery time varies by location, seller, and shipping option. Check the estimated delivery date shown during checkout or in your order.",curated_project_dataset,train
1718,E-commerce,delivery_time,When will my order be delivered? (request 61),The estimated delivery date is usually shown in your order details and may depend on your location and shipping method.,curated_project_dataset,train
1719,E-commerce,return_order,I want to return something I bought (request 66),You can request a return from the order details if the item meets the seller's return conditions.,curated_project_dataset,train
1720,E-commerce,product_information,Does this product have the features I need? (request 50),"Please check the product specifications and description. If a required feature is unclear, contact the seller for confirmation.",curated_project_dataset,train
1721,E-commerce,cancel_order,How do I stop an order before it ships? (request 48),Open your order details and select cancellation if the option is still available.,curated_project_dataset,train
1722,Healthcare,lab_test,Where can I get my blood test done? (request 58),You can use an authorized laboratory or collection center. Follow the test-specific preparation instructions provided by your healthcare provider.,curated_project_dataset,train
1723,Healthcare,health_insurance,Does my health insurance cover this treatment?,"Coverage depends on your insurance plan, provider network, and policy terms. Check your policy or contact your insurer for confirmation.",curated_project_dataset,train
1724,Finance,balance_inquiry,I want to know my bank balance (request 99),Please check the balance section of your official banking app or online banking account.,curated_project_dataset,train
1725,Finance,credit_card,How do I pay my credit card bill? (request 95),"You can usually pay through the issuer's official app, online banking, bank transfer, or another supported payment method.",curated_project_dataset,train
1726,Finance,credit_card,How do I pay my credit card bill? (request 43),"You can usually pay through the issuer's official app, online banking, bank transfer, or another supported payment method.",curated_project_dataset,train
1727,Healthcare,appointment_reschedule,How can I change my consultation date? (request 100),Use the reschedule option in your appointment details and select a new available date.,curated_project_dataset,train
1728,E-commerce,payment_failed,My payment failed (request 77),"Please verify your payment details, available funds, and any bank authentication requirements, then try again.",curated_project_dataset,train
1729,E-commerce,product_information,Where can I find product specifications? (request 55),Product specifications are usually listed on the product page under the description or specifications section.,curated_project_dataset,train
1730,Finance,bank_account,I want to know: I want to open a new bank account. Can you guide me?,Choose an appropriate account type and follow the bank's official application process. You may need identity and address documents.,curated_project_dataset,train
1731,E-commerce,wrong_product,I got the wrong product. What should I do? (request 36),"Keep the item and packaging, then submit an incorrect-item request through your order details.",curated_project_dataset,train
1732,Finance,card_payment,Please help me: Why did my card payment fail? Can you guide me?,"A card payment may fail because of insufficient funds, incorrect details, security checks, or merchant restrictions.",curated_project_dataset,train
1733,Finance,cash_withdrawal,Why did my cash withdrawal fail?,"A withdrawal may fail because of insufficient funds, card restrictions, ATM issues, or withdrawal limits.",curated_project_dataset,train
1734,Finance,lost_or_stolen_card,Could you help me? My credit card is missing,"If your card is lost or stolen, block it immediately through your bank's official app or contact the bank's customer support.",curated_project_extension,test
1735,E-commerce,cancel_order,How do I stop an order before it ships? (request 96),Open your order details and select cancellation if the option is still available.,curated_project_dataset,test
1736,E-commerce,product_information,Does this product have the features I need? (request 82),"Please check the product specifications and description. If a required feature is unclear, contact the seller for confirmation.",curated_project_dataset,train
1737,Healthcare,appointment_booking,I want to see a doctor.,I can help you schedule a consultation. Please provide the medical specialty or doctor you want to visit.,curated_project_dataset,train
1738,Healthcare,symptoms_information,I want information about my symptoms (request 96),"I can provide general health information, but a clinician should evaluate symptoms to determine the appropriate diagnosis and treatment.",curated_project_dataset,train
1739,E-commerce,cancel_order,I want to cancel my order (request 29),"If the order has not shipped, you may be able to cancel it from your order details. Once shipped, cancellation may no longer be available.",curated_project_dataset,train
1740,Healthcare,appointment_reschedule,Can I move my appointment to next week? (request 63),You can reschedule if the provider has an available slot next week.,curated_project_dataset,train
1741,Healthcare,appointment_reschedule,I need to reschedule my doctor's visit (request 26),"Open your appointment and select Reschedule, then choose another available date and time.",curated_project_dataset,train
1742,Healthcare,symptoms_information,Can you tell me what my symptoms mean? (request 50),Symptoms can have many possible causes. Please consult a healthcare professional for an appropriate evaluation rather than relying on a chatbot for diagnosis.,curated_project_dataset,test
1743,E-commerce,delivery_time,How long does delivery take? (request 66),"Delivery time varies by location, seller, and shipping option. Check the estimated delivery date shown during checkout or in your order.",curated_project_dataset,train
1744,Healthcare,prescription,I lost my prescription. What should I do? (request 47),Contact the prescribing healthcare provider or pharmacist. They can advise whether a replacement or copy can be issued.,curated_project_dataset,train
1745,Finance,transaction_issue,My transaction looks incorrect (request 86),"Please verify the amount, date, and transaction details. If you do not recognize or agree with the transaction, contact your bank promptly.",curated_project_dataset,train
1746,Finance,card_payment,Please help me: My card payment was declined. Can you guide me?,"Check your card status, available funds, payment details, and any bank security restrictions. Contact your bank if the decline continues.",curated_project_dataset,train
1747,E-commerce,damaged_product,What should I do if my item is damaged? (request 62),"Keep the product and packaging, document the damage with photos, and submit a damage claim or return request through the order details.",curated_project_dataset,train
1748,E-commerce,payment_failed,Why was my online payment declined? (request 90),"A payment can fail because of incorrect details, bank restrictions, insufficient funds, or security checks. Contact your bank if the problem continues.",curated_project_dataset,train
1749,Healthcare,medication_information,I need help with this: Can you give me information about a medicine?,"Please provide the medicine name. I can give general information, but medication decisions should be confirmed with a qualified healthcare professional.",curated_project_dataset,train
1750,E-commerce,track_order,How can I track my package? (request 62),Use the tracking link in your order details or provide your order number to check the shipment status.,curated_project_dataset,train
1751,Healthcare,lab_test,Do I need an appointment for a lab test? (request 47),It depends on the laboratory and test. Check the laboratory's booking requirements before visiting.,curated_project_dataset,train
1752,Finance,transfer_failed,The transfer was unsuccessful (request 64),Please review the transaction details and any error message. Your bank can provide the exact reason if the transaction was rejected.,curated_project_dataset,train
1753,Healthcare,lab_test,Where can I get my blood test done? (request 78),You can use an authorized laboratory or collection center. Follow the test-specific preparation instructions provided by your healthcare provider.,curated_project_dataset,train
1754,Finance,transfer_pending,Why is my transfer still pending? (request 30),A transfer may remain pending while the bank processes or verifies it. Check the transaction details for the expected processing time.,curated_project_dataset,train
1755,E-commerce,track_order,What is the status of my order? (request 19),Please provide your order number so the current delivery status can be checked.,curated_project_dataset,train
1756,E-commerce,delivery_time,Do you offer fast delivery? (request 84),"Available delivery speeds depend on the product, seller, location, and shipping options shown at checkout.",curated_project_dataset,train
1757,Finance,balance_inquiry,Can I check my balance online? (request 64),Yes. Most banks provide balance information through their official online banking or mobile application.,curated_project_dataset,train
1758,Healthcare,lab_test,I need information about a medical test (request 32),"Please provide the test name. Preparation, timing, and interpretation can vary by test.",curated_project_dataset,train
1759,Healthcare,emergency_guidance,Can you help me with this? This feels like an emergency.,"Please seek immediate emergency medical assistance. If possible, have someone stay with you while help is arranged.",curated_project_dataset,train
1760,Healthcare,prescription,Please help me: How do I view my prescription?,"If your provider offers online records, sign in to your healthcare account and open the prescription or medication section.",curated_project_dataset,train
1761,E-commerce,wrong_product,My order contains a different product (request 58),Start a return or replacement request for the incorrect item and follow the seller's instructions.,curated_project_dataset,train
1762,E-commerce,return_order,How do I return a product? (request 69),"Open your order details, select the return option if eligible, choose a return reason, and follow the provided instructions.",curated_project_dataset,train
1763,Healthcare,lab_test,Do I need an appointment for a lab test?,It depends on the laboratory and test. Check the laboratory's booking requirements before visiting.,curated_project_dataset,train
1764,Healthcare,medical_report,Where can I see my medical report? (request 77),"If digital records are available, check your healthcare account or patient portal. Otherwise, contact the healthcare provider that performed the test.",curated_project_dataset,train
1765,E-commerce,delivery_time,I want to know: When will my order be delivered?,The estimated delivery date is usually shown in your order details and may depend on your location and shipping method.,curated_project_dataset,train
1766,E-commerce,cancel_order,Can I cancel my purchase? (request 82),Cancellation depends on the order status. Please open the order details and check whether the cancellation option is available.,curated_project_dataset,train
1767,Healthcare,appointment_reschedule,I need to reschedule my doctor's visit (request 30),"Open your appointment and select Reschedule, then choose another available date and time.",curated_project_dataset,train
1768,Healthcare,appointment_cancel,Can I cancel my appointment today? (request 75),"Yes, if cancellation is allowed by the provider. Please check your appointment details for the applicable cancellation policy.",curated_project_dataset,train
1769,Finance,loan_information,How do I check loan eligibility? (request 80),"Eligibility depends on the lender's criteria, which may include income, credit history, employment, and existing obligations.",curated_project_dataset,train
1770,E-commerce,wrong_product,I received the wrong item (request 89),Please report the issue through your order details and provide the order number and photos of the received product if requested.,curated_project_dataset,train
1771,E-commerce,track_order,Where is my order? (request 93),I can help with order tracking. Please provide your order number or tracking details.,curated_project_dataset,train
1772,Finance,transfer_failed,I cannot send money (request 99),"Verify the recipient details and available balance, then try again. If the transfer still fails, contact your bank.",curated_project_dataset,train
1773,Healthcare,lab_test,Do I need an appointment for a lab test? (request 59),It depends on the laboratory and test. Check the laboratory's booking requirements before visiting.,curated_project_dataset,train
1774,Healthcare,medication_information,What is this medicine used for? (request 69),Medication uses depend on the specific medicine and your circumstances. Check the medicine label or consult a pharmacist or doctor for reliable guidance.,curated_project_dataset,train
1775,Healthcare,medical_report,Can you explain my medical report?,"I can explain general medical terminology, but a healthcare professional should interpret your results in the context of your symptoms and medical history.",curated_project_dataset,train
1776,E-commerce,track_order,What is the status of my order? (request 95),Please provide your order number so the current delivery status can be checked.,curated_project_dataset,train
1777,Finance,cash_withdrawal,The ATM did not give me cash (request 86),"If your account was debited, keep the ATM receipt or transaction details and contact your bank immediately for investigation.",curated_project_dataset,train
1778,E-commerce,damaged_product,The package arrived damaged (request 48),Document the package condition and contact customer support or the seller with your order number and photos.,curated_project_dataset,train
1779,Healthcare,prescription,I need help with this: I lost my prescription. What should I do?,Contact the prescribing healthcare provider or pharmacist. They can advise whether a replacement or copy can be issued.,curated_project_dataset,test
1780,Healthcare,appointment_cancel,I need to cancel my doctor's appointment (request 90),Please open your appointment details and select the cancellation option. Check the provider's cancellation policy for any applicable conditions.,curated_project_dataset,train
1781,E-commerce,refund,How does a product refund work? (request 67),"After the return or cancellation is approved, the refund is generally processed to the original payment method, subject to the seller's policy.",curated_project_dataset,train
1782,Finance,cash_withdrawal,Why did my cash withdrawal fail? (request 71),"A withdrawal may fail because of insufficient funds, card restrictions, ATM issues, or withdrawal limits.",curated_project_dataset,train
1783,Healthcare,appointment_booking,How can I book a doctor appointment? (request 29),"You can book an appointment by selecting a doctor, choosing an available date and time, and confirming the booking.",curated_project_dataset,train
1784,Healthcare,lab_test,How do I book a lab test? (request 29),"Select the required test, choose an available laboratory or collection service, and confirm the appointment if booking is available.",curated_project_dataset,train
1785,E-commerce,product_information,Does this product have the features I need? (request 78),"Please check the product specifications and description. If a required feature is unclear, contact the seller for confirmation.",curated_project_dataset,train
1786,Healthcare,appointment_booking,I want to see a doctor (request 92),I can help you schedule a consultation. Please provide the medical specialty or doctor you want to visit.,curated_project_dataset,train
1787,Healthcare,appointment_booking,How can I book a doctor appointment? (request 41),"You can book an appointment by selecting a doctor, choosing an available date and time, and confirming the booking.",curated_project_dataset,train
1788,E-commerce,product_information,How can I get information about a product? (request 37),"Open the product page to view its description, specifications, availability, price, and seller information.",curated_project_dataset,train
1789,Healthcare,lab_test,I need information about a medical test (request 28),"Please provide the test name. Preparation, timing, and interpretation can vary by test.",curated_project_dataset,train
1790,E-commerce,wrong_product,I received the wrong item (request 61),Please report the issue through your order details and provide the order number and photos of the received product if requested.,curated_project_dataset,train
1791,E-commerce,product_information,Where can I find product specifications? (request 23),Product specifications are usually listed on the product page under the description or specifications section.,curated_project_dataset,test
1792,E-commerce,payment_failed,My payment failed (request 29),"Please verify your payment details, available funds, and any bank authentication requirements, then try again.",curated_project_dataset,test
1793,Finance,transfer_failed,I cannot send money (request 95),"Verify the recipient details and available balance, then try again. If the transfer still fails, contact your bank.",curated_project_dataset,train
1794,Healthcare,symptoms_information,I want information about my symptoms (request 56),"I can provide general health information, but a clinician should evaluate symptoms to determine the appropriate diagnosis and treatment.",curated_project_dataset,train
1795,E-commerce,payment_failed,My payment failed (request 33),"Please verify your payment details, available funds, and any bank authentication requirements, then try again.",curated_project_dataset,train
1796,Finance,transaction_issue,Why is my transaction not showing? (request 75),Transaction updates can take time depending on the transaction type. Check again later and contact your bank if the expected posting time has passed.,curated_project_dataset,train
1797,E-commerce,return_order,How do I return a product? (request 85),"Open your order details, select the return option if eligible, choose a return reason, and follow the provided instructions.",curated_project_dataset,test
1798,E-commerce,track_order,My order has not arrived yet (request 68),"Please check the latest tracking update first. If the expected delivery date has passed, contact customer support with your order number.",curated_project_dataset,train
1799,E-commerce,payment_failed,Please help me: My payment failed.,"Please verify your payment details, available funds, and any bank authentication requirements, then try again.",curated_project_dataset,train
1800,Healthcare,appointment_cancel,Can I cancel my appointment today? (request 51),"Yes, if cancellation is allowed by the provider. Please check your appointment details for the applicable cancellation policy.",curated_project_dataset,train
1801,Finance,card_payment,My debit card payment did not work (request 48),"Please check your card balance and status. If the issue continues, contact your bank for assistance.",curated_project_dataset,train
1802,E-commerce,account_issue,I forgot my account password (request 78),Use the password-reset option associated with your account email or phone number.,curated_project_dataset,train
1803,Healthcare,lab_test,I need information about a medical test.,"Please provide the test name. Preparation, timing, and interpretation can vary by test.",curated_project_dataset,train
1804,E-commerce,refund,When will I get my refund? (request 37),Refund timing depends on the payment method and seller's processing time. Check your order's refund status for the latest update.,curated_project_dataset,train
1805,E-commerce,track_order,Where is my order? (request 73),I can help with order tracking. Please provide your order number or tracking details.,curated_project_dataset,train
1806,Finance,transfer_pending,Why is my transfer still pending? (request 78),A transfer may remain pending while the bank processes or verifies it. Check the transaction details for the expected processing time.,curated_project_dataset,train
1807,Finance,balance_inquiry,What is my account balance? (request 25),"You can check your current balance through your bank's official mobile app, online banking portal, ATM, or branch.",curated_project_dataset,train
1808,E-commerce,product_information,Is this item available? (request 88),Check the product page for the latest stock status. Availability can change quickly.,curated_project_dataset,train
1809,Healthcare,lab_test,Where can I get my blood test done? (request 94),You can use an authorized laboratory or collection center. Follow the test-specific preparation instructions provided by your healthcare provider.,curated_project_dataset,train
1810,E-commerce,track_order,What is the status of my order? (request 55),Please provide your order number so the current delivery status can be checked.,curated_project_dataset,train
1811,Healthcare,lab_test,How do I book a lab test? (request 41),"Select the required test, choose an available laboratory or collection service, and confirm the appointment if booking is available.",curated_project_dataset,train
1812,E-commerce,wrong_product,I want to know: The product I received is not what I ordered.,Please report the mismatch through customer support or the order return process so the issue can be investigated.,curated_project_dataset,train
1813,Finance,lost_or_stolen_card,Could you help me? My ATM card was stolen,"If your card is lost or stolen, block it immediately through your bank's official app or contact the bank's customer support.",curated_project_extension,train
1814,Healthcare,health_insurance,Does my health insurance cover this treatment? (request 81),"Coverage depends on your insurance plan, provider network, and policy terms. Check your policy or contact your insurer for confirmation.",curated_project_dataset,train
1815,E-commerce,delivery_time,How long does delivery take? (request 82),"Delivery time varies by location, seller, and shipping option. Check the estimated delivery date shown during checkout or in your order.",curated_project_dataset,test
1816,Healthcare,symptoms_information,What should I do about these symptoms? (request 93),"I can provide general information, but symptoms alone cannot establish a diagnosis. For persistent, severe, or worrying symptoms, consult a qualified healthcare professional.",curated_project_dataset,train
1817,Healthcare,medication_information,I want information about my medication (request 64),Please share the medicine name if you want general information. Do not change the prescribed dose without consulting your healthcare professional.,curated_project_dataset,train
1818,E-commerce,track_order,I want to know: Where is my order?,I can help with order tracking. Please provide your order number or tracking details.,curated_project_dataset,train
1819,Healthcare,symptoms_information,What should I do about these symptoms? (request 65),"I can provide general information, but symptoms alone cannot establish a diagnosis. For persistent, severe, or worrying symptoms, consult a qualified healthcare professional.",curated_project_dataset,train
1820,E-commerce,product_information,Please help me: How can I get information about a product?,"Open the product page to view its description, specifications, availability, price, and seller information.",curated_project_dataset,train
1821,E-commerce,refund,I want to know: When will I get my refund?,Refund timing depends on the payment method and seller's processing time. Check your order's refund status for the latest update.,curated_project_dataset,train
1822,Finance,balance_inquiry,Can I check my balance online? (request 84),Yes. Most banks provide balance information through their official online banking or mobile application.,curated_project_dataset,train
1823,Finance,card_payment,Can you help me with this? My card payment was declined. Can you guide me?,"Check your card status, available funds, payment details, and any bank security restrictions. Contact your bank if the decline continues.",curated_project_dataset,train
1824,Finance,transaction_issue,There is a problem with my transaction (request 57),"Review the transaction details and status in your banking account. If the issue is unresolved, contact your bank with the transaction reference.",curated_project_dataset,train
1825,E-commerce,product_information,Where can I find product specifications? (request 95),Product specifications are usually listed on the product page under the description or specifications section.,curated_project_dataset,train
1826,Finance,transaction_issue,Why is my transaction not showing? (request 27),Transaction updates can take time depending on the transaction type. Check again later and contact your bank if the expected posting time has passed.,curated_project_dataset,train
1827,E-commerce,account_issue,I want to know: I cannot access my shopping account.,"Use the account recovery or password-reset option. If you still cannot sign in, contact customer support through the official channel.",curated_project_dataset,train
1828,Finance,fraud_transaction,Someone may have used my card (request 42),"Contact your card issuer immediately using the official number or app, secure your account, and follow the issuer's instructions for reporting suspected fraud.",curated_project_dataset,train
1829,E-commerce,return_order,I need help with this: What is the process for returning an item?,"Start a return request from your order details, select the reason, and follow the packaging and pickup or drop-off instructions.",curated_project_dataset,train
1830,Finance,card_payment,Why did my card payment fail? (request 90),"A card payment may fail because of insufficient funds, incorrect details, security checks, or merchant restrictions.",curated_project_dataset,test
1831,Finance,cash_withdrawal,My ATM transaction failed. Can you guide me?,Check your account and ATM transaction status. Contact your bank if money was debited or the issue continues.,curated_project_dataset,train
1832,Finance,transfer_failed,Why did my transfer fail? (request 86),"Transfers can fail because of incorrect details, account restrictions, insufficient funds, or bank-side issues. Check the transaction information and contact your bank if needed.",curated_project_dataset,train
1833,Finance,transfer_pending,My bank transfer has not completed (request 47),"Please check the transfer status and expected processing time. If it remains pending longer than expected, contact your bank.",curated_project_dataset,train
1834,Healthcare,symptoms_information,Can you tell me what my symptoms mean? (request 94),Symptoms can have many possible causes. Please consult a healthcare professional for an appropriate evaluation rather than relying on a chatbot for diagnosis.,curated_project_dataset,train
1835,Healthcare,lab_test,Please help me: Where can I get my blood test done?,You can use an authorized laboratory or collection center. Follow the test-specific preparation instructions provided by your healthcare provider.,curated_project_dataset,train
1836,Healthcare,prescription,I lost my prescription. What should I do? (request 71),Contact the prescribing healthcare provider or pharmacist. They can advise whether a replacement or copy can be issued.,curated_project_dataset,train
1837,Healthcare,prescription,Where can I find my prescription? (request 77),Your prescription may be available in your healthcare account or provided by your doctor. Check your medical records or contact the clinic.,curated_project_dataset,train
1838,E-commerce,return_order,What is the process for returning an item? (request 52),"Start a return request from your order details, select the reason, and follow the packaging and pickup or drop-off instructions.",curated_project_dataset,train
1839,Healthcare,appointment_booking,Can I make an appointment for tomorrow? (request 23),"Yes, if appointments are available. Please select the doctor and check tomorrow's available time slots.",curated_project_dataset,train
1840,E-commerce,payment_failed,Why was my online payment declined? (request 62),"A payment can fail because of incorrect details, bank restrictions, insufficient funds, or security checks. Contact your bank if the problem continues.",curated_project_dataset,train
1841,Healthcare,prescription,Can I get a copy of my prescription? (request 90),"You can request a copy from your prescribing doctor or healthcare provider, subject to their procedures.",curated_project_dataset,train
1842,E-commerce,payment_failed,I cannot complete my payment (request 55),"Check the payment method and billing details, then retry. If it still fails, try another supported payment method.",curated_project_dataset,train
1843,Finance,fraud_transaction,There is a suspicious transaction on my account (request 35),Review the transaction and report it to your bank promptly if you did not authorize it. Use only official banking contact channels.,curated_project_dataset,train
1844,E-commerce,cancel_order,Please cancel my order (request 67),I can guide you through cancellation. Check your order details for the Cancel Order option.,curated_project_dataset,train
1845,Finance,cash_withdrawal,The ATM did not give me cash (request 30),"If your account was debited, keep the ATM receipt or transaction details and contact your bank immediately for investigation.",curated_project_dataset,train
1846,Finance,lost_or_stolen_card,My debit card is missing Can you assist?,"If your card is lost or stolen, block it immediately through your bank's official app or contact the bank's customer support.",curated_project_extension,validation
1847,Finance,fraud_transaction,Can you help me with this? Someone may have used my card. Can you guide me?,"Contact your card issuer immediately using the official number or app, secure your account, and follow the issuer's instructions for reporting suspected fraud.",curated_project_dataset,train
1848,Healthcare,medical_report,How do I download my lab report? (request 100),"If online access is provided, sign in to the patient portal and look under reports or test results.",curated_project_dataset,train
1849,E-commerce,refund,I want to know my refund status (request 64),Please provide your order details or check the refund section of your account for the latest status.,curated_project_dataset,train
1850,Healthcare,prescription,Where can I find my prescription? (request 41),Your prescription may be available in your healthcare account or provided by your doctor. Check your medical records or contact the clinic.,curated_project_dataset,train
1851,Healthcare,lab_test,Do I need an appointment for a lab test? (request 15),It depends on the laboratory and test. Check the laboratory's booking requirements before visiting.,curated_project_dataset,train
1852,E-commerce,return_order,How do I return a product? (request 45),"Open your order details, select the return option if eligible, choose a return reason, and follow the provided instructions.",curated_project_dataset,train
1853,Healthcare,symptoms_information,I want information about my symptoms (request 52),"I can provide general health information, but a clinician should evaluate symptoms to determine the appropriate diagnosis and treatment.",curated_project_dataset,train
1854,Finance,card_payment,I cannot pay with my card (request 35),"Verify that your card is active and has sufficient funds. If payments continue to fail, contact your card issuer.",curated_project_dataset,train
1855,E-commerce,payment_failed,My payment failed (request 89),"Please verify your payment details, available funds, and any bank authentication requirements, then try again.",curated_project_dataset,train
1856,Finance,transaction_issue,I need help with a bank transaction (request 60),Please check the transaction status and reference number. Your bank can investigate account-specific transaction issues.,curated_project_dataset,train
1857,Finance,credit_card,I need help with my credit card (request 28),"Please specify whether you need help with payments, limits, transactions, fees, or card access so the appropriate guidance can be provided.",curated_project_dataset,train
1858,Healthcare,health_insurance,Can I use insurance for my hospital visit? (request 47),This depends on your plan and the healthcare provider. Confirm eligibility and any pre-authorization requirements with your insurer.,curated_project_dataset,train
1859,Finance,lost_or_stolen_card,Can you help? I lost my bank card,"If your card is lost or stolen, block it immediately through your bank's official app or contact the bank's customer support.",curated_project_extension,train
1860,Finance,credit_card,What is my credit card limit? (request 58),"Your current credit limit is available through your card issuer's official app, online account, statement, or customer service.",curated_project_dataset,train
1861,Finance,balance_inquiry,I want to know my bank balance (request 31),Please check the balance section of your official banking app or online banking account.,curated_project_dataset,train
1862,Healthcare,prescription,Can I get a copy of my prescription? (request 34),"You can request a copy from your prescribing doctor or healthcare provider, subject to their procedures.",curated_project_dataset,train
1863,Healthcare,prescription,Can I get a copy of my prescription?,"You can request a copy from your prescribing doctor or healthcare provider, subject to their procedures.",curated_project_dataset,train
1864,E-commerce,refund,I want to know my refund status (request 60),Please provide your order details or check the refund section of your account for the latest status.,curated_project_dataset,train
1865,Healthcare,symptoms_information,I want information about my symptoms.,"I can provide general health information, but a clinician should evaluate symptoms to determine the appropriate diagnosis and treatment.",curated_project_dataset,train
1866,Healthcare,appointment_booking,I want to know: I need to schedule a consultation.,Sure. Please choose the required doctor or specialty and select an available appointment slot.,curated_project_dataset,train
1867,Finance,card_payment,I cannot pay with my card (request 43),"Verify that your card is active and has sufficient funds. If payments continue to fail, contact your card issuer.",curated_project_dataset,train
1868,E-commerce,refund,My refund has not arrived (request 94),"Please check the refund status and original payment method. If the stated processing period has passed, contact customer support with your order details.",curated_project_dataset,train
1869,Finance,fraud_transaction,I do not recognize a transaction (request 73),"If you do not recognize a transaction, contact your bank or card issuer through its official channel immediately and follow its fraud-reporting process.",curated_project_dataset,train
1870,E-commerce,refund,My refund has not arrived (request 70),"Please check the refund status and original payment method. If the stated processing period has passed, contact customer support with your order details.",curated_project_dataset,train
1871,E-commerce,account_issue,I forgot my account password (request 34),Use the password-reset option associated with your account email or phone number.,curated_project_dataset,train
1872,E-commerce,payment_failed,I cannot complete my payment (request 91),"Check the payment method and billing details, then retry. If it still fails, try another supported payment method.",curated_project_dataset,train
1873,Finance,loan_information,How do I check loan eligibility? (request 44),"Eligibility depends on the lender's criteria, which may include income, credit history, employment, and existing obligations.",curated_project_dataset,train
1874,Finance,loan_information,What documents are required for a loan? (request 43),"Requirements depend on the lender and loan type. Commonly requested documents may include identity, income, and address information.",curated_project_dataset,train
1875,Finance,bank_account,Can I open a bank account online? (request 64),"Many banks offer online account opening, subject to eligibility and verification requirements. Check your bank's official website.",curated_project_dataset,train
1876,Healthcare,health_insurance,How can I check my medical insurance coverage? (request 50),Review your policy documents or contact the insurer using the official customer-service channel to confirm coverage.,curated_project_dataset,train
1877,Finance,credit_card,I need help with my credit card (request 56),"Please specify whether you need help with payments, limits, transactions, fees, or card access so the appropriate guidance can be provided.",curated_project_dataset,train
1878,E-commerce,delivery_time,When will my order be delivered? (request 77),The estimated delivery date is usually shown in your order details and may depend on your location and shipping method.,curated_project_dataset,train
1879,Finance,lost_or_stolen_card,I lost my bank card,"If your card is lost or stolen, block it immediately through your bank's official app or contact the bank's customer support.",curated_project_extension,train
1880,E-commerce,damaged_product,The package arrived damaged.,Document the package condition and contact customer support or the seller with your order number and photos.,curated_project_dataset,train
1881,E-commerce,account_issue,My account is not working (request 72),"Try signing out and back in or resetting your password. If the problem continues, contact customer support.",curated_project_dataset,train
1882,Healthcare,medication_information,Can you give me information about a medicine? (request 94),"Please provide the medicine name. I can give general information, but medication decisions should be confirmed with a qualified healthcare professional.",curated_project_dataset,train
1883,Finance,transfer_pending,My money transfer is pending (request 89),Pending transfers can take time depending on the bank and transfer type. Please check the transaction status and contact your bank if it remains pending beyond the expected processing period.,curated_project_dataset,train
1884,Finance,fraud_transaction,I think my account has been compromised (request 88),"Contact your bank immediately through an official channel, secure your account credentials, and follow its instructions for protecting the account.",curated_project_dataset,train
1885,E-commerce,account_issue,I forgot my account password (request 38),Use the password-reset option associated with your account email or phone number.,curated_project_dataset,test
1886,Healthcare,medical_report,I received my test report. What does it mean? (request 75),"Please discuss the report with your healthcare professional, who can interpret the findings using your clinical history and examination.",curated_project_dataset,train
1887,Healthcare,medication_information,How should I learn about my prescribed medicine? (request 47),"Review the prescription and medication leaflet, and ask your doctor or pharmacist about dosage, interactions, and precautions.",curated_project_dataset,train
1888,E-commerce,product_information,Can you help me with this? Is this item available?,Check the product page for the latest stock status. Availability can change quickly.,curated_project_dataset,train
1889,E-commerce,track_order,How can I track my package? (request 94),Use the tracking link in your order details or provide your order number to check the shipment status.,curated_project_dataset,train
1890,E-commerce,product_information,Is this item available? (request 100),Check the product page for the latest stock status. Availability can change quickly.,curated_project_dataset,train
1891,E-commerce,payment_failed,I cannot complete my payment (request 99),"Check the payment method and billing details, then retry. If it still fails, try another supported payment method.",curated_project_dataset,train
1892,Healthcare,medication_information,I want information about my medication (request 80),Please share the medicine name if you want general information. Do not change the prescribed dose without consulting your healthcare professional.,curated_project_dataset,train
1893,E-commerce,cancel_order,Please cancel my order (request 91),I can guide you through cancellation. Check your order details for the Cancel Order option.,curated_project_dataset,train
1894,E-commerce,delivery_time,Do you offer fast delivery?,"Available delivery speeds depend on the product, seller, location, and shipping options shown at checkout.",curated_project_dataset,train
1895,E-commerce,account_issue,I cannot access my shopping account (request 5),"Use the account recovery or password-reset option. If you still cannot sign in, contact customer support through the official channel.",curated_project_dataset,train
1896,Finance,balance_inquiry,How can I check my balance? (request 86),Use your bank's official app or online banking service to view your current account balance.,curated_project_dataset,train
1897,E-commerce,cancel_order,Can I cancel my purchase? (request 70),Cancellation depends on the order status. Please open the order details and check whether the cancellation option is available.,curated_project_dataset,train
1898,E-commerce,product_information,Where can I find product specifications? (request 47),Product specifications are usually listed on the product page under the description or specifications section.,curated_project_dataset,train
1899,Finance,balance_inquiry,What is my account balance? Can you guide me?,"You can check your current balance through your bank's official mobile app, online banking portal, ATM, or branch.",curated_project_dataset,train
1900,Healthcare,emergency_guidance,I need help with this: What should I do in a medical emergency?,"For a serious or life-threatening emergency, seek immediate emergency medical care or contact your local emergency service. Do not rely on a chatbot for emergency treatment.",curated_project_dataset,train
1901,Finance,fraud_transaction,I think my account has been compromised (request 36),"Contact your bank immediately through an official channel, secure your account credentials, and follow its instructions for protecting the account.",curated_project_dataset,train
1902,E-commerce,track_order,My order has not arrived yet (request 48),"Please check the latest tracking update first. If the expected delivery date has passed, contact customer support with your order number.",curated_project_dataset,train
1903,E-commerce,return_order,How do I return a product? (request 93),"Open your order details, select the return option if eligible, choose a return reason, and follow the provided instructions.",curated_project_dataset,train
1904,Finance,fraud_transaction,Someone may have used my card (request 62),"Contact your card issuer immediately using the official number or app, secure your account, and follow the issuer's instructions for reporting suspected fraud.",curated_project_dataset,train
1905,Finance,fraud_transaction,I think my account has been compromised (request 76),"Contact your bank immediately through an official channel, secure your account credentials, and follow its instructions for protecting the account.",curated_project_dataset,train
1906,Healthcare,appointment_cancel,How do I cancel my appointment? (request 77),"You can cancel the appointment from your booking details. If cancellation is unavailable online, contact the healthcare provider.",curated_project_dataset,validation
1907,Finance,bank_account,Can I open a bank account online? (request 32),"Many banks offer online account opening, subject to eligibility and verification requirements. Check your bank's official website.",curated_project_dataset,train
1908,Finance,bank_account,How do I open a bank account? (request 57),"Account-opening requirements vary by bank. Check the bank's official website or branch for eligibility, documents, and application steps.",curated_project_dataset,train
1909,E-commerce,product_information,Is this item available? (request 72),Check the product page for the latest stock status. Availability can change quickly.,curated_project_dataset,train
1910,Healthcare,emergency_guidance,I have a severe medical problem. What should I do? (request 58),"Seek urgent medical attention immediately, especially if symptoms are severe, sudden, or life-threatening.",curated_project_dataset,train
1911,E-commerce,delivery_time,How long does delivery take? (request 58),"Delivery time varies by location, seller, and shipping option. Check the estimated delivery date shown during checkout or in your order.",curated_project_dataset,train
1912,Healthcare,medication_information,I want information about my medication (request 44),Please share the medicine name if you want general information. Do not change the prescribed dose without consulting your healthcare professional.,curated_project_dataset,train
1913,Finance,card_payment,Can you help me with this? I cannot pay with my card. Can you guide me?,"Verify that your card is active and has sufficient funds. If payments continue to fail, contact your card issuer.",curated_project_dataset,train
1914,Finance,card_payment,My card payment was declined (request 73),"Check your card status, available funds, payment details, and any bank security restrictions. Contact your bank if the decline continues.",curated_project_dataset,train
1915,Finance,transaction_issue,My transaction looks incorrect (request 54),"Please verify the amount, date, and transaction details. If you do not recognize or agree with the transaction, contact your bank promptly.",curated_project_dataset,train
1916,Finance,lost_or_stolen_card,Please assist me. I cannot find my credit card,"If your card is lost or stolen, block it immediately through your bank's official app or contact the bank's customer support.",curated_project_extension,train
1917,E-commerce,account_issue,My account is not working (request 88),"Try signing out and back in or resetting your password. If the problem continues, contact customer support.",curated_project_dataset,train
1918,E-commerce,cancel_order,How do I stop an order before it ships? (request 76),Open your order details and select cancellation if the option is still available.,curated_project_dataset,train
1919,E-commerce,delivery_time,How long does delivery take? (request 94),"Delivery time varies by location, seller, and shipping option. Check the estimated delivery date shown during checkout or in your order.",curated_project_dataset,train
1920,E-commerce,product_information,How can I get information about a product? (request 93),"Open the product page to view its description, specifications, availability, price, and seller information.",curated_project_dataset,train
1921,Finance,bank_account,What documents are needed to open an account? Can you guide me?,Requirements vary by bank and account type. Check the bank's official documentation for current identity and address requirements.,curated_project_dataset,train
1922,Finance,fraud_transaction,There is a suspicious transaction on my account (request 47),Review the transaction and report it to your bank promptly if you did not authorize it. Use only official banking contact channels.,curated_project_dataset,train
1923,Finance,fraud_transaction,I want to know: Someone may have used my card. Can you guide me?,"Contact your card issuer immediately using the official number or app, secure your account, and follow the issuer's instructions for reporting suspected fraud.",curated_project_dataset,train
1924,Finance,transaction_issue,I need help with a bank transaction (request 68),Please check the transaction status and reference number. Your bank can investigate account-specific transaction issues.,curated_project_dataset,train
1925,Finance,transaction_issue,My transaction looks incorrect (request 90),"Please verify the amount, date, and transaction details. If you do not recognize or agree with the transaction, contact your bank promptly.",curated_project_dataset,train
1926,Healthcare,medication_information,I want information about my medication (request 60),Please share the medicine name if you want general information. Do not change the prescribed dose without consulting your healthcare professional.,curated_project_dataset,train
1927,E-commerce,refund,When will I get my refund? (request 53),Refund timing depends on the payment method and seller's processing time. Check your order's refund status for the latest update.,curated_project_dataset,train
1928,Finance,credit_card,What is my credit card limit? (request 62),"Your current credit limit is available through your card issuer's official app, online account, statement, or customer service.",curated_project_dataset,train
1929,E-commerce,wrong_product,I received the wrong item (request 41),Please report the issue through your order details and provide the order number and photos of the received product if requested.,curated_project_dataset,train
1930,Healthcare,emergency_guidance,I have a severe medical problem. What should I do? (request 50),"Seek urgent medical attention immediately, especially if symptoms are severe, sudden, or life-threatening.",curated_project_dataset,train
1931,Finance,credit_card,What is my credit card limit? (request 66),"Your current credit limit is available through your card issuer's official app, online account, statement, or customer service.",curated_project_dataset,train
1932,E-commerce,track_order,What is the status of my order? (request 79),Please provide your order number so the current delivery status can be checked.,curated_project_dataset,train
1933,Healthcare,emergency_guidance,What should I do in a medical emergency? (request 5),"For a serious or life-threatening emergency, seek immediate emergency medical care or contact your local emergency service. Do not rely on a chatbot for emergency treatment.",curated_project_dataset,train
1934,E-commerce,track_order,What is the status of my order? (request 35),Please provide your order number so the current delivery status can be checked.,curated_project_dataset,train
1935,Finance,transfer_pending,My money transfer is pending (request 69),Pending transfers can take time depending on the bank and transfer type. Please check the transaction status and contact your bank if it remains pending beyond the expected processing period.,curated_project_dataset,train
1936,Finance,transaction_issue,There is a problem with my transaction (request 89),"Review the transaction details and status in your banking account. If the issue is unresolved, contact your bank with the transaction reference.",curated_project_dataset,train
1937,E-commerce,return_order,I want to return something I bought (request 78),You can request a return from the order details if the item meets the seller's return conditions.,curated_project_dataset,train
1938,Finance,transaction_issue,Why is my transaction not showing? (request 31),Transaction updates can take time depending on the transaction type. Check again later and contact your bank if the expected posting time has passed.,curated_project_dataset,train
1939,E-commerce,delivery_time,Can I know the expected delivery date? (request 71),Yes. Check your order details for the current estimated delivery date.,curated_project_dataset,train
1940,E-commerce,return_order,Can I return my product? (request 95),"Return eligibility depends on the product, seller policy, and purchase date. Check the return policy associated with your order.",curated_project_dataset,train
1941,Finance,card_payment,I want to know: My debit card payment did not work. Can you guide me?,"Please check your card balance and status. If the issue continues, contact your bank for assistance.",curated_project_dataset,train
1942,Finance,transaction_issue,There is a problem with my transaction (request 29),"Review the transaction details and status in your banking account. If the issue is unresolved, contact your bank with the transaction reference.",curated_project_dataset,train
1943,E-commerce,damaged_product,My product arrived damaged (request 65),"Please take photos of the damaged item and packaging, then report the issue through the order's return or support process as soon as possible.",curated_project_dataset,train
1944,Finance,card_payment,I cannot pay with my card (request 39),"Verify that your card is active and has sufficient funds. If payments continue to fail, contact your card issuer.",curated_project_dataset,train
1945,Healthcare,lab_test,Where can I get my blood test done? (request 82),You can use an authorized laboratory or collection center. Follow the test-specific preparation instructions provided by your healthcare provider.,curated_project_dataset,train
1946,Healthcare,medication_information,How should I learn about my prescribed medicine? (request 79),"Review the prescription and medication leaflet, and ask your doctor or pharmacist about dosage, interactions, and precautions.",curated_project_dataset,train
1947,E-commerce,return_order,How do I return a product? (request 81),"Open your order details, select the return option if eligible, choose a return reason, and follow the provided instructions.",curated_project_dataset,train
1948,Healthcare,prescription,Can I get a copy of my prescription? (request 26),"You can request a copy from your prescribing doctor or healthcare provider, subject to their procedures.",curated_project_dataset,train
1949,E-commerce,payment_failed,My payment failed (request 73),"Please verify your payment details, available funds, and any bank authentication requirements, then try again.",curated_project_dataset,train
1950,Finance,bank_account,How do I open a bank account? (request 33),"Account-opening requirements vary by bank. Check the bank's official website or branch for eligibility, documents, and application steps.",curated_project_dataset,train
1951,E-commerce,account_issue,I cannot access my shopping account (request 97),"Use the account recovery or password-reset option. If you still cannot sign in, contact customer support through the official channel.",curated_project_dataset,train
1952,Finance,transaction_issue,There is a problem with my transaction (request 65),"Review the transaction details and status in your banking account. If the issue is unresolved, contact your bank with the transaction reference.",curated_project_dataset,train
1953,Finance,fraud_transaction,There is a suspicious transaction on my account (request 95),Review the transaction and report it to your bank promptly if you did not authorize it. Use only official banking contact channels.,curated_project_dataset,train
1954,Healthcare,symptoms_information,I have been feeling unwell. What should I do? (request 39),"If symptoms are mild, monitor them and consider contacting a healthcare professional. Seek urgent medical care if symptoms are severe or rapidly worsening.",curated_project_dataset,train
1955,Finance,credit_card,How do I pay my credit card bill? (request 31),"You can usually pay through the issuer's official app, online banking, bank transfer, or another supported payment method.",curated_project_dataset,train
1956,Healthcare,health_insurance,Does my health insurance cover this treatment? (request 9),"Coverage depends on your insurance plan, provider network, and policy terms. Check your policy or contact your insurer for confirmation.",curated_project_dataset,train
1957,Finance,loan_information,How do I check loan eligibility? (request 72),"Eligibility depends on the lender's criteria, which may include income, credit history, employment, and existing obligations.",curated_project_dataset,train
1958,Finance,transfer_failed,I need help with this: I cannot send money. Can you guide me?,"Verify the recipient details and available balance, then try again. If the transfer still fails, contact your bank.",curated_project_dataset,train
1959,E-commerce,delivery_time,How long does delivery take? (request 38),"Delivery time varies by location, seller, and shipping option. Check the estimated delivery date shown during checkout or in your order.",curated_project_dataset,train
1960,Healthcare,appointment_booking,How can I book a doctor appointment? (request 77),"You can book an appointment by selecting a doctor, choosing an available date and time, and confirming the booking.",curated_project_dataset,train
1961,Finance,transfer_failed,I cannot send money (request 91),"Verify the recipient details and available balance, then try again. If the transfer still fails, contact your bank.",curated_project_dataset,train
1962,Finance,card_payment,My debit card payment did not work (request 36),"Please check your card balance and status. If the issue continues, contact your bank for assistance.",curated_project_dataset,train
1963,Healthcare,appointment_reschedule,Can I change my appointment time? (request 61),"Yes. If another slot is available, you can reschedule the appointment from your booking details.",curated_project_dataset,train
1964,E-commerce,account_issue,I forgot my account password (request 94),Use the password-reset option associated with your account email or phone number.,curated_project_dataset,train
1965,Finance,credit_card,How do I pay my credit card bill? (request 83),"You can usually pay through the issuer's official app, online banking, bank transfer, or another supported payment method.",curated_project_dataset,train
1966,Finance,cash_withdrawal,I could not withdraw cash (request 89),"Check whether your card is active and whether you have sufficient available balance. If the ATM charged you without dispensing cash, contact your bank promptly.",curated_project_dataset,train
1967,Finance,card_payment,I cannot pay with my card (request 51),"Verify that your card is active and has sufficient funds. If payments continue to fail, contact your card issuer.",curated_project_dataset,train
1968,Finance,credit_card,I need help with my credit card (request 96),"Please specify whether you need help with payments, limits, transactions, fees, or card access so the appropriate guidance can be provided.",curated_project_dataset,train
1969,Finance,balance_inquiry,Can you help me with this? What is my account balance? Can you guide me?,"You can check your current balance through your bank's official mobile app, online banking portal, ATM, or branch.",curated_project_dataset,train
1970,Healthcare,appointment_booking,I want to see a doctor (request 76),I can help you schedule a consultation. Please provide the medical specialty or doctor you want to visit.,curated_project_dataset,train
1971,Healthcare,appointment_booking,Can I make an appointment for tomorrow? (request 27),"Yes, if appointments are available. Please select the doctor and check tomorrow's available time slots.",curated_project_dataset,train
1972,Healthcare,lab_test,I want to know: I need information about a medical test.,"Please provide the test name. Preparation, timing, and interpretation can vary by test.",curated_project_dataset,train
1973,Finance,balance_inquiry,How can I check my balance? (request 26),Use your bank's official app or online banking service to view your current account balance.,curated_project_dataset,train
1974,E-commerce,refund,I want to know my refund status (request 56),Please provide your order details or check the refund section of your account for the latest status.,curated_project_dataset,train
1975,Finance,balance_inquiry,Can I check my balance online? (request 56),Yes. Most banks provide balance information through their official online banking or mobile application.,curated_project_dataset,train
1976,Finance,cash_withdrawal,The ATM did not give me cash (request 42),"If your account was debited, keep the ATM receipt or transaction details and contact your bank immediately for investigation.",curated_project_dataset,train
1977,E-commerce,delivery_time,Do you offer fast delivery? (request 44),"Available delivery speeds depend on the product, seller, location, and shipping options shown at checkout.",curated_project_dataset,train
1978,Finance,fraud_transaction,There is a suspicious transaction on my account. Can you guide me?,Review the transaction and report it to your bank promptly if you did not authorize it. Use only official banking contact channels.,curated_project_dataset,train
1979,E-commerce,refund,My refund has not arrived (request 66),"Please check the refund status and original payment method. If the stated processing period has passed, contact customer support with your order details.",curated_project_dataset,train
1980,E-commerce,delivery_time,Can I know the expected delivery date? (request 27),Yes. Check your order details for the current estimated delivery date.,curated_project_dataset,train
1981,E-commerce,wrong_product,I got the wrong product. What should I do? (request 72),"Keep the item and packaging, then submit an incorrect-item request through your order details.",curated_project_dataset,train
1982,Healthcare,medical_report,Where can I see my medical report? (request 97),"If digital records are available, check your healthcare account or patient portal. Otherwise, contact the healthcare provider that performed the test.",curated_project_dataset,train
1983,Healthcare,health_insurance,I need information about health insurance.,"Please specify whether you need help with coverage, claims, eligibility, or policy information so the appropriate guidance can be provided.",curated_project_dataset,train
1984,E-commerce,payment_failed,My payment failed (request 37),"Please verify your payment details, available funds, and any bank authentication requirements, then try again.",curated_project_dataset,train
1985,E-commerce,damaged_product,The package arrived damaged (request 44),Document the package condition and contact customer support or the seller with your order number and photos.,curated_project_dataset,train
1986,Finance,loan_information,How do I check loan eligibility? (request 68),"Eligibility depends on the lender's criteria, which may include income, credit history, employment, and existing obligations.",curated_project_dataset,test
1987,Finance,loan_information,How do I check loan eligibility? (request 76),"Eligibility depends on the lender's criteria, which may include income, credit history, employment, and existing obligations.",curated_project_dataset,train
1988,E-commerce,damaged_product,What should I do if my item is damaged? (request 74),"Keep the product and packaging, document the damage with photos, and submit a damage claim or return request through the order details.",curated_project_dataset,train
1989,Finance,bank_account,I want to open a new bank account (request 91),Choose an appropriate account type and follow the bank's official application process. You may need identity and address documents.,curated_project_dataset,train
1990,Healthcare,prescription,I need help with this: Can I get a copy of my prescription?,"You can request a copy from your prescribing doctor or healthcare provider, subject to their procedures.",curated_project_dataset,train
1991,E-commerce,return_order,Can I return my product? (request 31),"Return eligibility depends on the product, seller policy, and purchase date. Check the return policy associated with your order.",curated_project_dataset,train
1992,E-commerce,refund,I want to know: How does a product refund work?,"After the return or cancellation is approved, the refund is generally processed to the original payment method, subject to the seller's policy.",curated_project_dataset,train
1993,E-commerce,refund,When will I get my refund? (request 77),Refund timing depends on the payment method and seller's processing time. Check your order's refund status for the latest update.,curated_project_dataset,train
1994,Healthcare,appointment_reschedule,Can I move my appointment to next week? (request 7),You can reschedule if the provider has an available slot next week.,curated_project_dataset,train
1995,Finance,lost_or_stolen_card,My credit card is missing Please help.,"If your card is lost or stolen, block it immediately through your bank's official app or contact the bank's customer support.",curated_project_extension,train
1996,Finance,balance_inquiry,I want to know: How can I check my balance? Can you guide me?,Use your bank's official app or online banking service to view your current account balance.,curated_project_dataset,validation
1997,Healthcare,medical_report,Can you explain my medical report? (request 70),"I can explain general medical terminology, but a healthcare professional should interpret your results in the context of your symptoms and medical history.",curated_project_dataset,train
1998,E-commerce,product_information,How can I get information about a product? (request 49),"Open the product page to view its description, specifications, availability, price, and seller information.",curated_project_dataset,train
1999,Healthcare,appointment_reschedule,Can I change my appointment time? (request 25),"Yes. If another slot is available, you can reschedule the appointment from your booking details.",curated_project_dataset,train
2000,Finance,cash_withdrawal,I want to know: Why did my cash withdrawal fail? Can you guide me?,"A withdrawal may fail because of insufficient funds, card restrictions, ATM issues, or withdrawal limits.",curated_project_dataset,train
2001,E-commerce,return_order,How do I return a product?,"Open your order details, select the return option if eligible, choose a return reason, and follow the provided instructions.",curated_project_dataset,train
2002,Healthcare,prescription,Where can I find my prescription? (request 97),Your prescription may be available in your healthcare account or provided by your doctor. Check your medical records or contact the clinic.,curated_project_dataset,train
2003,Healthcare,health_insurance,How can I check my medical insurance coverage? (request 78),Review your policy documents or contact the insurer using the official customer-service channel to confirm coverage.,curated_project_dataset,train
2004,Healthcare,emergency_guidance,When should I seek emergency care? (request 95),"Emergency care may be needed for severe or rapidly worsening symptoms. When in doubt about a potentially serious condition, seek immediate professional medical help.",curated_project_dataset,train
2005,E-commerce,wrong_product,I need help with this: I received the wrong item.,Please report the issue through your order details and provide the order number and photos of the received product if requested.,curated_project_dataset,train
2006,Healthcare,health_insurance,I need information about health insurance (request 56),"Please specify whether you need help with coverage, claims, eligibility, or policy information so the appropriate guidance can be provided.",curated_project_dataset,train
2007,E-commerce,wrong_product,Can you help me with this? I got the wrong product. What should I do?,"Keep the item and packaging, then submit an incorrect-item request through your order details.",curated_project_dataset,train
2008,E-commerce,account_issue,My account is not working (request 84),"Try signing out and back in or resetting your password. If the problem continues, contact customer support.",curated_project_dataset,train
2009,Healthcare,health_insurance,Does my health insurance cover this treatment? (request 89),"Coverage depends on your insurance plan, provider network, and policy terms. Check your policy or contact your insurer for confirmation.",curated_project_dataset,train
2010,E-commerce,wrong_product,The product I received is not what I ordered (request 91),Please report the mismatch through customer support or the order return process so the issue can be investigated.,curated_project_dataset,train
2011,E-commerce,return_order,What is the process for returning an item? (request 84),"Start a return request from your order details, select the reason, and follow the packaging and pickup or drop-off instructions.",curated_project_dataset,train
2012,E-commerce,payment_failed,I want to know: Why was my online payment declined?,"A payment can fail because of incorrect details, bank restrictions, insufficient funds, or security checks. Contact your bank if the problem continues.",curated_project_dataset,train
2013,Healthcare,health_insurance,Does my health insurance cover this treatment? (request 97),"Coverage depends on your insurance plan, provider network, and policy terms. Check your policy or contact your insurer for confirmation.",curated_project_dataset,train
2014,Finance,card_payment,I cannot pay with my card (request 31),"Verify that your card is active and has sufficient funds. If payments continue to fail, contact your card issuer.",curated_project_dataset,train
2015,Finance,card_payment,I cannot pay with my card (request 67),"Verify that your card is active and has sufficient funds. If payments continue to fail, contact your card issuer.",curated_project_dataset,train
2016,Finance,loan_information,I need help with this: I need information about a personal loan. Can you guide me?,"Personal-loan terms vary by lender, including eligibility, interest rate, tenure, and fees. Review the lender's official terms before applying.",curated_project_dataset,train
2017,Healthcare,medical_report,Can you explain my medical report? (request 30),"I can explain general medical terminology, but a healthcare professional should interpret your results in the context of your symptoms and medical history.",curated_project_dataset,train
2018,E-commerce,account_issue,My account is not working (request 68),"Try signing out and back in or resetting your password. If the problem continues, contact customer support.",curated_project_dataset,train
2019,E-commerce,return_order,How do I return a product? (request 73),"Open your order details, select the return option if eligible, choose a return reason, and follow the provided instructions.",curated_project_dataset,train
2020,Healthcare,emergency_guidance,This feels like an emergency (request 28),"Please seek immediate emergency medical assistance. If possible, have someone stay with you while help is arranged.",curated_project_dataset,train
2021,Healthcare,medication_information,Can you give me information about a medicine? (request 50),"Please provide the medicine name. I can give general information, but medication decisions should be confirmed with a qualified healthcare professional.",curated_project_dataset,train
2022,Finance,loan_information,How can I apply for a loan? (request 29),"Loan eligibility, documents, interest rates, and application procedures vary by lender. Check the lender's official application process.",curated_project_dataset,train
2023,E-commerce,track_order,Where is my order? (request 57),I can help with order tracking. Please provide your order number or tracking details.,curated_project_dataset,train
2024,E-commerce,product_information,Does this product have the features I need? (request 34),"Please check the product specifications and description. If a required feature is unclear, contact the seller for confirmation.",curated_project_dataset,train
2025,Finance,lost_or_stolen_card,My debit card has been stolen,Please block your card immediately and contact your bank through its official customer-support channel.,curated_project_extension,train
2026,Healthcare,emergency_guidance,What should I do in a medical emergency? (request 65),"For a serious or life-threatening emergency, seek immediate emergency medical care or contact your local emergency service. Do not rely on a chatbot for emergency treatment.",curated_project_dataset,train
2027,Healthcare,appointment_booking,I want to see a doctor (request 100),I can help you schedule a consultation. Please provide the medical specialty or doctor you want to visit.,curated_project_dataset,train
2028,Finance,transfer_pending,My money transfer is pending (request 77),Pending transfers can take time depending on the bank and transfer type. Please check the transaction status and contact your bank if it remains pending beyond the expected processing period.,curated_project_dataset,train
2029,Finance,credit_card,What is my credit card limit? (request 82),"Your current credit limit is available through your card issuer's official app, online account, statement, or customer service.",curated_project_dataset,train
2030,Finance,bank_account,I want to open a new bank account (request 99),Choose an appropriate account type and follow the bank's official application process. You may need identity and address documents.,curated_project_dataset,train
2031,E-commerce,product_information,Is this item available? (request 60),Check the product page for the latest stock status. Availability can change quickly.,curated_project_dataset,train
2032,E-commerce,damaged_product,My product arrived damaged (request 33),"Please take photos of the damaged item and packaging, then report the issue through the order's return or support process as soon as possible.",curated_project_dataset,train
2033,E-commerce,delivery_time,When will my order be delivered? (request 37),The estimated delivery date is usually shown in your order details and may depend on your location and shipping method.,curated_project_dataset,train
2034,Finance,fraud_transaction,There is a suspicious transaction on my account (request 91),Review the transaction and report it to your bank promptly if you did not authorize it. Use only official banking contact channels.,curated_project_dataset,train
2035,Finance,bank_account,I want to open a new bank account (request 75),Choose an appropriate account type and follow the bank's official application process. You may need identity and address documents.,curated_project_dataset,validation
2036,Finance,card_payment,I cannot pay with my card.,"Verify that your card is active and has sufficient funds. If payments continue to fail, contact your card issuer.",curated_project_dataset,train
2037,E-commerce,account_issue,I cannot access my shopping account (request 69),"Use the account recovery or password-reset option. If you still cannot sign in, contact customer support through the official channel.",curated_project_dataset,train
2038,E-commerce,damaged_product,What should I do if my item is damaged? (request 46),"Keep the product and packaging, document the damage with photos, and submit a damage claim or return request through the order details.",curated_project_dataset,train
2039,Healthcare,health_insurance,How can I check my medical insurance coverage? (request 30),Review your policy documents or contact the insurer using the official customer-service channel to confirm coverage.,curated_project_dataset,train
2040,Healthcare,symptoms_information,Can you tell me what my symptoms mean? (request 82),Symptoms can have many possible causes. Please consult a healthcare professional for an appropriate evaluation rather than relying on a chatbot for diagnosis.,curated_project_dataset,train
2041,Healthcare,appointment_cancel,Can I cancel my appointment today? (request 83),"Yes, if cancellation is allowed by the provider. Please check your appointment details for the applicable cancellation policy.",curated_project_dataset,train
2042,Finance,transaction_issue,I need help with a bank transaction.,Please check the transaction status and reference number. Your bank can investigate account-specific transaction issues.,curated_project_dataset,validation
2043,Finance,balance_inquiry,What is my account balance? (request 69),"You can check your current balance through your bank's official mobile app, online banking portal, ATM, or branch.",curated_project_dataset,train
2044,Finance,fraud_transaction,I do not recognize a transaction (request 97),"If you do not recognize a transaction, contact your bank or card issuer through its official channel immediately and follow its fraud-reporting process.",curated_project_dataset,train
2045,E-commerce,payment_failed,My payment failed (request 61),"Please verify your payment details, available funds, and any bank authentication requirements, then try again.",curated_project_dataset,train
2046,E-commerce,cancel_order,Can I cancel my purchase? (request 30),Cancellation depends on the order status. Please open the order details and check whether the cancellation option is available.,curated_project_dataset,train
2047,E-commerce,account_issue,I forgot my account password (request 54),Use the password-reset option associated with your account email or phone number.,curated_project_dataset,train
2048,Finance,fraud_transaction,Someone may have used my card (request 38),"Contact your card issuer immediately using the official number or app, secure your account, and follow the issuer's instructions for reporting suspected fraud.",curated_project_dataset,train
2049,Finance,card_payment,I cannot pay with my card. Can you guide me?,"Verify that your card is active and has sufficient funds. If payments continue to fail, contact your card issuer.",curated_project_dataset,train
2050,Finance,credit_card,What is my credit card limit? (request 74),"Your current credit limit is available through your card issuer's official app, online account, statement, or customer service.",curated_project_dataset,train
2051,Finance,credit_card,How do I pay my credit card bill? (request 67),"You can usually pay through the issuer's official app, online banking, bank transfer, or another supported payment method.",curated_project_dataset,train
2052,Finance,transfer_failed,I need help with this: My money transfer failed. Can you guide me?,"Please check the transfer details and your account status. If the problem persists, contact your bank for the specific reason for failure.",curated_project_dataset,train
2053,Healthcare,prescription,I lost my prescription. What should I do? (request 35),Contact the prescribing healthcare provider or pharmacist. They can advise whether a replacement or copy can be issued.,curated_project_dataset,train
2054,Healthcare,appointment_reschedule,Can I change my appointment time? (request 41),"Yes. If another slot is available, you can reschedule the appointment from your booking details.",curated_project_dataset,train
2055,Finance,fraud_transaction,Someone may have used my card (request 66),"Contact your card issuer immediately using the official number or app, secure your account, and follow the issuer's instructions for reporting suspected fraud.",curated_project_dataset,train
2056,Finance,lost_or_stolen_card,Could you help me? My debit card is missing,"If your card is lost or stolen, block it immediately through your bank's official app or contact the bank's customer support.",curated_project_extension,train
2057,E-commerce,damaged_product,Please help me: What should I do if my item is damaged?,"Keep the product and packaging, document the damage with photos, and submit a damage claim or return request through the order details.",curated_project_dataset,train
2058,Healthcare,appointment_reschedule,Please help me: Can I change my appointment time?,"Yes. If another slot is available, you can reschedule the appointment from your booking details.",curated_project_dataset,train
2059,Healthcare,appointment_booking,I want to see a doctor (request 60),I can help you schedule a consultation. Please provide the medical specialty or doctor you want to visit.,curated_project_dataset,train
2060,E-commerce,return_order,Can I return my product? (request 7),"Return eligibility depends on the product, seller policy, and purchase date. Check the return policy associated with your order.",curated_project_dataset,train
2061,E-commerce,delivery_time,Do you offer fast delivery? (request 36),"Available delivery speeds depend on the product, seller, location, and shipping options shown at checkout.",curated_project_dataset,train
2062,Finance,cash_withdrawal,I could not withdraw cash (request 81),"Check whether your card is active and whether you have sufficient available balance. If the ATM charged you without dispensing cash, contact your bank promptly.",curated_project_dataset,train
2063,Finance,credit_card,What is my credit card limit? (request 38),"Your current credit limit is available through your card issuer's official app, online account, statement, or customer service.",curated_project_dataset,train
2064,Healthcare,symptoms_information,Can you tell me what my symptoms mean? (request 74),Symptoms can have many possible causes. Please consult a healthcare professional for an appropriate evaluation rather than relying on a chatbot for diagnosis.,curated_project_dataset,train
2065,E-commerce,cancel_order,Please cancel my order (request 31),I can guide you through cancellation. Check your order details for the Cancel Order option.,curated_project_dataset,train
2066,E-commerce,damaged_product,I received a broken product (request 99),Please report the issue promptly through your order support or return process and provide clear photos of the damage.,curated_project_dataset,train
2067,E-commerce,return_order,I want to know: What is the process for returning an item?,"Start a return request from your order details, select the reason, and follow the packaging and pickup or drop-off instructions.",curated_project_dataset,train
2068,E-commerce,track_order,My order has not arrived yet (request 64),"Please check the latest tracking update first. If the expected delivery date has passed, contact customer support with your order number.",curated_project_dataset,train
2069,Finance,transaction_issue,My transaction looks incorrect (request 26),"Please verify the amount, date, and transaction details. If you do not recognize or agree with the transaction, contact your bank promptly.",curated_project_dataset,train
2070,Healthcare,medical_report,Can you explain my medical report? (request 50),"I can explain general medical terminology, but a healthcare professional should interpret your results in the context of your symptoms and medical history.",curated_project_dataset,train
2071,Finance,transfer_pending,My bank transfer has not completed.,"Please check the transfer status and expected processing time. If it remains pending longer than expected, contact your bank.",curated_project_dataset,train
2072,Healthcare,emergency_guidance,I need help with this: I have a severe medical problem. What should I do?,"Seek urgent medical attention immediately, especially if symptoms are severe, sudden, or life-threatening.",curated_project_dataset,train
2073,Healthcare,medication_information,I want to know: What is this medicine used for?,Medication uses depend on the specific medicine and your circumstances. Check the medicine label or consult a pharmacist or doctor for reliable guidance.,curated_project_dataset,train
2074,E-commerce,account_issue,I forgot my account password (request 98),Use the password-reset option associated with your account email or phone number.,curated_project_dataset,train
2075,Finance,transfer_pending,Can you help me with this? When will my pending transfer be completed? Can you guide me?,Processing time varies by bank and transfer type. Check the transaction status for the latest update.,curated_project_dataset,train
2076,E-commerce,payment_failed,My payment failed.,"Please verify your payment details, available funds, and any bank authentication requirements, then try again.",curated_project_dataset,train
2077,Healthcare,prescription,Can I get a copy of my prescription? (request 98),"You can request a copy from your prescribing doctor or healthcare provider, subject to their procedures.",curated_project_dataset,train
2078,E-commerce,refund,How does a product refund work? (request 83),"After the return or cancellation is approved, the refund is generally processed to the original payment method, subject to the seller's policy.",curated_project_dataset,train
2079,Finance,cash_withdrawal,My ATM transaction failed (request 44),Check your account and ATM transaction status. Contact your bank if money was debited or the issue continues.,curated_project_dataset,train
2080,Finance,transaction_issue,Please help me: There is a problem with my transaction. Can you guide me?,"Review the transaction details and status in your banking account. If the issue is unresolved, contact your bank with the transaction reference.",curated_project_dataset,train
2081,Finance,credit_card,What is my credit card limit? (request 46),"Your current credit limit is available through your card issuer's official app, online account, statement, or customer service.",curated_project_dataset,train
2082,Healthcare,symptoms_information,What should I do about these symptoms? (request 97),"I can provide general information, but symptoms alone cannot establish a diagnosis. For persistent, severe, or worrying symptoms, consult a qualified healthcare professional.",curated_project_dataset,train
2083,E-commerce,wrong_product,The product I received is not what I ordered (request 39),Please report the mismatch through customer support or the order return process so the issue can be investigated.,curated_project_dataset,train
2084,Healthcare,appointment_reschedule,I need to reschedule my doctor's visit (request 74),"Open your appointment and select Reschedule, then choose another available date and time.",curated_project_dataset,train
2085,Healthcare,symptoms_information,Can you tell me what my symptoms mean? (request 90),Symptoms can have many possible causes. Please consult a healthcare professional for an appropriate evaluation rather than relying on a chatbot for diagnosis.,curated_project_dataset,train
2086,E-commerce,product_information,Can you help me with this? How can I get information about a product?,"Open the product page to view its description, specifications, availability, price, and seller information.",curated_project_dataset,train
2087,E-commerce,product_information,Does this product have the features I need? (request 38),"Please check the product specifications and description. If a required feature is unclear, contact the seller for confirmation.",curated_project_dataset,train
2088,Finance,credit_card,How do I pay my credit card bill? (request 51),"You can usually pay through the issuer's official app, online banking, bank transfer, or another supported payment method.",curated_project_dataset,validation
2089,E-commerce,track_order,My order has not arrived yet.,"Please check the latest tracking update first. If the expected delivery date has passed, contact customer support with your order number.",curated_project_dataset,validation
2090,E-commerce,wrong_product,The product I received is not what I ordered (request 79),Please report the mismatch through customer support or the order return process so the issue can be investigated.,curated_project_dataset,train
2091,Finance,fraud_transaction,There is a suspicious transaction on my account (request 75),Review the transaction and report it to your bank promptly if you did not authorize it. Use only official banking contact channels.,curated_project_dataset,validation
2092,Healthcare,medication_information,Can you give me information about a medicine? (request 42),"Please provide the medicine name. I can give general information, but medication decisions should be confirmed with a qualified healthcare professional.",curated_project_dataset,train
2093,Finance,credit_card,How do I pay my credit card bill? (request 47),"You can usually pay through the issuer's official app, online banking, bank transfer, or another supported payment method.",curated_project_dataset,train
2094,Finance,bank_account,I want to open a new bank account (request 59),Choose an appropriate account type and follow the bank's official application process. You may need identity and address documents.,curated_project_dataset,train
2095,Healthcare,medical_report,I received my test report. What does it mean? (request 23),"Please discuss the report with your healthcare professional, who can interpret the findings using your clinical history and examination.",curated_project_dataset,train
2096,Healthcare,symptoms_information,I want to know: I have been feeling unwell. What should I do?,"If symptoms are mild, monitor them and consider contacting a healthcare professional. Seek urgent medical care if symptoms are severe or rapidly worsening.",curated_project_dataset,train
2097,Finance,loan_information,What documents are required for a loan? (request 31),"Requirements depend on the lender and loan type. Commonly requested documents may include identity, income, and address information.",curated_project_dataset,train
2098,Healthcare,prescription,I lost my prescription. What should I do? (request 51),Contact the prescribing healthcare provider or pharmacist. They can advise whether a replacement or copy can be issued.,curated_project_dataset,train
2099,Finance,lost_or_stolen_card,My credit card is missing Can you assist?,"If your card is lost or stolen, block it immediately through your bank's official app or contact the bank's customer support.",curated_project_extension,train
2100,Healthcare,health_insurance,Can you help me with this? How can I check my medical insurance coverage?,Review your policy documents or contact the insurer using the official customer-service channel to confirm coverage.,curated_project_dataset,train
2101,E-commerce,return_order,I want to return something I bought (request 86),You can request a return from the order details if the item meets the seller's return conditions.,curated_project_dataset,train
2102,E-commerce,damaged_product,What should I do if my item is damaged? (request 54),"Keep the product and packaging, document the damage with photos, and submit a damage claim or return request through the order details.",curated_project_dataset,train
2103,Healthcare,medication_information,I want to know: Can you give me information about a medicine?,"Please provide the medicine name. I can give general information, but medication decisions should be confirmed with a qualified healthcare professional.",curated_project_dataset,train
2104,E-commerce,wrong_product,My order contains a different product (request 34),Start a return or replacement request for the incorrect item and follow the seller's instructions.,curated_project_dataset,train
2105,Healthcare,appointment_booking,Can I make an appointment for tomorrow? (request 79),"Yes, if appointments are available. Please select the doctor and check tomorrow's available time slots.",curated_project_dataset,train
2106,Healthcare,prescription,How do I view my prescription? (request 72),"If your provider offers online records, sign in to your healthcare account and open the prescription or medication section.",curated_project_dataset,train
2107,Finance,fraud_transaction,I think my account has been compromised (request 44),"Contact your bank immediately through an official channel, secure your account credentials, and follow its instructions for protecting the account.",curated_project_dataset,train
2108,Healthcare,appointment_reschedule,I want to know: Can I change my appointment time?,"Yes. If another slot is available, you can reschedule the appointment from your booking details.",curated_project_dataset,train
2109,Finance,cash_withdrawal,I could not withdraw cash (request 33),"Check whether your card is active and whether you have sufficient available balance. If the ATM charged you without dispensing cash, contact your bank promptly.",curated_project_dataset,train
2110,Finance,loan_information,What documents are required for a loan? Can you guide me?,"Requirements depend on the lender and loan type. Commonly requested documents may include identity, income, and address information.",curated_project_dataset,train
2111,Finance,credit_card,I need help with my credit card (request 52),"Please specify whether you need help with payments, limits, transactions, fees, or card access so the appropriate guidance can be provided.",curated_project_dataset,train
2112,Healthcare,appointment_reschedule,Can you help me with this? How can I change my consultation date?,Use the reschedule option in your appointment details and select a new available date.,curated_project_dataset,train
2113,Healthcare,appointment_reschedule,I need help with this: Can I move my appointment to next week?,You can reschedule if the provider has an available slot next week.,curated_project_dataset,validation
2114,E-commerce,refund,When will I get my refund? (request 57),Refund timing depends on the payment method and seller's processing time. Check your order's refund status for the latest update.,curated_project_dataset,train
2115,Finance,transfer_pending,My bank transfer has not completed (request 31),"Please check the transfer status and expected processing time. If it remains pending longer than expected, contact your bank.",curated_project_dataset,train
2116,Finance,card_payment,My debit card payment did not work (request 68),"Please check your card balance and status. If the issue continues, contact your bank for assistance.",curated_project_dataset,train
2117,Healthcare,prescription,Can I get a copy of my prescription? (request 70),"You can request a copy from your prescribing doctor or healthcare provider, subject to their procedures.",curated_project_dataset,train
2118,E-commerce,account_issue,Please help me: My account is not working.,"Try signing out and back in or resetting your password. If the problem continues, contact customer support.",curated_project_dataset,train
2119,E-commerce,return_order,I want to return something I bought (request 30),You can request a return from the order details if the item meets the seller's return conditions.,curated_project_dataset,train
2120,Healthcare,prescription,Can I get a copy of my prescription? (request 54),"You can request a copy from your prescribing doctor or healthcare provider, subject to their procedures.",curated_project_dataset,train
2121,Healthcare,medical_report,I received my test report. What does it mean? (request 79),"Please discuss the report with your healthcare professional, who can interpret the findings using your clinical history and examination.",curated_project_dataset,train
2122,Finance,card_payment,My card payment was declined (request 25),"Check your card status, available funds, payment details, and any bank security restrictions. Contact your bank if the decline continues.",curated_project_dataset,train
2123,Finance,transfer_failed,I want to know: I cannot send money. Can you guide me?,"Verify the recipient details and available balance, then try again. If the transfer still fails, contact your bank.",curated_project_dataset,train
2124,E-commerce,account_issue,My account is not working (request 28),"Try signing out and back in or resetting your password. If the problem continues, contact customer support.",curated_project_dataset,train
2125,Healthcare,appointment_booking,I want to see a doctor (request 48),I can help you schedule a consultation. Please provide the medical specialty or doctor you want to visit.,curated_project_dataset,train
2126,E-commerce,refund,Please help me: My refund has not arrived.,"Please check the refund status and original payment method. If the stated processing period has passed, contact customer support with your order details.",curated_project_dataset,train
2127,E-commerce,wrong_product,Please help me: My order contains a different product.,Start a return or replacement request for the incorrect item and follow the seller's instructions.,curated_project_dataset,train
2128,Healthcare,medication_information,Can you give me information about a medicine? (request 90),"Please provide the medicine name. I can give general information, but medication decisions should be confirmed with a qualified healthcare professional.",curated_project_dataset,train
2129,E-commerce,return_order,Can I return my product? (request 67),"Return eligibility depends on the product, seller policy, and purchase date. Check the return policy associated with your order.",curated_project_dataset,train
2130,Healthcare,medication_information,How should I learn about my prescribed medicine? (request 51),"Review the prescription and medication leaflet, and ask your doctor or pharmacist about dosage, interactions, and precautions.",curated_project_dataset,train
2131,E-commerce,product_information,Where can I find product specifications? (request 35),Product specifications are usually listed on the product page under the description or specifications section.,curated_project_dataset,train
2132,Healthcare,medical_report,Can you explain my medical report? (request 78),"I can explain general medical terminology, but a healthcare professional should interpret your results in the context of your symptoms and medical history.",curated_project_dataset,train
2133,Finance,loan_information,What documents are required for a loan?,"Requirements depend on the lender and loan type. Commonly requested documents may include identity, income, and address information.",curated_project_dataset,train
2134,Finance,bank_account,Please help me: How do I open a bank account? Can you guide me?,"Account-opening requirements vary by bank. Check the bank's official website or branch for eligibility, documents, and application steps.",curated_project_dataset,train
2135,Healthcare,medical_report,How do I download my lab report? (request 36),"If online access is provided, sign in to the patient portal and look under reports or test results.",curated_project_dataset,train
2136,Healthcare,emergency_guidance,Can you help me with this? When should I seek emergency care?,"Emergency care may be needed for severe or rapidly worsening symptoms. When in doubt about a potentially serious condition, seek immediate professional medical help.",curated_project_dataset,train
2137,Finance,credit_card,What is my credit card limit? (request 42),"Your current credit limit is available through your card issuer's official app, online account, statement, or customer service.",curated_project_dataset,validation
2138,E-commerce,delivery_time,How long does delivery take? (request 54),"Delivery time varies by location, seller, and shipping option. Check the estimated delivery date shown during checkout or in your order.",curated_project_dataset,train
2139,Finance,balance_inquiry,How can I check my balance? (request 42),Use your bank's official app or online banking service to view your current account balance.,curated_project_dataset,train
2140,Finance,credit_card,What is my credit card limit? (request 50),"Your current credit limit is available through your card issuer's official app, online account, statement, or customer service.",curated_project_dataset,train
2141,E-commerce,product_information,How can I get information about a product? (request 61),"Open the product page to view its description, specifications, availability, price, and seller information.",curated_project_dataset,train
2142,Finance,balance_inquiry,I want to know my bank balance (request 71),Please check the balance section of your official banking app or online banking account.,curated_project_dataset,validation
2143,E-commerce,payment_failed,My payment failed (request 45),"Please verify your payment details, available funds, and any bank authentication requirements, then try again.",curated_project_dataset,train
2144,E-commerce,product_information,I want to know: Where can I find product specifications?,Product specifications are usually listed on the product page under the description or specifications section.,curated_project_dataset,train
2145,Finance,loan_information,Can you help me with this? How can I apply for a loan? Can you guide me?,"Loan eligibility, documents, interest rates, and application procedures vary by lender. Check the lender's official application process.",curated_project_dataset,train
2146,E-commerce,product_information,How can I get information about a product? (request 85),"Open the product page to view its description, specifications, availability, price, and seller information.",curated_project_dataset,validation
2147,Healthcare,health_insurance,Can I use insurance for my hospital visit? (request 67),This depends on your plan and the healthcare provider. Confirm eligibility and any pre-authorization requirements with your insurer.,curated_project_dataset,validation
2148,Healthcare,emergency_guidance,This feels like an emergency (request 36),"Please seek immediate emergency medical assistance. If possible, have someone stay with you while help is arranged.",curated_project_dataset,train
2149,Finance,loan_information,I need information about a personal loan (request 78),"Personal-loan terms vary by lender, including eligibility, interest rate, tenure, and fees. Review the lender's official terms before applying.",curated_project_dataset,train
2150,Finance,transfer_failed,Why did my transfer fail? (request 62),"Transfers can fail because of incorrect details, account restrictions, insufficient funds, or bank-side issues. Check the transaction information and contact your bank if needed.",curated_project_dataset,validation
2151,Healthcare,medication_information,I want information about my medication (request 28),Please share the medicine name if you want general information. Do not change the prescribed dose without consulting your healthcare professional.,curated_project_dataset,train
2152,Finance,cash_withdrawal,The ATM did not give me cash (request 62),"If your account was debited, keep the ATM receipt or transaction details and contact your bank immediately for investigation.",curated_project_dataset,train
2153,E-commerce,payment_failed,I cannot complete my payment (request 71),"Check the payment method and billing details, then retry. If it still fails, try another supported payment method.",curated_project_dataset,train
2154,Finance,transfer_pending,Can you help me with this? My bank transfer has not completed. Can you guide me?,"Please check the transfer status and expected processing time. If it remains pending longer than expected, contact your bank.",curated_project_dataset,train
2155,Healthcare,emergency_guidance,I have a severe medical problem. What should I do? (request 10),"Seek urgent medical attention immediately, especially if symptoms are severe, sudden, or life-threatening.",curated_project_dataset,validation
2156,Finance,transaction_issue,Please help me: I need help with a bank transaction. Can you guide me?,Please check the transaction status and reference number. Your bank can investigate account-specific transaction issues.,curated_project_dataset,validation
2157,Finance,transaction_issue,My transaction looks incorrect. Can you guide me?,"Please verify the amount, date, and transaction details. If you do not recognize or agree with the transaction, contact your bank promptly.",curated_project_dataset,train
2158,E-commerce,damaged_product,My product arrived damaged (request 21),"Please take photos of the damaged item and packaging, then report the issue through the order's return or support process as soon as possible.",curated_project_dataset,train
2159,Healthcare,medical_report,I received my test report. What does it mean? (request 63),"Please discuss the report with your healthcare professional, who can interpret the findings using your clinical history and examination.",curated_project_dataset,train
2160,E-commerce,cancel_order,How do I stop an order before it ships?,Open your order details and select cancellation if the option is still available.,curated_project_dataset,train
2161,Finance,fraud_transaction,I do not recognize a transaction (request 69),"If you do not recognize a transaction, contact your bank or card issuer through its official channel immediately and follow its fraud-reporting process.",curated_project_dataset,train
2162,Finance,transfer_pending,My bank transfer has not completed (request 43),"Please check the transfer status and expected processing time. If it remains pending longer than expected, contact your bank.",curated_project_dataset,train
2163,Healthcare,prescription,Can you help me with this? How do I view my prescription?,"If your provider offers online records, sign in to your healthcare account and open the prescription or medication section.",curated_project_dataset,train
2164,Healthcare,symptoms_information,What should I do about these symptoms? (request 25),"I can provide general information, but symptoms alone cannot establish a diagnosis. For persistent, severe, or worrying symptoms, consult a qualified healthcare professional.",curated_project_dataset,train
2165,Finance,lost_or_stolen_card,Can you help? I misplaced my bank card,"If your card is lost or stolen, block it immediately through your bank's official app or contact the bank's customer support.",curated_project_extension,train
2166,E-commerce,wrong_product,The product I received is not what I ordered (request 27),Please report the mismatch through customer support or the order return process so the issue can be investigated.,curated_project_dataset,train
2167,Healthcare,appointment_booking,I want to know: I want to see a doctor.,I can help you schedule a consultation. Please provide the medical specialty or doctor you want to visit.,curated_project_dataset,validation
2168,E-commerce,account_issue,I cannot access my shopping account (request 81),"Use the account recovery or password-reset option. If you still cannot sign in, contact customer support through the official channel.",curated_project_dataset,train
2169,E-commerce,payment_failed,Why was my online payment declined? (request 70),"A payment can fail because of incorrect details, bank restrictions, insufficient funds, or security checks. Contact your bank if the problem continues.",curated_project_dataset,train
2170,Finance,card_payment,My card payment was declined. Can you guide me?,"Check your card status, available funds, payment details, and any bank security restrictions. Contact your bank if the decline continues.",curated_project_dataset,train
2171,Finance,fraud_transaction,I need help with this: I think my account has been compromised. Can you guide me?,"Contact your bank immediately through an official channel, secure your account credentials, and follow its instructions for protecting the account.",curated_project_dataset,validation
2172,Healthcare,medical_report,Can you explain my medical report? (request 62),"I can explain general medical terminology, but a healthcare professional should interpret your results in the context of your symptoms and medical history.",curated_project_dataset,train
2173,E-commerce,refund,Can you help me with this? I want to know my refund status.,Please provide your order details or check the refund section of your account for the latest status.,curated_project_dataset,train
2174,Healthcare,symptoms_information,What should I do about these symptoms? (request 89),"I can provide general information, but symptoms alone cannot establish a diagnosis. For persistent, severe, or worrying symptoms, consult a qualified healthcare professional.",curated_project_dataset,train
2175,Finance,fraud_transaction,There is a suspicious transaction on my account (request 67),Review the transaction and report it to your bank promptly if you did not authorize it. Use only official banking contact channels.,curated_project_dataset,train
2176,Healthcare,medical_report,I received my test report. What does it mean? (request 55),"Please discuss the report with your healthcare professional, who can interpret the findings using your clinical history and examination.",curated_project_dataset,validation
2177,Finance,fraud_transaction,I think my account has been compromised (request 84),"Contact your bank immediately through an official channel, secure your account credentials, and follow its instructions for protecting the account.",curated_project_dataset,train
2178,Finance,transfer_pending,Why is my transfer still pending? (request 62),A transfer may remain pending while the bank processes or verifies it. Check the transaction details for the expected processing time.,curated_project_dataset,validation
2179,E-commerce,product_information,Does this product have the features I need? (request 26),"Please check the product specifications and description. If a required feature is unclear, contact the seller for confirmation.",curated_project_dataset,train
2180,Healthcare,appointment_reschedule,Can I move my appointment to next week? (request 95),You can reschedule if the provider has an available slot next week.,curated_project_dataset,train
2181,Healthcare,medication_information,What is this medicine used for? (request 57),Medication uses depend on the specific medicine and your circumstances. Check the medicine label or consult a pharmacist or doctor for reliable guidance.,curated_project_dataset,validation
2182,Healthcare,appointment_reschedule,Can I change my appointment time? (request 53),"Yes. If another slot is available, you can reschedule the appointment from your booking details.",curated_project_dataset,train
2183,E-commerce,refund,When will I get my refund? (request 69),Refund timing depends on the payment method and seller's processing time. Check your order's refund status for the latest update.,curated_project_dataset,validation
2184,E-commerce,refund,When will I get my refund? (request 97),Refund timing depends on the payment method and seller's processing time. Check your order's refund status for the latest update.,curated_project_dataset,train
2185,Finance,loan_information,I need help with this: What documents are required for a loan? Can you guide me?,"Requirements depend on the lender and loan type. Commonly requested documents may include identity, income, and address information.",curated_project_dataset,train
2186,E-commerce,delivery_time,I need help with this: Can I know the expected delivery date?,Yes. Check your order details for the current estimated delivery date.,curated_project_dataset,train
2187,E-commerce,wrong_product,The product I received is not what I ordered (request 43),Please report the mismatch through customer support or the order return process so the issue can be investigated.,curated_project_dataset,validation
2188,Healthcare,medication_information,I want information about my medication (request 76),Please share the medicine name if you want general information. Do not change the prescribed dose without consulting your healthcare professional.,curated_project_dataset,train
2189,E-commerce,refund,My refund has not arrived (request 74),"Please check the refund status and original payment method. If the stated processing period has passed, contact customer support with your order details.",curated_project_dataset,train
2190,Finance,transfer_pending,Why is my transfer still pending? Can you guide me?,A transfer may remain pending while the bank processes or verifies it. Check the transaction details for the expected processing time.,curated_project_dataset,train
2191,Finance,fraud_transaction,There is a suspicious transaction on my account (request 59),Review the transaction and report it to your bank promptly if you did not authorize it. Use only official banking contact channels.,curated_project_dataset,test
2192,Healthcare,appointment_reschedule,I want to know: I need to reschedule my doctor's visit.,"Open your appointment and select Reschedule, then choose another available date and time.",curated_project_dataset,validation
2193,Finance,loan_information,Please help me: How can I apply for a loan? Can you guide me?,"Loan eligibility, documents, interest rates, and application procedures vary by lender. Check the lender's official application process.",curated_project_dataset,train
2194,Healthcare,symptoms_information,Can you tell me what my symptoms mean? (request 34),Symptoms can have many possible causes. Please consult a healthcare professional for an appropriate evaluation rather than relying on a chatbot for diagnosis.,curated_project_dataset,train
2195,E-commerce,payment_failed,Please help me: My card payment did not go through.,Please verify your card details and contact your bank if the transaction continues to be declined.,curated_project_dataset,train
2196,Finance,loan_information,How do I check loan eligibility? (request 96),"Eligibility depends on the lender's criteria, which may include income, credit history, employment, and existing obligations.",curated_project_dataset,train
2197,Healthcare,medication_information,I need help with this: How should I learn about my prescribed medicine?,"Review the prescription and medication leaflet, and ask your doctor or pharmacist about dosage, interactions, and precautions.",curated_project_dataset,train
2198,Healthcare,appointment_cancel,Please cancel my consultation (request 72),I can guide you through cancellation. Open the appointment record and choose Cancel Appointment.,curated_project_dataset,train
2199,E-commerce,return_order,Can I return my product? (request 83),"Return eligibility depends on the product, seller policy, and purchase date. Check the return policy associated with your order.",curated_project_dataset,validation
2200,E-commerce,payment_failed,My card payment did not go through (request 76),Please verify your card details and contact your bank if the transaction continues to be declined.,curated_project_dataset,validation
2201,E-commerce,cancel_order,How do I stop an order before it ships? (request 40),Open your order details and select cancellation if the option is still available.,curated_project_dataset,train
2202,Finance,credit_card,I need help with my credit card (request 44),"Please specify whether you need help with payments, limits, transactions, fees, or card access so the appropriate guidance can be provided.",curated_project_dataset,train
2203,E-commerce,payment_failed,I cannot complete my payment (request 59),"Check the payment method and billing details, then retry. If it still fails, try another supported payment method.",curated_project_dataset,train
2204,Healthcare,appointment_booking,Can you help me with this? I need to schedule a consultation.,Sure. Please choose the required doctor or specialty and select an available appointment slot.,curated_project_dataset,train
2205,Healthcare,medication_information,Can you give me information about a medicine? (request 22),"Please provide the medicine name. I can give general information, but medication decisions should be confirmed with a qualified healthcare professional.",curated_project_dataset,validation
2206,Healthcare,medical_report,I need help with this: Can you explain my medical report?,"I can explain general medical terminology, but a healthcare professional should interpret your results in the context of your symptoms and medical history.",curated_project_dataset,train
2207,Healthcare,lab_test,Do I need an appointment for a lab test? (request 35),It depends on the laboratory and test. Check the laboratory's booking requirements before visiting.,curated_project_dataset,validation
2208,Healthcare,appointment_reschedule,How can I change my consultation date? (request 48),Use the reschedule option in your appointment details and select a new available date.,curated_project_dataset,train
2209,E-commerce,cancel_order,Please cancel my order (request 71),I can guide you through cancellation. Check your order details for the Cancel Order option.,curated_project_dataset,train
2210,Healthcare,prescription,I want to know: How do I view my prescription?,"If your provider offers online records, sign in to your healthcare account and open the prescription or medication section.",curated_project_dataset,validation
2211,E-commerce,return_order,How do I return a product? (request 49),"Open your order details, select the return option if eligible, choose a return reason, and follow the provided instructions.",curated_project_dataset,train
2212,Finance,bank_account,What documents are needed to open an account? (request 74),Requirements vary by bank and account type. Check the bank's official documentation for current identity and address requirements.,curated_project_dataset,validation
2213,Healthcare,prescription,Where can I find my prescription? (request 25),Your prescription may be available in your healthcare account or provided by your doctor. Check your medical records or contact the clinic.,curated_project_dataset,train
2214,Healthcare,appointment_booking,How can I book a doctor appointment? (request 61),"You can book an appointment by selecting a doctor, choosing an available date and time, and confirming the booking.",curated_project_dataset,train
2215,Finance,bank_account,Can I open a bank account online? (request 80),"Many banks offer online account opening, subject to eligibility and verification requirements. Check your bank's official website.",curated_project_dataset,train
2216,Healthcare,appointment_cancel,I need to cancel my doctor's appointment (request 30),Please open your appointment details and select the cancellation option. Check the provider's cancellation policy for any applicable conditions.,curated_project_dataset,validation
2217,Finance,card_payment,My card payment was declined (request 81),"Check your card status, available funds, payment details, and any bank security restrictions. Contact your bank if the decline continues.",curated_project_dataset,train
2218,Healthcare,symptoms_information,I have been feeling unwell. What should I do? (request 59),"If symptoms are mild, monitor them and consider contacting a healthcare professional. Seek urgent medical care if symptoms are severe or rapidly worsening.",curated_project_dataset,train
2219,E-commerce,track_order,Where is my order? (request 25),I can help with order tracking. Please provide your order number or tracking details.,curated_project_dataset,train
2220,Healthcare,health_insurance,How can I check my medical insurance coverage? (request 90),Review your policy documents or contact the insurer using the official customer-service channel to confirm coverage.,curated_project_dataset,train
2221,E-commerce,return_order,Can I return my product? (request 27),"Return eligibility depends on the product, seller policy, and purchase date. Check the return policy associated with your order.",curated_project_dataset,train
2222,E-commerce,return_order,I want to return something I bought (request 22),You can request a return from the order details if the item meets the seller's return conditions.,curated_project_dataset,validation
2223,Healthcare,health_insurance,I want to know: How can I check my medical insurance coverage?,Review your policy documents or contact the insurer using the official customer-service channel to confirm coverage.,curated_project_dataset,train
2224,Finance,transfer_pending,I need help with this: My money transfer is pending. Can you guide me?,Pending transfers can take time depending on the bank and transfer type. Please check the transaction status and contact your bank if it remains pending beyond the expected processing period.,curated_project_dataset,train
2225,Finance,cash_withdrawal,Why did my cash withdrawal fail? (request 27),"A withdrawal may fail because of insufficient funds, card restrictions, ATM issues, or withdrawal limits.",curated_project_dataset,train
2226,Healthcare,appointment_booking,Can I make an appointment for tomorrow? (request 39),"Yes, if appointments are available. Please select the doctor and check tomorrow's available time slots.",curated_project_dataset,validation
2227,Healthcare,health_insurance,How can I check my medical insurance coverage? (request 86),Review your policy documents or contact the insurer using the official customer-service channel to confirm coverage.,curated_project_dataset,validation
2228,Finance,credit_card,I need help with this: How do I pay my credit card bill? Can you guide me?,"You can usually pay through the issuer's official app, online banking, bank transfer, or another supported payment method.",curated_project_dataset,test
2229,E-commerce,payment_failed,My card payment did not go through (request 84),Please verify your card details and contact your bank if the transaction continues to be declined.,curated_project_dataset,train
2230,Finance,loan_information,How can I apply for a loan? (request 85),"Loan eligibility, documents, interest rates, and application procedures vary by lender. Check the lender's official application process.",curated_project_dataset,train
2231,Healthcare,appointment_booking,Can I make an appointment for tomorrow? (request 83),"Yes, if appointments are available. Please select the doctor and check tomorrow's available time slots.",curated_project_dataset,train
2232,E-commerce,cancel_order,Can I cancel my purchase? (request 50),Cancellation depends on the order status. Please open the order details and check whether the cancellation option is available.,curated_project_dataset,train
2233,Healthcare,medical_report,I received my test report. What does it mean? (request 27),"Please discuss the report with your healthcare professional, who can interpret the findings using your clinical history and examination.",curated_project_dataset,train
2234,E-commerce,account_issue,I want to know: How do I update my account details?,"Open your account settings and edit the available profile information, then save the changes.",curated_project_dataset,train
2235,E-commerce,account_issue,I forgot my account password (request 82),Use the password-reset option associated with your account email or phone number.,curated_project_dataset,train
2236,Finance,lost_or_stolen_card,I cannot find my credit card Please tell me what to do.,"If your card is lost or stolen, block it immediately through your bank's official app or contact the bank's customer support.",curated_project_extension,validation
2237,Finance,balance_inquiry,How can I check my balance? (request 94),Use your bank's official app or online banking service to view your current account balance.,curated_project_dataset,train
2238,E-commerce,account_issue,I need help with this: How do I update my account details?,"Open your account settings and edit the available profile information, then save the changes.",curated_project_dataset,train
2239,Healthcare,emergency_guidance,I have a severe medical problem. What should I do? (request 34),"Seek urgent medical attention immediately, especially if symptoms are severe, sudden, or life-threatening.",curated_project_dataset,train
2240,Finance,credit_card,I need help with my credit card (request 36),"Please specify whether you need help with payments, limits, transactions, fees, or card access so the appropriate guidance can be provided.",curated_project_dataset,test
2241,Healthcare,appointment_cancel,How do I cancel my appointment? (request 93),"You can cancel the appointment from your booking details. If cancellation is unavailable online, contact the healthcare provider.",curated_project_dataset,train
2242,E-commerce,damaged_product,Can you help me with this? I received a broken product.,Please report the issue promptly through your order support or return process and provide clear photos of the damage.,curated_project_dataset,validation
2243,Healthcare,appointment_cancel,How do I cancel my appointment? (request 25),"You can cancel the appointment from your booking details. If cancellation is unavailable online, contact the healthcare provider.",curated_project_dataset,train
2244,E-commerce,refund,When will I get my refund? (request 49),Refund timing depends on the payment method and seller's processing time. Check your order's refund status for the latest update.,curated_project_dataset,validation
2245,E-commerce,delivery_time,How long does delivery take? (request 90),"Delivery time varies by location, seller, and shipping option. Check the estimated delivery date shown during checkout or in your order.",curated_project_dataset,train
2246,Healthcare,symptoms_information,I want to know: I want information about my symptoms.,"I can provide general health information, but a clinician should evaluate symptoms to determine the appropriate diagnosis and treatment.",curated_project_dataset,validation
2247,Healthcare,lab_test,Where can I get my blood test done? (request 30),You can use an authorized laboratory or collection center. Follow the test-specific preparation instructions provided by your healthcare provider.,curated_project_dataset,train
2248,Finance,loan_information,What documents are required for a loan? (request 63),"Requirements depend on the lender and loan type. Commonly requested documents may include identity, income, and address information.",curated_project_dataset,train
2249,Finance,transfer_failed,My money transfer failed (request 61),"Please check the transfer details and your account status. If the problem persists, contact your bank for the specific reason for failure.",curated_project_dataset,train
2250,E-commerce,return_order,How do I return a product? (request 53),"Open your order details, select the return option if eligible, choose a return reason, and follow the provided instructions.",curated_project_dataset,train
2251,E-commerce,track_order,What is the status of my order? (request 99),Please provide your order number so the current delivery status can be checked.,curated_project_dataset,train
2252,Healthcare,medication_information,Can you help me with this? Can you give me information about a medicine?,"Please provide the medicine name. I can give general information, but medication decisions should be confirmed with a qualified healthcare professional.",curated_project_dataset,train
2253,E-commerce,return_order,How do I return a product? (request 97),"Open your order details, select the return option if eligible, choose a return reason, and follow the provided instructions.",curated_project_dataset,train
2254,Healthcare,medication_information,Please help me: How should I learn about my prescribed medicine?,"Review the prescription and medication leaflet, and ask your doctor or pharmacist about dosage, interactions, and precautions.",curated_project_dataset,train
2255,Finance,lost_or_stolen_card,I need assistance. My ATM card was stolen,"If your card is lost or stolen, block it immediately through your bank's official app or contact the bank's customer support.",curated_project_extension,train
2256,Finance,fraud_transaction,I think my account has been compromised (request 80),"Contact your bank immediately through an official channel, secure your account credentials, and follow its instructions for protecting the account.",curated_project_dataset,test
2257,Healthcare,lab_test,I need information about a medical test (request 48),"Please provide the test name. Preparation, timing, and interpretation can vary by test.",curated_project_dataset,train
2258,E-commerce,cancel_order,Can I cancel my purchase? (request 26),Cancellation depends on the order status. Please open the order details and check whether the cancellation option is available.,curated_project_dataset,train
2259,E-commerce,refund,I want to know my refund status (request 72),Please provide your order details or check the refund section of your account for the latest status.,curated_project_dataset,train
2260,Healthcare,health_insurance,I need information about health insurance (request 52),"Please specify whether you need help with coverage, claims, eligibility, or policy information so the appropriate guidance can be provided.",curated_project_dataset,train
2261,Healthcare,appointment_booking,I want to see a doctor (request 88),I can help you schedule a consultation. Please provide the medical specialty or doctor you want to visit.,curated_project_dataset,train
2262,E-commerce,refund,My refund has not arrived (request 98),"Please check the refund status and original payment method. If the stated processing period has passed, contact customer support with your order details.",curated_project_dataset,train
2263,E-commerce,delivery_time,Can I know the expected delivery date? (request 99),Yes. Check your order details for the current estimated delivery date.,curated_project_dataset,train
2264,Healthcare,symptoms_information,I have been feeling unwell. What should I do? (request 79),"If symptoms are mild, monitor them and consider contacting a healthcare professional. Seek urgent medical care if symptoms are severe or rapidly worsening.",curated_project_dataset,train
2265,Healthcare,appointment_cancel,Please help me: How do I cancel my appointment?,"You can cancel the appointment from your booking details. If cancellation is unavailable online, contact the healthcare provider.",curated_project_dataset,test
2266,E-commerce,account_issue,Can you help me with this? How do I update my account details?,"Open your account settings and edit the available profile information, then save the changes.",curated_project_dataset,train
2267,Finance,transfer_pending,My bank transfer has not completed (request 63),"Please check the transfer status and expected processing time. If it remains pending longer than expected, contact your bank.",curated_project_dataset,validation
2268,E-commerce,payment_failed,My payment failed (request 25),"Please verify your payment details, available funds, and any bank authentication requirements, then try again.",curated_project_dataset,validation
2269,Healthcare,prescription,Can I get a copy of my prescription? (request 46),"You can request a copy from your prescribing doctor or healthcare provider, subject to their procedures.",curated_project_dataset,train
2270,Finance,bank_account,What documents are needed to open an account? (request 98),Requirements vary by bank and account type. Check the bank's official documentation for current identity and address requirements.,curated_project_dataset,train
2271,Healthcare,appointment_booking,How can I book a doctor appointment? (request 57),"You can book an appointment by selecting a doctor, choosing an available date and time, and confirming the booking.",curated_project_dataset,test
2272,Healthcare,prescription,Please help me: Can I get a copy of my prescription?,"You can request a copy from your prescribing doctor or healthcare provider, subject to their procedures.",curated_project_dataset,validation
2273,Healthcare,emergency_guidance,I want to know: This feels like an emergency.,"Please seek immediate emergency medical assistance. If possible, have someone stay with you while help is arranged.",curated_project_dataset,train
2274,Finance,transaction_issue,I need help with a bank transaction (request 92),Please check the transaction status and reference number. Your bank can investigate account-specific transaction issues.,curated_project_dataset,train
2275,Healthcare,medication_information,Please help me: Can you give me information about a medicine?,"Please provide the medicine name. I can give general information, but medication decisions should be confirmed with a qualified healthcare professional.",curated_project_dataset,test
2276,Healthcare,symptoms_information,Can you tell me what my symptoms mean? (request 26),Symptoms can have many possible causes. Please consult a healthcare professional for an appropriate evaluation rather than relying on a chatbot for diagnosis.,curated_project_dataset,train
2277,E-commerce,return_order,I want to know: How do I return a product?,"Open your order details, select the return option if eligible, choose a return reason, and follow the provided instructions.",curated_project_dataset,test
2278,E-commerce,payment_failed,My payment failed (request 97),"Please verify your payment details, available funds, and any bank authentication requirements, then try again.",curated_project_dataset,train
2279,Finance,balance_inquiry,What is my account balance? (request 73),"You can check your current balance through your bank's official mobile app, online banking portal, ATM, or branch.",curated_project_dataset,train
2280,Finance,loan_information,How can I apply for a loan? (request 53),"Loan eligibility, documents, interest rates, and application procedures vary by lender. Check the lender's official application process.",curated_project_dataset,train
2281,Finance,transaction_issue,My transaction looks incorrect (request 42),"Please verify the amount, date, and transaction details. If you do not recognize or agree with the transaction, contact your bank promptly.",curated_project_dataset,test
2282,E-commerce,refund,How does a product refund work?,"After the return or cancellation is approved, the refund is generally processed to the original payment method, subject to the seller's policy.",curated_project_dataset,test
2283,E-commerce,return_order,I want to return something I bought (request 82),You can request a return from the order details if the item meets the seller's return conditions.,curated_project_dataset,test
2284,Finance,lost_or_stolen_card,I need assistance. I misplaced my bank card,"If your card is lost or stolen, block it immediately through your bank's official app or contact the bank's customer support.",curated_project_extension,test
2285,Finance,credit_card,I want to know: I need help with my credit card. Can you guide me?,"Please specify whether you need help with payments, limits, transactions, fees, or card access so the appropriate guidance can be provided.",curated_project_dataset,train
2286,Finance,loan_information,Please help me: What documents are required for a loan? Can you guide me?,"Requirements depend on the lender and loan type. Commonly requested documents may include identity, income, and address information.",curated_project_dataset,train
2287,E-commerce,damaged_product,The package arrived damaged (request 68),Document the package condition and contact customer support or the seller with your order number and photos.,curated_project_dataset,train
2288,E-commerce,damaged_product,Can you help me with this? What should I do if my item is damaged?,"Keep the product and packaging, document the damage with photos, and submit a damage claim or return request through the order details.",curated_project_dataset,train
2289,Finance,cash_withdrawal,I could not withdraw cash (request 61),"Check whether your card is active and whether you have sufficient available balance. If the ATM charged you without dispensing cash, contact your bank promptly.",curated_project_dataset,validation
2290,Finance,fraud_transaction,I think my account has been compromised (request 92),"Contact your bank immediately through an official channel, secure your account credentials, and follow its instructions for protecting the account.",curated_project_dataset,train
2291,E-commerce,product_information,Does this product have the features I need? (request 98),"Please check the product specifications and description. If a required feature is unclear, contact the seller for confirmation.",curated_project_dataset,train
2292,Healthcare,appointment_reschedule,Can you help me with this? Can I move my appointment to next week?,You can reschedule if the provider has an available slot next week.,curated_project_dataset,train
2293,Healthcare,prescription,How do I view my prescription? (request 12),"If your provider offers online records, sign in to your healthcare account and open the prescription or medication section.",curated_project_dataset,train
2294,E-commerce,account_issue,How do I update my account details? (request 99),"Open your account settings and edit the available profile information, then save the changes.",curated_project_dataset,validation
2295,Finance,balance_inquiry,What is my account balance? (request 49),"You can check your current balance through your bank's official mobile app, online banking portal, ATM, or branch.",curated_project_dataset,test
2296,Finance,bank_account,How do I open a bank account? (request 45),"Account-opening requirements vary by bank. Check the bank's official website or branch for eligibility, documents, and application steps.",curated_project_dataset,test
2297,Finance,card_payment,My debit card payment did not work. Can you guide me?,"Please check your card balance and status. If the issue continues, contact your bank for assistance.",curated_project_dataset,validation
2298,E-commerce,account_issue,My account is not working (request 36),"Try signing out and back in or resetting your password. If the problem continues, contact customer support.",curated_project_dataset,train
2299,E-commerce,cancel_order,Can I cancel my purchase? (request 90),Cancellation depends on the order status. Please open the order details and check whether the cancellation option is available.,curated_project_dataset,train
2300,Healthcare,appointment_reschedule,How can I change my consultation date? (request 44),Use the reschedule option in your appointment details and select a new available date.,curated_project_dataset,test
2301,Finance,transfer_pending,When will my pending transfer be completed? (request 44),Processing time varies by bank and transfer type. Check the transaction status for the latest update.,curated_project_dataset,train
2302,Healthcare,emergency_guidance,I have a severe medical problem. What should I do?,"Seek urgent medical attention immediately, especially if symptoms are severe, sudden, or life-threatening.",curated_project_dataset,validation
2303,Finance,transaction_issue,Why is my transaction not showing? (request 71),Transaction updates can take time depending on the transaction type. Check again later and contact your bank if the expected posting time has passed.,curated_project_dataset,test
2304,E-commerce,cancel_order,Can I cancel my purchase?,Cancellation depends on the order status. Please open the order details and check whether the cancellation option is available.,curated_project_dataset,train
2305,E-commerce,payment_failed,My payment failed (request 57),"Please verify your payment details, available funds, and any bank authentication requirements, then try again.",curated_project_dataset,train
2306,Healthcare,emergency_guidance,This feels like an emergency (request 88),"Please seek immediate emergency medical assistance. If possible, have someone stay with you while help is arranged.",curated_project_dataset,train
2307,E-commerce,damaged_product,I received a broken product (request 67),Please report the issue promptly through your order support or return process and provide clear photos of the damage.,curated_project_dataset,validation
2308,Healthcare,appointment_reschedule,How can I change my consultation date? (request 96),Use the reschedule option in your appointment details and select a new available date.,curated_project_dataset,test
2309,E-commerce,account_issue,I cannot access my shopping account (request 37),"Use the account recovery or password-reset option. If you still cannot sign in, contact customer support through the official channel.",curated_project_dataset,train
2310,Healthcare,appointment_booking,I need to schedule a consultation (request 58),Sure. Please choose the required doctor or specialty and select an available appointment slot.,curated_project_dataset,test
2311,E-commerce,damaged_product,What should I do if my item is damaged? (request 98),"Keep the product and packaging, document the damage with photos, and submit a damage claim or return request through the order details.",curated_project_dataset,train
2312,E-commerce,product_information,Is this item available? (request 28),Check the product page for the latest stock status. Availability can change quickly.,curated_project_dataset,validation
2313,E-commerce,product_information,Does this product have the features I need? (request 18),"Please check the product specifications and description. If a required feature is unclear, contact the seller for confirmation.",curated_project_dataset,train
2314,E-commerce,delivery_time,When will my order be delivered? (request 73),The estimated delivery date is usually shown in your order details and may depend on your location and shipping method.,curated_project_dataset,train
2315,E-commerce,return_order,What is the process for returning an item? (request 40),"Start a return request from your order details, select the reason, and follow the packaging and pickup or drop-off instructions.",curated_project_dataset,train
2316,E-commerce,product_information,How can I get information about a product? (request 33),"Open the product page to view its description, specifications, availability, price, and seller information.",curated_project_dataset,train
2317,Healthcare,medical_report,Can you explain my medical report? (request 86),"I can explain general medical terminology, but a healthcare professional should interpret your results in the context of your symptoms and medical history.",curated_project_dataset,validation
2318,Finance,lost_or_stolen_card,I cannot find my credit card Can you assist?,"If your card is lost or stolen, block it immediately through your bank's official app or contact the bank's customer support.",curated_project_extension,train
2319,E-commerce,delivery_time,Can I know the expected delivery date? (request 67),Yes. Check your order details for the current estimated delivery date.,curated_project_dataset,train
2320,Healthcare,medication_information,Can you give me information about a medicine? (request 98),"Please provide the medicine name. I can give general information, but medication decisions should be confirmed with a qualified healthcare professional.",curated_project_dataset,test
2321,Finance,bank_account,How do I open a bank account? (request 49),"Account-opening requirements vary by bank. Check the bank's official website or branch for eligibility, documents, and application steps.",curated_project_dataset,test
2322,E-commerce,product_information,Is this item available?,Check the product page for the latest stock status. Availability can change quickly.,curated_project_dataset,test
2323,Healthcare,health_insurance,How can I check my medical insurance coverage? (request 98),Review your policy documents or contact the insurer using the official customer-service channel to confirm coverage.,curated_project_dataset,train
2324,E-commerce,track_order,What is the status of my order? (request 43),Please provide your order number so the current delivery status can be checked.,curated_project_dataset,validation
2325,E-commerce,cancel_order,Please cancel my order (request 95),I can guide you through cancellation. Check your order details for the Cancel Order option.,curated_project_dataset,train
2326,Healthcare,health_insurance,How can I check my medical insurance coverage? (request 38),Review your policy documents or contact the insurer using the official customer-service channel to confirm coverage.,curated_project_dataset,test
2327,E-commerce,return_order,I want to return something I bought (request 26),You can request a return from the order details if the item meets the seller's return conditions.,curated_project_dataset,train
2328,E-commerce,account_issue,I cannot access my shopping account (request 73),"Use the account recovery or password-reset option. If you still cannot sign in, contact customer support through the official channel.",curated_project_dataset,validation
2329,Finance,transfer_failed,The transfer was unsuccessful (request 48),Please review the transaction details and any error message. Your bank can provide the exact reason if the transaction was rejected.,curated_project_dataset,train
2330,E-commerce,cancel_order,How do I stop an order before it ships? (request 64),Open your order details and select cancellation if the option is still available.,curated_project_dataset,validation
2331,E-commerce,account_issue,My account is not working.,"Try signing out and back in or resetting your password. If the problem continues, contact customer support.",curated_project_dataset,train
2332,E-commerce,cancel_order,Can I cancel my purchase? (request 22),Cancellation depends on the order status. Please open the order details and check whether the cancellation option is available.,curated_project_dataset,train
2333,Healthcare,medical_report,Please help me: Can you explain my medical report?,"I can explain general medical terminology, but a healthcare professional should interpret your results in the context of your symptoms and medical history.",curated_project_dataset,train
2334,Healthcare,appointment_cancel,I need help with this: I need to cancel my doctor's appointment.,Please open your appointment details and select the cancellation option. Check the provider's cancellation policy for any applicable conditions.,curated_project_dataset,test
2335,Finance,lost_or_stolen_card,"Please help, My debit card is missing","If your card is lost or stolen, block it immediately through your bank's official app or contact the bank's customer support.",curated_project_extension,train
2336,Healthcare,appointment_reschedule,Can I change my appointment time? (request 69),"Yes. If another slot is available, you can reschedule the appointment from your booking details.",curated_project_dataset,train
2337,Finance,cash_withdrawal,My ATM transaction failed (request 96),Check your account and ATM transaction status. Contact your bank if money was debited or the issue continues.,curated_project_dataset,train
2338,Healthcare,medication_information,Can you give me information about a medicine? (request 46),"Please provide the medicine name. I can give general information, but medication decisions should be confirmed with a qualified healthcare professional.",curated_project_dataset,train
2339,Healthcare,medication_information,Please help me: I want information about my medication.,Please share the medicine name if you want general information. Do not change the prescribed dose without consulting your healthcare professional.,curated_project_dataset,train
2340,E-commerce,refund,When will I get my refund? (request 25),Refund timing depends on the payment method and seller's processing time. Check your order's refund status for the latest update.,curated_project_dataset,test
2341,Finance,card_payment,My card payment was declined (request 53),"Check your card status, available funds, payment details, and any bank security restrictions. Contact your bank if the decline continues.",curated_project_dataset,train
2342,Healthcare,prescription,I lost my prescription. What should I do? (request 63),Contact the prescribing healthcare provider or pharmacist. They can advise whether a replacement or copy can be issued.,curated_project_dataset,train
2343,Finance,transaction_issue,I need help with a bank transaction (request 76),Please check the transaction status and reference number. Your bank can investigate account-specific transaction issues.,curated_project_dataset,train
2344,E-commerce,account_issue,My account is not working (request 64),"Try signing out and back in or resetting your password. If the problem continues, contact customer support.",curated_project_dataset,train
2345,Healthcare,prescription,Where can I find my prescription? (request 37),Your prescription may be available in your healthcare account or provided by your doctor. Check your medical records or contact the clinic.,curated_project_dataset,test
2346,Healthcare,appointment_cancel,Can you help me with this? Please cancel my consultation.,I can guide you through cancellation. Open the appointment record and choose Cancel Appointment.,curated_project_dataset,train
2347,Healthcare,health_insurance,I need information about health insurance (request 84),"Please specify whether you need help with coverage, claims, eligibility, or policy information so the appropriate guidance can be provided.",curated_project_dataset,test
2348,Healthcare,prescription,How do I view my prescription? (request 84),"If your provider offers online records, sign in to your healthcare account and open the prescription or medication section.",curated_project_dataset,test
2349,E-commerce,account_issue,Can you help me with this? I forgot my account password.,Use the password-reset option associated with your account email or phone number.,curated_project_dataset,test
2350,Healthcare,medical_report,How do I download my lab report? (request 64),"If online access is provided, sign in to the patient portal and look under reports or test results.",curated_project_dataset,train
2351,E-commerce,return_order,What is the process for returning an item? (request 44),"Start a return request from your order details, select the reason, and follow the packaging and pickup or drop-off instructions.",curated_project_dataset,validation
2352,E-commerce,product_information,Where can I find product specifications? (request 71),Product specifications are usually listed on the product page under the description or specifications section.,curated_project_dataset,test
2353,Healthcare,appointment_booking,I need to schedule a consultation (request 78),Sure. Please choose the required doctor or specialty and select an available appointment slot.,curated_project_dataset,train
2354,Finance,card_payment,My card payment was declined (request 61),"Check your card status, available funds, payment details, and any bank security restrictions. Contact your bank if the decline continues.",curated_project_dataset,train
2355,Healthcare,prescription,How do I view my prescription? (request 48),"If your provider offers online records, sign in to your healthcare account and open the prescription or medication section.",curated_project_dataset,train
2356,Healthcare,prescription,I lost my prescription. What should I do? (request 27),Contact the prescribing healthcare provider or pharmacist. They can advise whether a replacement or copy can be issued.,curated_project_dataset,train
2357,Finance,card_payment,My card payment was declined (request 37),"Check your card status, available funds, payment details, and any bank security restrictions. Contact your bank if the decline continues.",curated_project_dataset,validation
2358,Finance,bank_account,I want to open a new bank account (request 47),Choose an appropriate account type and follow the bank's official application process. You may need identity and address documents.,curated_project_dataset,train
2359,E-commerce,damaged_product,The package arrived damaged (request 96),Document the package condition and contact customer support or the seller with your order number and photos.,curated_project_dataset,train
2360,E-commerce,refund,I want to know my refund status.,Please provide your order details or check the refund section of your account for the latest status.,curated_project_dataset,train
2361,Healthcare,appointment_booking,Can I make an appointment for tomorrow? (request 75),"Yes, if appointments are available. Please select the doctor and check tomorrow's available time slots.",curated_project_dataset,train
2362,Healthcare,appointment_cancel,How do I cancel my appointment? (request 65),"You can cancel the appointment from your booking details. If cancellation is unavailable online, contact the healthcare provider.",curated_project_dataset,train
2363,Finance,fraud_transaction,I do not recognize a transaction.,"If you do not recognize a transaction, contact your bank or card issuer through its official channel immediately and follow its fraud-reporting process.",curated_project_dataset,train
2364,E-commerce,payment_failed,I cannot complete my payment (request 67),"Check the payment method and billing details, then retry. If it still fails, try another supported payment method.",curated_project_dataset,test
2365,Finance,balance_inquiry,How can I check my balance?,Use your bank's official app or online banking service to view your current account balance.,curated_project_dataset,test
2366,Finance,fraud_transaction,There is a suspicious transaction on my account (request 71),Review the transaction and report it to your bank promptly if you did not authorize it. Use only official banking contact channels.,curated_project_dataset,validation
2367,Healthcare,prescription,How do I view my prescription? (request 88),"If your provider offers online records, sign in to your healthcare account and open the prescription or medication section.",curated_project_dataset,validation
2368,Finance,fraud_transaction,I do not recognize a transaction (request 65),"If you do not recognize a transaction, contact your bank or card issuer through its official channel immediately and follow its fraud-reporting process.",curated_project_dataset,train
2369,E-commerce,wrong_product,The product I received is not what I ordered (request 87),Please report the mismatch through customer support or the order return process so the issue can be investigated.,curated_project_dataset,train
2370,Healthcare,prescription,How do I view my prescription? (request 76),"If your provider offers online records, sign in to your healthcare account and open the prescription or medication section.",curated_project_dataset,train
2371,Finance,balance_inquiry,Can I check my balance online? (request 68),Yes. Most banks provide balance information through their official online banking or mobile application.,curated_project_dataset,train
2372,Healthcare,prescription,I lost my prescription. What should I do? (request 55),Contact the prescribing healthcare provider or pharmacist. They can advise whether a replacement or copy can be issued.,curated_project_dataset,train
2373,Finance,bank_account,How do I open a bank account? Can you guide me?,"Account-opening requirements vary by bank. Check the bank's official website or branch for eligibility, documents, and application steps.",curated_project_dataset,train
2374,E-commerce,return_order,How do I return a product? (request 61),"Open your order details, select the return option if eligible, choose a return reason, and follow the provided instructions.",curated_project_dataset,train
2375,Finance,transfer_failed,My money transfer failed (request 37),"Please check the transfer details and your account status. If the problem persists, contact your bank for the specific reason for failure.",curated_project_dataset,validation
2376,Healthcare,medical_report,Where can I see my medical report? (request 73),"If digital records are available, check your healthcare account or patient portal. Otherwise, contact the healthcare provider that performed the test.",curated_project_dataset,test
2377,Finance,card_payment,My card payment was declined (request 49),"Check your card status, available funds, payment details, and any bank security restrictions. Contact your bank if the decline continues.",curated_project_dataset,train
2378,Healthcare,appointment_reschedule,Can I move my appointment to next week? (request 27),You can reschedule if the provider has an available slot next week.,curated_project_dataset,train
2379,Healthcare,appointment_cancel,How do I cancel my appointment? (request 97),"You can cancel the appointment from your booking details. If cancellation is unavailable online, contact the healthcare provider.",curated_project_dataset,validation
2380,Finance,transfer_pending,My bank transfer has not completed (request 59),"Please check the transfer status and expected processing time. If it remains pending longer than expected, contact your bank.",curated_project_dataset,train
2381,Healthcare,medication_information,What is this medicine used for? (request 17),Medication uses depend on the specific medicine and your circumstances. Check the medicine label or consult a pharmacist or doctor for reliable guidance.,curated_project_dataset,validation
2382,Healthcare,appointment_cancel,How do I cancel my appointment? (request 41),"You can cancel the appointment from your booking details. If cancellation is unavailable online, contact the healthcare provider.",curated_project_dataset,train
2383,Finance,card_payment,My card payment was declined (request 89),"Check your card status, available funds, payment details, and any bank security restrictions. Contact your bank if the decline continues.",curated_project_dataset,train
2384,Healthcare,prescription,Can I get a copy of my prescription? (request 94),"You can request a copy from your prescribing doctor or healthcare provider, subject to their procedures.",curated_project_dataset,test
2385,Finance,balance_inquiry,Can I check my balance online?,Yes. Most banks provide balance information through their official online banking or mobile application.,curated_project_dataset,train
2386,E-commerce,cancel_order,Please cancel my order (request 83),I can guide you through cancellation. Check your order details for the Cancel Order option.,curated_project_dataset,train
2387,Healthcare,appointment_cancel,I need to cancel my doctor's appointment (request 78),Please open your appointment details and select the cancellation option. Check the provider's cancellation policy for any applicable conditions.,curated_project_dataset,train
2388,E-commerce,product_information,Is this item available? (request 92),Check the product page for the latest stock status. Availability can change quickly.,curated_project_dataset,train
2389,Healthcare,lab_test,How do I book a lab test?,"Select the required test, choose an available laboratory or collection service, and confirm the appointment if booking is available.",curated_project_dataset,validation
2390,Healthcare,prescription,Can I get a copy of my prescription? (request 66),"You can request a copy from your prescribing doctor or healthcare provider, subject to their procedures.",curated_project_dataset,train
2391,E-commerce,payment_failed,My card payment did not go through (request 92),Please verify your card details and contact your bank if the transaction continues to be declined.,curated_project_dataset,test
2392,Finance,transaction_issue,There is a problem with my transaction (request 61),"Review the transaction details and status in your banking account. If the issue is unresolved, contact your bank with the transaction reference.",curated_project_dataset,train
2393,E-commerce,track_order,How can I track my package? (request 66),Use the tracking link in your order details or provide your order number to check the shipment status.,curated_project_dataset,train
2394,Finance,transfer_failed,Can you help me with this? Why did my transfer fail? Can you guide me?,"Transfers can fail because of incorrect details, account restrictions, insufficient funds, or bank-side issues. Check the transaction information and contact your bank if needed.",curated_project_dataset,train
2395,Finance,balance_inquiry,Can I check my balance online? (request 72),Yes. Most banks provide balance information through their official online banking or mobile application.,curated_project_dataset,validation
2396,Healthcare,health_insurance,Can I use insurance for my hospital visit? (request 79),This depends on your plan and the healthcare provider. Confirm eligibility and any pre-authorization requirements with your insurer.,curated_project_dataset,train
2397,Finance,card_payment,Why did my card payment fail? (request 62),"A card payment may fail because of insufficient funds, incorrect details, security checks, or merchant restrictions.",curated_project_dataset,test
2398,E-commerce,return_order,What is the process for returning an item? (request 76),"Start a return request from your order details, select the reason, and follow the packaging and pickup or drop-off instructions.",curated_project_dataset,train
2399,Finance,transaction_issue,Please help me: Why is my transaction not showing? Can you guide me?,Transaction updates can take time depending on the transaction type. Check again later and contact your bank if the expected posting time has passed.,curated_project_dataset,validation
2400,E-commerce,payment_failed,My payment failed (request 13),"Please verify your payment details, available funds, and any bank authentication requirements, then try again.",curated_project_dataset,train
2401,Healthcare,medication_information,How should I learn about my prescribed medicine? (request 95),"Review the prescription and medication leaflet, and ask your doctor or pharmacist about dosage, interactions, and precautions.",curated_project_dataset,train
2402,E-commerce,delivery_time,How long does delivery take? (request 70),"Delivery time varies by location, seller, and shipping option. Check the estimated delivery date shown during checkout or in your order.",curated_project_dataset,validation
2403,E-commerce,account_issue,I want to know: My account is not working.,"Try signing out and back in or resetting your password. If the problem continues, contact customer support.",curated_project_dataset,test
2404,Healthcare,symptoms_information,What should I do about these symptoms? (request 33),"I can provide general information, but symptoms alone cannot establish a diagnosis. For persistent, severe, or worrying symptoms, consult a qualified healthcare professional.",curated_project_dataset,validation
2405,Healthcare,health_insurance,I want to know: Does my health insurance cover this treatment?,"Coverage depends on your insurance plan, provider network, and policy terms. Check your policy or contact your insurer for confirmation.",curated_project_dataset,train
2406,Healthcare,medical_report,Where can I see my medical report? (request 61),"If digital records are available, check your healthcare account or patient portal. Otherwise, contact the healthcare provider that performed the test.",curated_project_dataset,test
2407,Finance,loan_information,What documents are required for a loan? (request 99),"Requirements depend on the lender and loan type. Commonly requested documents may include identity, income, and address information.",curated_project_dataset,train
2408,E-commerce,payment_failed,I cannot complete my payment (request 27),"Check the payment method and billing details, then retry. If it still fails, try another supported payment method.",curated_project_dataset,train
2409,Finance,balance_inquiry,I want to know my bank balance.,Please check the balance section of your official banking app or online banking account.,curated_project_dataset,train
2410,Finance,bank_account,Can I open a bank account online? (request 36),"Many banks offer online account opening, subject to eligibility and verification requirements. Check your bank's official website.",curated_project_dataset,validation
2411,Finance,balance_inquiry,Can you help me with this? How can I check my balance? Can you guide me?,Use your bank's official app or online banking service to view your current account balance.,curated_project_dataset,train
2412,Healthcare,appointment_reschedule,I need to reschedule my doctor's visit (request 90),"Open your appointment and select Reschedule, then choose another available date and time.",curated_project_dataset,validation
2413,Healthcare,symptoms_information,I need help with this: I have been feeling unwell. What should I do?,"If symptoms are mild, monitor them and consider contacting a healthcare professional. Seek urgent medical care if symptoms are severe or rapidly worsening.",curated_project_dataset,train
2414,Healthcare,prescription,Can I get a copy of my prescription? (request 42),"You can request a copy from your prescribing doctor or healthcare provider, subject to their procedures.",curated_project_dataset,train
2415,Finance,loan_information,What documents are required for a loan? (request 47),"Requirements depend on the lender and loan type. Commonly requested documents may include identity, income, and address information.",curated_project_dataset,validation
2416,Finance,transfer_pending,When will my pending transfer be completed? (request 72),Processing time varies by bank and transfer type. Check the transaction status for the latest update.,curated_project_dataset,test
2417,E-commerce,cancel_order,Please help me: Can I cancel my purchase?,Cancellation depends on the order status. Please open the order details and check whether the cancellation option is available.,curated_project_dataset,validation
2418,Healthcare,emergency_guidance,What should I do in a medical emergency? (request 49),"For a serious or life-threatening emergency, seek immediate emergency medical care or contact your local emergency service. Do not rely on a chatbot for emergency treatment.",curated_project_dataset,train
2419,E-commerce,account_issue,My account is not working (request 52),"Try signing out and back in or resetting your password. If the problem continues, contact customer support.",curated_project_dataset,train
2420,Finance,cash_withdrawal,The ATM did not give me cash (request 94),"If your account was debited, keep the ATM receipt or transaction details and contact your bank immediately for investigation.",curated_project_dataset,train
2421,Finance,transfer_failed,I cannot send money (request 47),"Verify the recipient details and available balance, then try again. If the transfer still fails, contact your bank.",curated_project_dataset,train
2422,Finance,transfer_failed,The transfer was unsuccessful (request 68),Please review the transaction details and any error message. Your bank can provide the exact reason if the transaction was rejected.,curated_project_dataset,test
2423,Healthcare,emergency_guidance,When should I seek emergency care? (request 35),"Emergency care may be needed for severe or rapidly worsening symptoms. When in doubt about a potentially serious condition, seek immediate professional medical help.",curated_project_dataset,test
2424,Healthcare,appointment_cancel,Can I cancel my appointment today? (request 43),"Yes, if cancellation is allowed by the provider. Please check your appointment details for the applicable cancellation policy.",curated_project_dataset,test
2425,Healthcare,prescription,I lost my prescription. What should I do? (request 67),Contact the prescribing healthcare provider or pharmacist. They can advise whether a replacement or copy can be issued.,curated_project_dataset,train
2426,Healthcare,appointment_reschedule,Can I move my appointment to next week? (request 31),You can reschedule if the provider has an available slot next week.,curated_project_dataset,train
2427,Healthcare,medical_report,I received my test report. What does it mean?,"Please discuss the report with your healthcare professional, who can interpret the findings using your clinical history and examination.",curated_project_dataset,train
2428,E-commerce,track_order,My order has not arrived yet (request 100),"Please check the latest tracking update first. If the expected delivery date has passed, contact customer support with your order number.",curated_project_dataset,train
2429,Finance,transfer_pending,When will my pending transfer be completed?,Processing time varies by bank and transfer type. Check the transaction status for the latest update.,curated_project_dataset,test
2430,E-commerce,track_order,Please help me: How can I track my package?,Use the tracking link in your order details or provide your order number to check the shipment status.,curated_project_dataset,test
2431,Finance,transaction_issue,I need help with a bank transaction (request 56),Please check the transaction status and reference number. Your bank can investigate account-specific transaction issues.,curated_project_dataset,train
2432,E-commerce,account_issue,Please help me: I forgot my account password.,Use the password-reset option associated with your account email or phone number.,curated_project_dataset,train
2433,Healthcare,medication_information,How should I learn about my prescribed medicine? (request 99),"Review the prescription and medication leaflet, and ask your doctor or pharmacist about dosage, interactions, and precautions.",curated_project_dataset,train
2434,Healthcare,medical_report,How do I download my lab report? (request 52),"If online access is provided, sign in to the patient portal and look under reports or test results.",curated_project_dataset,train
2435,Finance,card_payment,I cannot pay with my card (request 59),"Verify that your card is active and has sufficient funds. If payments continue to fail, contact your card issuer.",curated_project_dataset,test
2436,Healthcare,appointment_cancel,I need to cancel my doctor's appointment (request 38),Please open your appointment details and select the cancellation option. Check the provider's cancellation policy for any applicable conditions.,curated_project_dataset,train
2437,Finance,loan_information,How do I check loan eligibility? (request 52),"Eligibility depends on the lender's criteria, which may include income, credit history, employment, and existing obligations.",curated_project_dataset,train
2438,Healthcare,appointment_reschedule,Can I change my appointment time? (request 65),"Yes. If another slot is available, you can reschedule the appointment from your booking details.",curated_project_dataset,train
2439,Healthcare,lab_test,I need information about a medical test (request 100),"Please provide the test name. Preparation, timing, and interpretation can vary by test.",curated_project_dataset,train
2440,Finance,credit_card,How can I apply for a credit card? (request 85),Credit-card eligibility and application requirements vary by issuer. Check the issuer's official application process and terms.,curated_project_dataset,train
2441,E-commerce,payment_failed,My card payment did not go through (request 52),Please verify your card details and contact your bank if the transaction continues to be declined.,curated_project_dataset,validation
2442,E-commerce,return_order,Can I return my product? (request 87),"Return eligibility depends on the product, seller policy, and purchase date. Check the return policy associated with your order.",curated_project_dataset,test
2443,Healthcare,emergency_guidance,What should I do in a medical emergency? (request 69),"For a serious or life-threatening emergency, seek immediate emergency medical care or contact your local emergency service. Do not rely on a chatbot for emergency treatment.",curated_project_dataset,test
2444,Healthcare,medication_information,I want information about my medication (request 72),Please share the medicine name if you want general information. Do not change the prescribed dose without consulting your healthcare professional.,curated_project_dataset,test
2445,Finance,card_payment,I cannot pay with my card (request 71),"Verify that your card is active and has sufficient funds. If payments continue to fail, contact your card issuer.",curated_project_dataset,train
2446,E-commerce,account_issue,Please help me: I cannot access my shopping account.,"Use the account recovery or password-reset option. If you still cannot sign in, contact customer support through the official channel.",curated_project_dataset,validation
2447,Finance,cash_withdrawal,I want to know: I could not withdraw cash. Can you guide me?,"Check whether your card is active and whether you have sufficient available balance. If the ATM charged you without dispensing cash, contact your bank promptly.",curated_project_dataset,validation
2448,Finance,bank_account,What documents are needed to open an account? (request 46),Requirements vary by bank and account type. Check the bank's official documentation for current identity and address requirements.,curated_project_dataset,train
2449,Healthcare,symptoms_information,Can you tell me what my symptoms mean? (request 30),Symptoms can have many possible causes. Please consult a healthcare professional for an appropriate evaluation rather than relying on a chatbot for diagnosis.,curated_project_dataset,train
2450,Finance,fraud_transaction,Can you help me with this? I do not recognize a transaction. Can you guide me?,"If you do not recognize a transaction, contact your bank or card issuer through its official channel immediately and follow its fraud-reporting process.",curated_project_dataset,train
2451,E-commerce,delivery_time,When will my order be delivered? (request 89),The estimated delivery date is usually shown in your order details and may depend on your location and shipping method.,curated_project_dataset,train
2452,E-commerce,damaged_product,I need help with this: My product arrived damaged.,"Please take photos of the damaged item and packaging, then report the issue through the order's return or support process as soon as possible.",curated_project_dataset,test
2453,Healthcare,appointment_reschedule,Can I move my appointment to next week? (request 59),You can reschedule if the provider has an available slot next week.,curated_project_dataset,test
2454,E-commerce,cancel_order,I want to cancel my order (request 45),"If the order has not shipped, you may be able to cancel it from your order details. Once shipped, cancellation may no longer be available.",curated_project_dataset,train
2455,Healthcare,appointment_reschedule,I need help with this: How can I change my consultation date?,Use the reschedule option in your appointment details and select a new available date.,curated_project_dataset,train
2456,Finance,credit_card,How can I apply for a credit card? (request 73),Credit-card eligibility and application requirements vary by issuer. Check the issuer's official application process and terms.,curated_project_dataset,validation
2457,Finance,fraud_transaction,I do not recognize a transaction (request 49),"If you do not recognize a transaction, contact your bank or card issuer through its official channel immediately and follow its fraud-reporting process.",curated_project_dataset,test
2458,E-commerce,damaged_product,What should I do if my item is damaged? (request 66),"Keep the product and packaging, document the damage with photos, and submit a damage claim or return request through the order details.",curated_project_dataset,test
2459,Finance,balance_inquiry,Can I check my balance online? (request 32),Yes. Most banks provide balance information through their official online banking or mobile application.,curated_project_dataset,test
2460,Finance,fraud_transaction,Someone may have used my card (request 82),"Contact your card issuer immediately using the official number or app, secure your account, and follow the issuer's instructions for reporting suspected fraud.",curated_project_dataset,train
2461,Finance,transaction_issue,There is a problem with my transaction (request 33),"Review the transaction details and status in your banking account. If the issue is unresolved, contact your bank with the transaction reference.",curated_project_dataset,train
2462,Healthcare,lab_test,Where can I get my blood test done?,You can use an authorized laboratory or collection center. Follow the test-specific preparation instructions provided by your healthcare provider.,curated_project_dataset,train
2463,Healthcare,emergency_guidance,I have a severe medical problem. What should I do? (request 66),"Seek urgent medical attention immediately, especially if symptoms are severe, sudden, or life-threatening.",curated_project_dataset,train
2464,E-commerce,payment_failed,I want to know: I cannot complete my payment.,"Check the payment method and billing details, then retry. If it still fails, try another supported payment method.",curated_project_dataset,train
2465,Healthcare,lab_test,Where can I get my blood test done? (request 34),You can use an authorized laboratory or collection center. Follow the test-specific preparation instructions provided by your healthcare provider.,curated_project_dataset,test
2466,E-commerce,track_order,Can you help me with this? My order has not arrived yet.,"Please check the latest tracking update first. If the expected delivery date has passed, contact customer support with your order number.",curated_project_dataset,test
2467,Healthcare,emergency_guidance,When should I seek emergency care? (request 63),"Emergency care may be needed for severe or rapidly worsening symptoms. When in doubt about a potentially serious condition, seek immediate professional medical help.",curated_project_dataset,train
2468,Finance,loan_information,I need information about a personal loan (request 86),"Personal-loan terms vary by lender, including eligibility, interest rate, tenure, and fees. Review the lender's official terms before applying.",curated_project_dataset,train
2469,Healthcare,emergency_guidance,What should I do in a medical emergency? (request 53),"For a serious or life-threatening emergency, seek immediate emergency medical care or contact your local emergency service. Do not rely on a chatbot for emergency treatment.",curated_project_dataset,validation
2470,Finance,transfer_failed,The transfer was unsuccessful (request 36),Please review the transaction details and any error message. Your bank can provide the exact reason if the transaction was rejected.,curated_project_dataset,test
2471,E-commerce,account_issue,I cannot access my shopping account (request 49),"Use the account recovery or password-reset option. If you still cannot sign in, contact customer support through the official channel.",curated_project_dataset,train
2472,E-commerce,delivery_time,Do you offer fast delivery? (request 40),"Available delivery speeds depend on the product, seller, location, and shipping options shown at checkout.",curated_project_dataset,train
2473,Finance,cash_withdrawal,I could not withdraw cash (request 25),"Check whether your card is active and whether you have sufficient available balance. If the ATM charged you without dispensing cash, contact your bank promptly.",curated_project_dataset,train
2474,Healthcare,medical_report,How do I download my lab report? (request 40),"If online access is provided, sign in to the patient portal and look under reports or test results.",curated_project_dataset,validation
2475,E-commerce,product_information,How can I get information about a product? (request 97),"Open the product page to view its description, specifications, availability, price, and seller information.",curated_project_dataset,train
2476,Finance,transaction_issue,I need help with this: I need help with a bank transaction. Can you guide me?,Please check the transaction status and reference number. Your bank can investigate account-specific transaction issues.,curated_project_dataset,test
2477,Healthcare,prescription,How do I view my prescription? (request 44),"If your provider offers online records, sign in to your healthcare account and open the prescription or medication section.",curated_project_dataset,train
2478,Healthcare,appointment_booking,I need to schedule a consultation (request 26),Sure. Please choose the required doctor or specialty and select an available appointment slot.,curated_project_dataset,validation
2479,E-commerce,delivery_time,I want to know: Can I know the expected delivery date?,Yes. Check your order details for the current estimated delivery date.,curated_project_dataset,validation
2480,Finance,credit_card,How do I pay my credit card bill? (request 39),"You can usually pay through the issuer's official app, online banking, bank transfer, or another supported payment method.",curated_project_dataset,train
2481,Finance,credit_card,What is my credit card limit? (request 98),"Your current credit limit is available through your card issuer's official app, online account, statement, or customer service.",curated_project_dataset,train
2482,Finance,cash_withdrawal,My ATM transaction failed (request 100),Check your account and ATM transaction status. Contact your bank if money was debited or the issue continues.,curated_project_dataset,train
2483,Healthcare,lab_test,Where can I get my blood test done? (request 98),You can use an authorized laboratory or collection center. Follow the test-specific preparation instructions provided by your healthcare provider.,curated_project_dataset,test
2484,Healthcare,emergency_guidance,What should I do in a medical emergency? (request 81),"For a serious or life-threatening emergency, seek immediate emergency medical care or contact your local emergency service. Do not rely on a chatbot for emergency treatment.",curated_project_dataset,train
2485,Finance,bank_account,I want to open a new bank account (request 71),Choose an appropriate account type and follow the bank's official application process. You may need identity and address documents.,curated_project_dataset,train
2486,E-commerce,wrong_product,My order contains a different product (request 38),Start a return or replacement request for the incorrect item and follow the seller's instructions.,curated_project_dataset,train
2487,E-commerce,refund,When will I get my refund?,Refund timing depends on the payment method and seller's processing time. Check your order's refund status for the latest update.,curated_project_dataset,train
2488,Healthcare,medication_information,How should I learn about my prescribed medicine? (request 59),"Review the prescription and medication leaflet, and ask your doctor or pharmacist about dosage, interactions, and precautions.",curated_project_dataset,train
2489,E-commerce,return_order,I want to return something I bought (request 46),You can request a return from the order details if the item meets the seller's return conditions.,curated_project_dataset,train
2490,Healthcare,medication_information,How should I learn about my prescribed medicine? (request 67),"Review the prescription and medication leaflet, and ask your doctor or pharmacist about dosage, interactions, and precautions.",curated_project_dataset,train
2491,Finance,fraud_transaction,There is a suspicious transaction on my account (request 87),Review the transaction and report it to your bank promptly if you did not authorize it. Use only official banking contact channels.,curated_project_dataset,train
2492,Finance,cash_withdrawal,My ATM transaction failed (request 88),Check your account and ATM transaction status. Contact your bank if money was debited or the issue continues.,curated_project_dataset,test
2493,Finance,cash_withdrawal,I could not withdraw cash (request 65),"Check whether your card is active and whether you have sufficient available balance. If the ATM charged you without dispensing cash, contact your bank promptly.",curated_project_dataset,test
2494,E-commerce,wrong_product,Can you help me with this? I received the wrong item.,Please report the issue through your order details and provide the order number and photos of the received product if requested.,curated_project_dataset,validation
2495,Finance,loan_information,How do I check loan eligibility? (request 56),"Eligibility depends on the lender's criteria, which may include income, credit history, employment, and existing obligations.",curated_project_dataset,validation
2496,E-commerce,track_order,My order has not arrived yet (request 96),"Please check the latest tracking update first. If the expected delivery date has passed, contact customer support with your order number.",curated_project_dataset,train
2497,E-commerce,track_order,Please help me: What is the status of my order?,Please provide your order number so the current delivery status can be checked.,curated_project_dataset,train
2498,Healthcare,symptoms_information,I have been feeling unwell. What should I do? (request 67),"If symptoms are mild, monitor them and consider contacting a healthcare professional. Seek urgent medical care if symptoms are severe or rapidly worsening.",curated_project_dataset,test
2499,E-commerce,cancel_order,I want to cancel my order.,"If the order has not shipped, you may be able to cancel it from your order details. Once shipped, cancellation may no longer be available.",curated_project_dataset,train
2500,Healthcare,appointment_booking,Can I make an appointment for tomorrow? (request 55),"Yes, if appointments are available. Please select the doctor and check tomorrow's available time slots.",curated_project_dataset,train
2501,E-commerce,account_issue,I need help with this: I forgot my account password.,Use the password-reset option associated with your account email or phone number.,curated_project_dataset,train
2502,Finance,transfer_pending,Why is my transfer still pending? (request 82),A transfer may remain pending while the bank processes or verifies it. Check the transaction details for the expected processing time.,curated_project_dataset,train
2503,Finance,card_payment,Why did my card payment fail? (request 38),"A card payment may fail because of insufficient funds, incorrect details, security checks, or merchant restrictions.",curated_project_dataset,train
2504,E-commerce,account_issue,My account is not working (request 20),"Try signing out and back in or resetting your password. If the problem continues, contact customer support.",curated_project_dataset,test
2505,E-commerce,wrong_product,The product I received is not what I ordered (request 31),Please report the mismatch through customer support or the order return process so the issue can be investigated.,curated_project_dataset,train
2506,Healthcare,emergency_guidance,Please help me: When should I seek emergency care?,"Emergency care may be needed for severe or rapidly worsening symptoms. When in doubt about a potentially serious condition, seek immediate professional medical help.",curated_project_dataset,train
2507,Healthcare,symptoms_information,I have been feeling unwell. What should I do? (request 47),"If symptoms are mild, monitor them and consider contacting a healthcare professional. Seek urgent medical care if symptoms are severe or rapidly worsening.",curated_project_dataset,test
2508,E-commerce,track_order,What is the status of my order? (request 75),Please provide your order number so the current delivery status can be checked.,curated_project_dataset,validation
2509,Healthcare,medical_report,How do I download my lab report? (request 84),"If online access is provided, sign in to the patient portal and look under reports or test results.",curated_project_dataset,train
2510,E-commerce,delivery_time,Can I know the expected delivery date? (request 31),Yes. Check your order details for the current estimated delivery date.,curated_project_dataset,train
2511,Finance,fraud_transaction,I do not recognize a transaction (request 85),"If you do not recognize a transaction, contact your bank or card issuer through its official channel immediately and follow its fraud-reporting process.",curated_project_dataset,train
2512,Healthcare,appointment_cancel,I need to cancel my doctor's appointment (request 26),Please open your appointment details and select the cancellation option. Check the provider's cancellation policy for any applicable conditions.,curated_project_dataset,train
2513,Finance,bank_account,Can I open a bank account online? (request 52),"Many banks offer online account opening, subject to eligibility and verification requirements. Check your bank's official website.",curated_project_dataset,test
2514,Finance,loan_information,How can I apply for a loan? (request 61),"Loan eligibility, documents, interest rates, and application procedures vary by lender. Check the lender's official application process.",curated_project_dataset,train
2515,Finance,balance_inquiry,How can I check my balance? (request 58),Use your bank's official app or online banking service to view your current account balance.,curated_project_dataset,train
2516,Healthcare,symptoms_information,Can you tell me what my symptoms mean? (request 78),Symptoms can have many possible causes. Please consult a healthcare professional for an appropriate evaluation rather than relying on a chatbot for diagnosis.,curated_project_dataset,train
2517,Healthcare,medical_report,Can you explain my medical report? (request 98),"I can explain general medical terminology, but a healthcare professional should interpret your results in the context of your symptoms and medical history.",curated_project_dataset,train
2518,Finance,fraud_transaction,I do not recognize a transaction (request 53),"If you do not recognize a transaction, contact your bank or card issuer through its official channel immediately and follow its fraud-reporting process.",curated_project_dataset,train
2519,Healthcare,lab_test,How do I book a lab test? (request 33),"Select the required test, choose an available laboratory or collection service, and confirm the appointment if booking is available.",curated_project_dataset,train
2520,E-commerce,refund,When will I get my refund? (request 89),Refund timing depends on the payment method and seller's processing time. Check your order's refund status for the latest update.,curated_project_dataset,validation
2521,Finance,transfer_failed,The transfer was unsuccessful (request 84),Please review the transaction details and any error message. Your bank can provide the exact reason if the transaction was rejected.,curated_project_dataset,train
2522,E-commerce,payment_failed,Why was my online payment declined? (request 42),"A payment can fail because of incorrect details, bank restrictions, insufficient funds, or security checks. Contact your bank if the problem continues.",curated_project_dataset,train
2523,Healthcare,lab_test,How do I book a lab test? (request 97),"Select the required test, choose an available laboratory or collection service, and confirm the appointment if booking is available.",curated_project_dataset,train
2524,Healthcare,emergency_guidance,This feels like an emergency (request 20),"Please seek immediate emergency medical assistance. If possible, have someone stay with you while help is arranged.",curated_project_dataset,test
2525,Healthcare,health_insurance,Can I use insurance for my hospital visit? (request 95),This depends on your plan and the healthcare provider. Confirm eligibility and any pre-authorization requirements with your insurer.,curated_project_dataset,validation
2526,E-commerce,product_information,Does this product have the features I need? (request 62),"Please check the product specifications and description. If a required feature is unclear, contact the seller for confirmation.",curated_project_dataset,validation
2527,E-commerce,track_order,My order has not arrived yet (request 88),"Please check the latest tracking update first. If the expected delivery date has passed, contact customer support with your order number.",curated_project_dataset,train
2528,Finance,loan_information,I need information about a personal loan (request 42),"Personal-loan terms vary by lender, including eligibility, interest rate, tenure, and fees. Review the lender's official terms before applying.",curated_project_dataset,train
2529,E-commerce,delivery_time,Can you help me with this? When will my order be delivered?,The estimated delivery date is usually shown in your order details and may depend on your location and shipping method.,curated_project_dataset,train
2530,Healthcare,lab_test,I need information about a medical test (request 80),"Please provide the test name. Preparation, timing, and interpretation can vary by test.",curated_project_dataset,validation
2531,Finance,credit_card,How can I apply for a credit card? (request 41),Credit-card eligibility and application requirements vary by issuer. Check the issuer's official application process and terms.,curated_project_dataset,test
2532,Finance,card_payment,I need help with this: My debit card payment did not work. Can you guide me?,"Please check your card balance and status. If the issue continues, contact your bank for assistance.",curated_project_dataset,validation
2533,Healthcare,appointment_cancel,Can I cancel my appointment today? (request 47),"Yes, if cancellation is allowed by the provider. Please check your appointment details for the applicable cancellation policy.",curated_project_dataset,train
2534,Finance,card_payment,Why did my card payment fail? (request 46),"A card payment may fail because of insufficient funds, incorrect details, security checks, or merchant restrictions.",curated_project_dataset,train
2535,E-commerce,wrong_product,I got the wrong product. What should I do? (request 88),"Keep the item and packaging, then submit an incorrect-item request through your order details.",curated_project_dataset,train
2536,E-commerce,delivery_time,Do you offer fast delivery? (request 92),"Available delivery speeds depend on the product, seller, location, and shipping options shown at checkout.",curated_project_dataset,test
2537,E-commerce,track_order,I need help with this: What is the status of my order?,Please provide your order number so the current delivery status can be checked.,curated_project_dataset,train
2538,E-commerce,return_order,What is the process for returning an item? (request 80),"Start a return request from your order details, select the reason, and follow the packaging and pickup or drop-off instructions.",curated_project_dataset,train
2539,Healthcare,emergency_guidance,What should I do in a medical emergency?,"For a serious or life-threatening emergency, seek immediate emergency medical care or contact your local emergency service. Do not rely on a chatbot for emergency treatment.",curated_project_dataset,train
2540,E-commerce,damaged_product,The product I received is faulty,I'm sorry the product is faulty. Please use the return or replacement process for the order.,curated_project_extension,train
2541,Healthcare,prescription,Can you help me with this? Where can I find my prescription?,Your prescription may be available in your healthcare account or provided by your doctor. Check your medical records or contact the clinic.,curated_project_dataset,train
2542,E-commerce,damaged_product,The package arrived damaged (request 52),Document the package condition and contact customer support or the seller with your order number and photos.,curated_project_dataset,train
2543,E-commerce,delivery_time,Can I know the expected delivery date? (request 47),Yes. Check your order details for the current estimated delivery date.,curated_project_dataset,test
2544,Healthcare,health_insurance,Does my health insurance cover this treatment? (request 77),"Coverage depends on your insurance plan, provider network, and policy terms. Check your policy or contact your insurer for confirmation.",curated_project_dataset,train
2545,Healthcare,symptoms_information,I have been feeling unwell. What should I do? (request 75),"If symptoms are mild, monitor them and consider contacting a healthcare professional. Seek urgent medical care if symptoms are severe or rapidly worsening.",curated_project_dataset,train
2546,Finance,cash_withdrawal,My ATM transaction failed (request 80),Check your account and ATM transaction status. Contact your bank if money was debited or the issue continues.,curated_project_dataset,train
2547,Healthcare,appointment_booking,I need to schedule a consultation.,Sure. Please choose the required doctor or specialty and select an available appointment slot.,curated_project_dataset,train
2548,E-commerce,wrong_product,Please help me: I got the wrong product. What should I do?,"Keep the item and packaging, then submit an incorrect-item request through your order details.",curated_project_dataset,test
2549,Finance,cash_withdrawal,My ATM transaction failed (request 84),Check your account and ATM transaction status. Contact your bank if money was debited or the issue continues.,curated_project_dataset,train
2550,Finance,card_payment,My card payment was declined (request 85),"Check your card status, available funds, payment details, and any bank security restrictions. Contact your bank if the decline continues.",curated_project_dataset,train
2551,Finance,transfer_pending,When will my pending transfer be completed? (request 92),Processing time varies by bank and transfer type. Check the transaction status for the latest update.,curated_project_dataset,train
2552,Healthcare,symptoms_information,I want to know: What should I do about these symptoms?,"I can provide general information, but symptoms alone cannot establish a diagnosis. For persistent, severe, or worrying symptoms, consult a qualified healthcare professional.",curated_project_dataset,validation
2553,Healthcare,appointment_cancel,Please cancel my consultation (request 60),I can guide you through cancellation. Open the appointment record and choose Cancel Appointment.,curated_project_dataset,train
2554,E-commerce,account_issue,I forgot my account password (request 26),Use the password-reset option associated with your account email or phone number.,curated_project_dataset,train
2555,E-commerce,return_order,How do I return a product? (request 33),"Open your order details, select the return option if eligible, choose a return reason, and follow the provided instructions.",curated_project_dataset,train
2556,Healthcare,appointment_reschedule,I need to reschedule my doctor's visit (request 66),"Open your appointment and select Reschedule, then choose another available date and time.",curated_project_dataset,train
2557,E-commerce,track_order,How can I track my package? (request 82),Use the tracking link in your order details or provide your order number to check the shipment status.,curated_project_dataset,test
2558,E-commerce,product_information,How can I get information about a product?,"Open the product page to view its description, specifications, availability, price, and seller information.",curated_project_dataset,train
2559,Finance,transfer_failed,My money transfer failed (request 53),"Please check the transfer details and your account status. If the problem persists, contact your bank for the specific reason for failure.",curated_project_dataset,train
2560,Healthcare,appointment_reschedule,Can you help me with this? I need to reschedule my doctor's visit.,"Open your appointment and select Reschedule, then choose another available date and time.",curated_project_dataset,train
2561,Finance,fraud_transaction,I think my account has been compromised (request 52),"Contact your bank immediately through an official channel, secure your account credentials, and follow its instructions for protecting the account.",curated_project_dataset,train
2562,Healthcare,symptoms_information,I want information about my symptoms (request 40),"I can provide general health information, but a clinician should evaluate symptoms to determine the appropriate diagnosis and treatment.",curated_project_dataset,train
2563,Healthcare,medication_information,I need help with this: What is this medicine used for?,Medication uses depend on the specific medicine and your circumstances. Check the medicine label or consult a pharmacist or doctor for reliable guidance.,curated_project_dataset,train
2564,Finance,bank_account,I want to open a new bank account (request 31),Choose an appropriate account type and follow the bank's official application process. You may need identity and address documents.,curated_project_dataset,train
2565,Healthcare,prescription,I lost my prescription. What should I do? (request 59),Contact the prescribing healthcare provider or pharmacist. They can advise whether a replacement or copy can be issued.,curated_project_dataset,train
2566,Healthcare,emergency_guidance,When should I seek emergency care? (request 83),"Emergency care may be needed for severe or rapidly worsening symptoms. When in doubt about a potentially serious condition, seek immediate professional medical help.",curated_project_dataset,train
2567,Healthcare,medical_report,Can you help me with this? How do I download my lab report?,"If online access is provided, sign in to the patient portal and look under reports or test results.",curated_project_dataset,test
2568,Finance,cash_withdrawal,Why did my cash withdrawal fail? (request 87),"A withdrawal may fail because of insufficient funds, card restrictions, ATM issues, or withdrawal limits.",curated_project_dataset,validation
2569,E-commerce,wrong_product,The product I received is not what I ordered (request 35),Please report the mismatch through customer support or the order return process so the issue can be investigated.,curated_project_dataset,test
2570,E-commerce,refund,How does a product refund work? (request 19),"After the return or cancellation is approved, the refund is generally processed to the original payment method, subject to the seller's policy.",curated_project_dataset,train
2571,Healthcare,lab_test,Can you help me with this? I need information about a medical test.,"Please provide the test name. Preparation, timing, and interpretation can vary by test.",curated_project_dataset,train
2572,E-commerce,account_issue,I cannot access my shopping account.,"Use the account recovery or password-reset option. If you still cannot sign in, contact customer support through the official channel.",curated_project_dataset,train
2573,E-commerce,track_order,How can I track my package? (request 50),Use the tracking link in your order details or provide your order number to check the shipment status.,curated_project_dataset,train
2574,Healthcare,prescription,How do I view my prescription? (request 40),"If your provider offers online records, sign in to your healthcare account and open the prescription or medication section.",curated_project_dataset,validation
2575,Finance,transfer_pending,Why is my transfer still pending? (request 50),A transfer may remain pending while the bank processes or verifies it. Check the transaction details for the expected processing time.,curated_project_dataset,validation
2576,Finance,credit_card,What is my credit card limit? (request 94),"Your current credit limit is available through your card issuer's official app, online account, statement, or customer service.",curated_project_dataset,train
2577,Healthcare,lab_test,How do I book a lab test? (request 37),"Select the required test, choose an available laboratory or collection service, and confirm the appointment if booking is available.",curated_project_dataset,train
2578,E-commerce,delivery_time,Can I know the expected delivery date? (request 51),Yes. Check your order details for the current estimated delivery date.,curated_project_dataset,train
2579,E-commerce,product_information,Where can I find product specifications? (request 87),Product specifications are usually listed on the product page under the description or specifications section.,curated_project_dataset,train
2580,Healthcare,symptoms_information,What should I do about these symptoms? (request 85),"I can provide general information, but symptoms alone cannot establish a diagnosis. For persistent, severe, or worrying symptoms, consult a qualified healthcare professional.",curated_project_dataset,train
2581,Healthcare,medical_report,I received my test report. What does it mean? (request 35),"Please discuss the report with your healthcare professional, who can interpret the findings using your clinical history and examination.",curated_project_dataset,train
2582,E-commerce,cancel_order,Please cancel my order (request 43),I can guide you through cancellation. Check your order details for the Cancel Order option.,curated_project_dataset,test
2583,Finance,card_payment,My debit card payment did not work (request 76),"Please check your card balance and status. If the issue continues, contact your bank for assistance.",curated_project_dataset,test
2584,Finance,balance_inquiry,Please help me: What is my account balance? Can you guide me?,"You can check your current balance through your bank's official mobile app, online banking portal, ATM, or branch.",curated_project_dataset,train
2585,Healthcare,lab_test,I need information about a medical test (request 76),"Please provide the test name. Preparation, timing, and interpretation can vary by test.",curated_project_dataset,test
2586,Finance,loan_information,Can you help me with this? I need information about a personal loan. Can you guide me?,"Personal-loan terms vary by lender, including eligibility, interest rate, tenure, and fees. Review the lender's official terms before applying.",curated_project_dataset,test
2587,Finance,cash_withdrawal,Why did my cash withdrawal fail? (request 95),"A withdrawal may fail because of insufficient funds, card restrictions, ATM issues, or withdrawal limits.",curated_project_dataset,train
2588,E-commerce,cancel_order,I want to cancel my order (request 57),"If the order has not shipped, you may be able to cancel it from your order details. Once shipped, cancellation may no longer be available.",curated_project_dataset,test
2589,Healthcare,appointment_booking,Can I make an appointment for tomorrow? (request 51),"Yes, if appointments are available. Please select the doctor and check tomorrow's available time slots.",curated_project_dataset,test
2590,Finance,balance_inquiry,Can I check my balance online? (request 80),Yes. Most banks provide balance information through their official online banking or mobile application.,curated_project_dataset,train
2591,Finance,loan_information,I want to know: What documents are required for a loan? Can you guide me?,"Requirements depend on the lender and loan type. Commonly requested documents may include identity, income, and address information.",curated_project_dataset,test
2592,E-commerce,wrong_product,My order contains a different product (request 54),Start a return or replacement request for the incorrect item and follow the seller's instructions.,curated_project_dataset,train
2593,E-commerce,account_issue,My account is not working (request 32),"Try signing out and back in or resetting your password. If the problem continues, contact customer support.",curated_project_dataset,train
2594,E-commerce,payment_failed,My card payment did not go through (request 64),Please verify your card details and contact your bank if the transaction continues to be declined.,curated_project_dataset,test
2595,Finance,card_payment,Why did my card payment fail?,"A card payment may fail because of insufficient funds, incorrect details, security checks, or merchant restrictions.",curated_project_dataset,train
2596,Healthcare,symptoms_information,I want information about my symptoms (request 88),"I can provide general health information, but a clinician should evaluate symptoms to determine the appropriate diagnosis and treatment.",curated_project_dataset,test
2597,Finance,loan_information,What documents are required for a loan? (request 59),"Requirements depend on the lender and loan type. Commonly requested documents may include identity, income, and address information.",curated_project_dataset,train
2598,E-commerce,account_issue,I forgot my account password (request 46),Use the password-reset option associated with your account email or phone number.,curated_project_dataset,train
2599,E-commerce,return_order,Can I return my product? (request 79),"Return eligibility depends on the product, seller policy, and purchase date. Check the return policy associated with your order.",curated_project_dataset,train
2600,Healthcare,appointment_cancel,How do I cancel my appointment? (request 53),"You can cancel the appointment from your booking details. If cancellation is unavailable online, contact the healthcare provider.",curated_project_dataset,train
2601,E-commerce,damaged_product,The package arrived damaged (request 16),Document the package condition and contact customer support or the seller with your order number and photos.,curated_project_dataset,validation
2602,E-commerce,delivery_time,When will my order be delivered? (request 81),The estimated delivery date is usually shown in your order details and may depend on your location and shipping method.,curated_project_dataset,train
2603,Healthcare,health_insurance,Can I use insurance for my hospital visit? (request 87),This depends on your plan and the healthcare provider. Confirm eligibility and any pre-authorization requirements with your insurer.,curated_project_dataset,train
2604,Finance,transfer_failed,I cannot send money (request 55),"Verify the recipient details and available balance, then try again. If the transfer still fails, contact your bank.",curated_project_dataset,validation
2605,Finance,transfer_failed,I cannot send money (request 79),"Verify the recipient details and available balance, then try again. If the transfer still fails, contact your bank.",curated_project_dataset,train
2606,Finance,transfer_failed,Why did my transfer fail? (request 30),"Transfers can fail because of incorrect details, account restrictions, insufficient funds, or bank-side issues. Check the transaction information and contact your bank if needed.",curated_project_dataset,train
2607,Healthcare,lab_test,Do I need an appointment for a lab test? (request 83),It depends on the laboratory and test. Check the laboratory's booking requirements before visiting.,curated_project_dataset,train
2608,E-commerce,return_order,Can you help me with this? Can I return my product?,"Return eligibility depends on the product, seller policy, and purchase date. Check the return policy associated with your order.",curated_project_dataset,train
2609,E-commerce,track_order,My order has not arrived yet (request 44),"Please check the latest tracking update first. If the expected delivery date has passed, contact customer support with your order number.",curated_project_dataset,train
2610,Finance,loan_information,How can I apply for a loan? (request 49),"Loan eligibility, documents, interest rates, and application procedures vary by lender. Check the lender's official application process.",curated_project_dataset,train
2611,Finance,cash_withdrawal,My ATM transaction failed (request 68),Check your account and ATM transaction status. Contact your bank if money was debited or the issue continues.,curated_project_dataset,train
2612,E-commerce,product_information,Where can I find product specifications? (request 63),Product specifications are usually listed on the product page under the description or specifications section.,curated_project_dataset,test
2613,Finance,cash_withdrawal,Please help me: My ATM transaction failed. Can you guide me?,Check your account and ATM transaction status. Contact your bank if money was debited or the issue continues.,curated_project_dataset,test
2614,Finance,balance_inquiry,Can I check my balance online? (request 48),Yes. Most banks provide balance information through their official online banking or mobile application.,curated_project_dataset,train
2615,E-commerce,refund,My refund has not arrived (request 62),"Please check the refund status and original payment method. If the stated processing period has passed, contact customer support with your order details.",curated_project_dataset,train
2616,Finance,lost_or_stolen_card,My credit card is missing,"If your card is lost or stolen, block it immediately through your bank's official app or contact the bank's customer support.",curated_project_extension,train
2617,Healthcare,appointment_reschedule,How can I change my consultation date?,Use the reschedule option in your appointment details and select a new available date.,curated_project_dataset,train
2618,Finance,bank_account,Please help me: I want to open a new bank account. Can you guide me?,Choose an appropriate account type and follow the bank's official application process. You may need identity and address documents.,curated_project_dataset,train
2619,Finance,fraud_transaction,There is a suspicious transaction on my account (request 27),Review the transaction and report it to your bank promptly if you did not authorize it. Use only official banking contact channels.,curated_project_dataset,train
2620,E-commerce,damaged_product,I want to know: My product arrived damaged.,"Please take photos of the damaged item and packaging, then report the issue through the order's return or support process as soon as possible.",curated_project_dataset,train
2621,Finance,transfer_pending,My money transfer is pending (request 61),Pending transfers can take time depending on the bank and transfer type. Please check the transaction status and contact your bank if it remains pending beyond the expected processing period.,curated_project_dataset,train
2622,Finance,transfer_failed,My money transfer failed (request 25),"Please check the transfer details and your account status. If the problem persists, contact your bank for the specific reason for failure.",curated_project_dataset,test
2623,Finance,lost_or_stolen_card,I misplaced my bank card Please tell me what to do.,"If your card is lost or stolen, block it immediately through your bank's official app or contact the bank's customer support.",curated_project_extension,train
2624,Healthcare,symptoms_information,I have been feeling unwell. What should I do? (request 91),"If symptoms are mild, monitor them and consider contacting a healthcare professional. Seek urgent medical care if symptoms are severe or rapidly worsening.",curated_project_dataset,train
2625,Finance,lost_or_stolen_card,Can you help? My credit card is missing,"If your card is lost or stolen, block it immediately through your bank's official app or contact the bank's customer support.",curated_project_extension,train
2626,E-commerce,payment_failed,My payment failed (request 69),"Please verify your payment details, available funds, and any bank authentication requirements, then try again.",curated_project_dataset,train
2627,Healthcare,appointment_reschedule,Can I move my appointment to next week? (request 67),You can reschedule if the provider has an available slot next week.,curated_project_dataset,train
2628,Finance,transfer_pending,My money transfer is pending (request 37),Pending transfers can take time depending on the bank and transfer type. Please check the transaction status and contact your bank if it remains pending beyond the expected processing period.,curated_project_dataset,train
2629,Finance,fraud_transaction,I need help with this: I do not recognize a transaction. Can you guide me?,"If you do not recognize a transaction, contact your bank or card issuer through its official channel immediately and follow its fraud-reporting process.",curated_project_dataset,validation
2630,Finance,loan_information,How can I apply for a loan? (request 45),"Loan eligibility, documents, interest rates, and application procedures vary by lender. Check the lender's official application process.",curated_project_dataset,validation
2631,Finance,bank_account,I want to open a new bank account (request 87),Choose an appropriate account type and follow the bank's official application process. You may need identity and address documents.,curated_project_dataset,train
2632,E-commerce,refund,When will I get my refund? (request 73),Refund timing depends on the payment method and seller's processing time. Check your order's refund status for the latest update.,curated_project_dataset,test
2633,E-commerce,return_order,I need help with this: How do I return a product?,"Open your order details, select the return option if eligible, choose a return reason, and follow the provided instructions.",curated_project_dataset,train
2634,Healthcare,symptoms_information,I have been feeling unwell. What should I do? (request 63),"If symptoms are mild, monitor them and consider contacting a healthcare professional. Seek urgent medical care if symptoms are severe or rapidly worsening.",curated_project_dataset,train
2635,E-commerce,product_information,I need help with this: Does this product have the features I need?,"Please check the product specifications and description. If a required feature is unclear, contact the seller for confirmation.",curated_project_dataset,train
2636,Healthcare,emergency_guidance,What should I do in a medical emergency? (request 61),"For a serious or life-threatening emergency, seek immediate emergency medical care or contact your local emergency service. Do not rely on a chatbot for emergency treatment.",curated_project_dataset,train
2637,Finance,transaction_issue,I need help with this: There is a problem with my transaction. Can you guide me?,"Review the transaction details and status in your banking account. If the issue is unresolved, contact your bank with the transaction reference.",curated_project_dataset,train
2638,Finance,credit_card,I need help with my credit card (request 100),"Please specify whether you need help with payments, limits, transactions, fees, or card access so the appropriate guidance can be provided.",curated_project_dataset,train
2639,Finance,lost_or_stolen_card,I have a problem: I misplaced my bank card,"If your card is lost or stolen, block it immediately through your bank's official app or contact the bank's customer support.",curated_project_extension,validation
2640,Healthcare,prescription,I lost my prescription. What should I do? (request 43),Contact the prescribing healthcare provider or pharmacist. They can advise whether a replacement or copy can be issued.,curated_project_dataset,train
2641,E-commerce,damaged_product,Please help me: The package arrived damaged.,Document the package condition and contact customer support or the seller with your order number and photos.,curated_project_dataset,train
2642,E-commerce,damaged_product,What should I do if my item is damaged? (request 26),"Keep the product and packaging, document the damage with photos, and submit a damage claim or return request through the order details.",curated_project_dataset,test
2643,Finance,transaction_issue,I need help with a bank transaction (request 40),Please check the transaction status and reference number. Your bank can investigate account-specific transaction issues.,curated_project_dataset,train
2644,Finance,credit_card,How can I apply for a credit card? (request 29),Credit-card eligibility and application requirements vary by issuer. Check the issuer's official application process and terms.,curated_project_dataset,train
2645,Finance,loan_information,I need information about a personal loan (request 70),"Personal-loan terms vary by lender, including eligibility, interest rate, tenure, and fees. Review the lender's official terms before applying.",curated_project_dataset,train
2646,Healthcare,appointment_booking,I want to see a doctor (request 84),I can help you schedule a consultation. Please provide the medical specialty or doctor you want to visit.,curated_project_dataset,train
2647,Finance,transfer_failed,My money transfer failed (request 81),"Please check the transfer details and your account status. If the problem persists, contact your bank for the specific reason for failure.",curated_project_dataset,train
2648,Finance,bank_account,I want to open a new bank account (request 39),Choose an appropriate account type and follow the bank's official application process. You may need identity and address documents.,curated_project_dataset,train
2649,Healthcare,health_insurance,Can I use insurance for my hospital visit? (request 51),This depends on your plan and the healthcare provider. Confirm eligibility and any pre-authorization requirements with your insurer.,curated_project_dataset,test
2650,Finance,card_payment,I cannot pay with my card (request 99),"Verify that your card is active and has sufficient funds. If payments continue to fail, contact your card issuer.",curated_project_dataset,train
2651,Healthcare,emergency_guidance,When should I seek emergency care? (request 51),"Emergency care may be needed for severe or rapidly worsening symptoms. When in doubt about a potentially serious condition, seek immediate professional medical help.",curated_project_dataset,train
2652,Finance,cash_withdrawal,The ATM did not give me cash (request 98),"If your account was debited, keep the ATM receipt or transaction details and contact your bank immediately for investigation.",curated_project_dataset,train
2653,Finance,balance_inquiry,Can I check my balance online? (request 92),Yes. Most banks provide balance information through their official online banking or mobile application.,curated_project_dataset,train
2654,Finance,bank_account,Can I open a bank account online? (request 76),"Many banks offer online account opening, subject to eligibility and verification requirements. Check your bank's official website.",curated_project_dataset,train
2655,E-commerce,delivery_time,Please help me: How long does delivery take?,"Delivery time varies by location, seller, and shipping option. Check the estimated delivery date shown during checkout or in your order.",curated_project_dataset,validation
2656,E-commerce,delivery_time,Can I know the expected delivery date?,Yes. Check your order details for the current estimated delivery date.,curated_project_dataset,train
2657,Finance,bank_account,What documents are needed to open an account? (request 66),Requirements vary by bank and account type. Check the bank's official documentation for current identity and address requirements.,curated_project_dataset,train
2658,E-commerce,cancel_order,Can I cancel my purchase? (request 58),Cancellation depends on the order status. Please open the order details and check whether the cancellation option is available.,curated_project_dataset,train
2659,E-commerce,track_order,How can I track my package? (request 34),Use the tracking link in your order details or provide your order number to check the shipment status.,curated_project_dataset,train
2660,Finance,loan_information,What documents are required for a loan? (request 71),"Requirements depend on the lender and loan type. Commonly requested documents may include identity, income, and address information.",curated_project_dataset,train
2661,E-commerce,damaged_product,The package arrived damaged (request 64),Document the package condition and contact customer support or the seller with your order number and photos.,curated_project_dataset,train
2662,Healthcare,medication_information,What is this medicine used for?,Medication uses depend on the specific medicine and your circumstances. Check the medicine label or consult a pharmacist or doctor for reliable guidance.,curated_project_dataset,train
2663,E-commerce,delivery_time,Do you offer fast delivery? (request 52),"Available delivery speeds depend on the product, seller, location, and shipping options shown at checkout.",curated_project_dataset,train
2664,Finance,transfer_failed,Why did my transfer fail? (request 50),"Transfers can fail because of incorrect details, account restrictions, insufficient funds, or bank-side issues. Check the transaction information and contact your bank if needed.",curated_project_dataset,train
2665,Healthcare,appointment_booking,How can I book a doctor appointment? (request 69),"You can book an appointment by selecting a doctor, choosing an available date and time, and confirming the booking.",curated_project_dataset,train
2666,Finance,card_payment,My card payment was declined (request 97),"Check your card status, available funds, payment details, and any bank security restrictions. Contact your bank if the decline continues.",curated_project_dataset,train
2667,Finance,transfer_failed,I cannot send money (request 51),"Verify the recipient details and available balance, then try again. If the transfer still fails, contact your bank.",curated_project_dataset,train
2668,Healthcare,medication_information,I want information about my medication (request 36),Please share the medicine name if you want general information. Do not change the prescribed dose without consulting your healthcare professional.,curated_project_dataset,train
2669,E-commerce,damaged_product,The package arrived damaged (request 36),Document the package condition and contact customer support or the seller with your order number and photos.,curated_project_dataset,train
2670,Healthcare,medical_report,I received my test report. What does it mean? (request 83),"Please discuss the report with your healthcare professional, who can interpret the findings using your clinical history and examination.",curated_project_dataset,train
2671,Finance,cash_withdrawal,Why did my cash withdrawal fail? (request 39),"A withdrawal may fail because of insufficient funds, card restrictions, ATM issues, or withdrawal limits.",curated_project_dataset,train
2672,Healthcare,appointment_booking,I need to schedule a consultation (request 86),Sure. Please choose the required doctor or specialty and select an available appointment slot.,curated_project_dataset,train
2673,E-commerce,cancel_order,Please help me: How do I stop an order before it ships?,Open your order details and select cancellation if the option is still available.,curated_project_dataset,train
2674,Finance,transfer_failed,My money transfer failed (request 93),"Please check the transfer details and your account status. If the problem persists, contact your bank for the specific reason for failure.",curated_project_dataset,train
2675,Finance,transaction_issue,Why is my transaction not showing? (request 35),Transaction updates can take time depending on the transaction type. Check again later and contact your bank if the expected posting time has passed.,curated_project_dataset,train
2676,E-commerce,wrong_product,I got the wrong product. What should I do? (request 96),"Keep the item and packaging, then submit an incorrect-item request through your order details.",curated_project_dataset,train
2677,E-commerce,cancel_order,Please cancel my order (request 7),I can guide you through cancellation. Check your order details for the Cancel Order option.,curated_project_dataset,validation
2678,Healthcare,appointment_reschedule,Can I change my appointment time?,"Yes. If another slot is available, you can reschedule the appointment from your booking details.",curated_project_dataset,train
2679,Healthcare,appointment_cancel,I need to cancel my doctor's appointment (request 82),Please open your appointment details and select the cancellation option. Check the provider's cancellation policy for any applicable conditions.,curated_project_dataset,train
2680,E-commerce,account_issue,I forgot my account password.,Use the password-reset option associated with your account email or phone number.,curated_project_dataset,train
2681,Finance,credit_card,How can I apply for a credit card? (request 61),Credit-card eligibility and application requirements vary by issuer. Check the issuer's official application process and terms.,curated_project_dataset,train
2682,Finance,cash_withdrawal,Please help me: I could not withdraw cash. Can you guide me?,"Check whether your card is active and whether you have sufficient available balance. If the ATM charged you without dispensing cash, contact your bank promptly.",curated_project_dataset,train
2683,Finance,card_payment,I cannot pay with my card (request 91),"Verify that your card is active and has sufficient funds. If payments continue to fail, contact your card issuer.",curated_project_dataset,train
2684,Healthcare,emergency_guidance,When should I seek emergency care? (request 87),"Emergency care may be needed for severe or rapidly worsening symptoms. When in doubt about a potentially serious condition, seek immediate professional medical help.",curated_project_dataset,train
2685,E-commerce,delivery_time,Can I know the expected delivery date? (request 43),Yes. Check your order details for the current estimated delivery date.,curated_project_dataset,test
2686,E-commerce,account_issue,How do I update my account details? (request 91),"Open your account settings and edit the available profile information, then save the changes.",curated_project_dataset,train
2687,Healthcare,lab_test,How do I book a lab test? (request 61),"Select the required test, choose an available laboratory or collection service, and confirm the appointment if booking is available.",curated_project_dataset,train
2688,E-commerce,refund,I need help with this: When will I get my refund?,Refund timing depends on the payment method and seller's processing time. Check your order's refund status for the latest update.,curated_project_dataset,train
2689,Finance,transfer_pending,When will my pending transfer be completed? (request 36),Processing time varies by bank and transfer type. Check the transaction status for the latest update.,curated_project_dataset,test
2690,E-commerce,return_order,How do I return a product? (request 29),"Open your order details, select the return option if eligible, choose a return reason, and follow the provided instructions.",curated_project_dataset,validation
2691,E-commerce,damaged_product,I want to know: The package arrived damaged.,Document the package condition and contact customer support or the seller with your order number and photos.,curated_project_dataset,train
2692,Finance,cash_withdrawal,The ATM did not give me cash (request 54),"If your account was debited, keep the ATM receipt or transaction details and contact your bank immediately for investigation.",curated_project_dataset,train
2693,E-commerce,cancel_order,I want to cancel my order (request 49),"If the order has not shipped, you may be able to cancel it from your order details. Once shipped, cancellation may no longer be available.",curated_project_dataset,train
2694,Finance,lost_or_stolen_card,I lost my bank card Can you assist?,"If your card is lost or stolen, block it immediately through your bank's official app or contact the bank's customer support.",curated_project_extension,train
2695,E-commerce,refund,I want to know my refund status (request 36),Please provide your order details or check the refund section of your account for the latest status.,curated_project_dataset,train
2696,E-commerce,track_order,Where is my order? (request 41),I can help with order tracking. Please provide your order number or tracking details.,curated_project_dataset,train
2697,E-commerce,refund,When will I get my refund? (request 81),Refund timing depends on the payment method and seller's processing time. Check your order's refund status for the latest update.,curated_project_dataset,train
2698,E-commerce,product_information,I need help with this: How can I get information about a product?,"Open the product page to view its description, specifications, availability, price, and seller information.",curated_project_dataset,train
2699,E-commerce,delivery_time,When will my order be delivered? (request 5),The estimated delivery date is usually shown in your order details and may depend on your location and shipping method.,curated_project_dataset,train
2700,Finance,bank_account,Please help me: What documents are needed to open an account? Can you guide me?,Requirements vary by bank and account type. Check the bank's official documentation for current identity and address requirements.,curated_project_dataset,validation
2701,E-commerce,account_issue,I cannot access my shopping account (request 41),"Use the account recovery or password-reset option. If you still cannot sign in, contact customer support through the official channel.",curated_project_dataset,validation
2702,Finance,cash_withdrawal,My ATM transaction failed (request 52),Check your account and ATM transaction status. Contact your bank if money was debited or the issue continues.,curated_project_dataset,train
2703,Healthcare,medication_information,I want information about my medication (request 84),Please share the medicine name if you want general information. Do not change the prescribed dose without consulting your healthcare professional.,curated_project_dataset,train
2704,Healthcare,medical_report,I want to know: How do I download my lab report?,"If online access is provided, sign in to the patient portal and look under reports or test results.",curated_project_dataset,train
2705,Finance,cash_withdrawal,I could not withdraw cash (request 53),"Check whether your card is active and whether you have sufficient available balance. If the ATM charged you without dispensing cash, contact your bank promptly.",curated_project_dataset,train
2706,E-commerce,delivery_time,How long does delivery take? (request 42),"Delivery time varies by location, seller, and shipping option. Check the estimated delivery date shown during checkout or in your order.",curated_project_dataset,train
2707,E-commerce,delivery_time,Can you help me with this? Do you offer fast delivery?,"Available delivery speeds depend on the product, seller, location, and shipping options shown at checkout.",curated_project_dataset,train
2708,Healthcare,symptoms_information,What should I do about these symptoms? (request 57),"I can provide general information, but symptoms alone cannot establish a diagnosis. For persistent, severe, or worrying symptoms, consult a qualified healthcare professional.",curated_project_dataset,train
2709,Healthcare,medication_information,Please help me: What is this medicine used for?,Medication uses depend on the specific medicine and your circumstances. Check the medicine label or consult a pharmacist or doctor for reliable guidance.,curated_project_dataset,validation
2710,Finance,credit_card,What is my credit card limit? (request 34),"Your current credit limit is available through your card issuer's official app, online account, statement, or customer service.",curated_project_dataset,train
2711,Finance,transaction_issue,There is a problem with my transaction (request 97),"Review the transaction details and status in your banking account. If the issue is unresolved, contact your bank with the transaction reference.",curated_project_dataset,train
2712,Healthcare,appointment_reschedule,Please help me: I need to reschedule my doctor's visit.,"Open your appointment and select Reschedule, then choose another available date and time.",curated_project_dataset,validation
2713,Healthcare,symptoms_information,I have been feeling unwell. What should I do? (request 11),"If symptoms are mild, monitor them and consider contacting a healthcare professional. Seek urgent medical care if symptoms are severe or rapidly worsening.",curated_project_dataset,train
2714,E-commerce,refund,My refund has not arrived (request 38),"Please check the refund status and original payment method. If the stated processing period has passed, contact customer support with your order details.",curated_project_dataset,train
2715,E-commerce,account_issue,I forgot my account password (request 86),Use the password-reset option associated with your account email or phone number.,curated_project_dataset,train
2716,E-commerce,cancel_order,Can you help me with this? Can I cancel my purchase?,Cancellation depends on the order status. Please open the order details and check whether the cancellation option is available.,curated_project_dataset,train
2717,E-commerce,account_issue,I cannot access my shopping account (request 93),"Use the account recovery or password-reset option. If you still cannot sign in, contact customer support through the official channel.",curated_project_dataset,train
2718,Finance,transfer_pending,My money transfer is pending (request 81),Pending transfers can take time depending on the bank and transfer type. Please check the transaction status and contact your bank if it remains pending beyond the expected processing period.,curated_project_dataset,train
2719,Finance,bank_account,How do I open a bank account? (request 65),"Account-opening requirements vary by bank. Check the bank's official website or branch for eligibility, documents, and application steps.",curated_project_dataset,train
2720,E-commerce,return_order,What is the process for returning an item? (request 36),"Start a return request from your order details, select the reason, and follow the packaging and pickup or drop-off instructions.",curated_project_dataset,train
2721,Finance,credit_card,What is my credit card limit? (request 86),"Your current credit limit is available through your card issuer's official app, online account, statement, or customer service.",curated_project_dataset,train
2722,Healthcare,medical_report,I received my test report. What does it mean? (request 91),"Please discuss the report with your healthcare professional, who can interpret the findings using your clinical history and examination.",curated_project_dataset,train
2723,Healthcare,medical_report,Can you explain my medical report? (request 18),"I can explain general medical terminology, but a healthcare professional should interpret your results in the context of your symptoms and medical history.",curated_project_dataset,train
2724,Finance,bank_account,I want to open a new bank account (request 55),Choose an appropriate account type and follow the bank's official application process. You may need identity and address documents.,curated_project_dataset,train
2725,Finance,lost_or_stolen_card,My ATM card is missing,Please block your ATM card immediately and contact your bank for further assistance.,curated_project_extension,test
2726,E-commerce,wrong_product,The product I received is not what I ordered (request 95),Please report the mismatch through customer support or the order return process so the issue can be investigated.,curated_project_dataset,validation
2727,Healthcare,appointment_cancel,Please cancel my consultation (request 84),I can guide you through cancellation. Open the appointment record and choose Cancel Appointment.,curated_project_dataset,validation
2728,Finance,card_payment,Please help me: I cannot pay with my card. Can you guide me?,"Verify that your card is active and has sufficient funds. If payments continue to fail, contact your card issuer.",curated_project_dataset,train
2729,Healthcare,health_insurance,Can I use insurance for my hospital visit? (request 43),This depends on your plan and the healthcare provider. Confirm eligibility and any pre-authorization requirements with your insurer.,curated_project_dataset,train
2730,Healthcare,symptoms_information,What should I do about these symptoms? (request 29),"I can provide general information, but symptoms alone cannot establish a diagnosis. For persistent, severe, or worrying symptoms, consult a qualified healthcare professional.",curated_project_dataset,train
2731,Healthcare,appointment_booking,I want to see a doctor (request 68),I can help you schedule a consultation. Please provide the medical specialty or doctor you want to visit.,curated_project_dataset,train
2732,Finance,loan_information,What documents are required for a loan? (request 95),"Requirements depend on the lender and loan type. Commonly requested documents may include identity, income, and address information.",curated_project_dataset,test
2733,E-commerce,cancel_order,I want to cancel my order (request 93),"If the order has not shipped, you may be able to cancel it from your order details. Once shipped, cancellation may no longer be available.",curated_project_dataset,test
2734,Finance,transaction_issue,Why is my transaction not showing? (request 63),Transaction updates can take time depending on the transaction type. Check again later and contact your bank if the expected posting time has passed.,curated_project_dataset,train
2735,Finance,transfer_pending,I need help with this: When will my pending transfer be completed? Can you guide me?,Processing time varies by bank and transfer type. Check the transaction status for the latest update.,curated_project_dataset,train
2736,Finance,fraud_transaction,I do not recognize a transaction (request 33),"If you do not recognize a transaction, contact your bank or card issuer through its official channel immediately and follow its fraud-reporting process.",curated_project_dataset,train
2737,Finance,bank_account,Can I open a bank account online? (request 96),"Many banks offer online account opening, subject to eligibility and verification requirements. Check your bank's official website.",curated_project_dataset,train
2738,E-commerce,wrong_product,I got the wrong product. What should I do? (request 40),"Keep the item and packaging, then submit an incorrect-item request through your order details.",curated_project_dataset,train
2739,Finance,lost_or_stolen_card,I need help: My ATM card was stolen,"If your card is lost or stolen, block it immediately through your bank's official app or contact the bank's customer support.",curated_project_extension,train
2740,Healthcare,medical_report,Where can I see my medical report? (request 89),"If digital records are available, check your healthcare account or patient portal. Otherwise, contact the healthcare provider that performed the test.",curated_project_dataset,train
2741,E-commerce,payment_failed,My card payment did not go through (request 100),Please verify your card details and contact your bank if the transaction continues to be declined.,curated_project_dataset,train
2742,Healthcare,appointment_booking,I want to see a doctor (request 96),I can help you schedule a consultation. Please provide the medical specialty or doctor you want to visit.,curated_project_dataset,train
2743,E-commerce,wrong_product,I got the wrong product. What should I do? (request 76),"Keep the item and packaging, then submit an incorrect-item request through your order details.",curated_project_dataset,train
2744,E-commerce,payment_failed,I need help with this: My card payment did not go through.,Please verify your card details and contact your bank if the transaction continues to be declined.,curated_project_dataset,train
2745,Finance,credit_card,Can you help me with this? What is my credit card limit? Can you guide me?,"Your current credit limit is available through your card issuer's official app, online account, statement, or customer service.",curated_project_dataset,validation
2746,E-commerce,wrong_product,My order contains a different product (request 50),Start a return or replacement request for the incorrect item and follow the seller's instructions.,curated_project_dataset,test
2747,Healthcare,appointment_booking,Please help me: I want to see a doctor.,I can help you schedule a consultation. Please provide the medical specialty or doctor you want to visit.,curated_project_dataset,train
2748,E-commerce,delivery_time,I need help with this: How long does delivery take?,"Delivery time varies by location, seller, and shipping option. Check the estimated delivery date shown during checkout or in your order.",curated_project_dataset,train
2749,Finance,credit_card,How do I pay my credit card bill? (request 79),"You can usually pay through the issuer's official app, online banking, bank transfer, or another supported payment method.",curated_project_dataset,train
2750,E-commerce,cancel_order,I want to know: I want to cancel my order.,"If the order has not shipped, you may be able to cancel it from your order details. Once shipped, cancellation may no longer be available.",curated_project_dataset,train
2751,E-commerce,cancel_order,I want to cancel my order (request 97),"If the order has not shipped, you may be able to cancel it from your order details. Once shipped, cancellation may no longer be available.",curated_project_dataset,train
2752,Healthcare,appointment_booking,I want to know: Can I make an appointment for tomorrow?,"Yes, if appointments are available. Please select the doctor and check tomorrow's available time slots.",curated_project_dataset,validation
2753,Healthcare,appointment_reschedule,I need help with this: I need to reschedule my doctor's visit.,"Open your appointment and select Reschedule, then choose another available date and time.",curated_project_dataset,train
2754,Healthcare,symptoms_information,I have been feeling unwell. What should I do? (request 51),"If symptoms are mild, monitor them and consider contacting a healthcare professional. Seek urgent medical care if symptoms are severe or rapidly worsening.",curated_project_dataset,train
2755,Finance,transfer_failed,The transfer was unsuccessful (request 40),Please review the transaction details and any error message. Your bank can provide the exact reason if the transaction was rejected.,curated_project_dataset,train
2756,E-commerce,damaged_product,What should I do if my item is damaged? (request 30),"Keep the product and packaging, document the damage with photos, and submit a damage claim or return request through the order details.",curated_project_dataset,train
2757,Finance,transfer_pending,Why is my transfer still pending? (request 58),A transfer may remain pending while the bank processes or verifies it. Check the transaction details for the expected processing time.,curated_project_dataset,train
2758,Finance,transfer_pending,My bank transfer has not completed (request 35),"Please check the transfer status and expected processing time. If it remains pending longer than expected, contact your bank.",curated_project_dataset,train
2759,Healthcare,symptoms_information,I want information about my symptoms (request 28),"I can provide general health information, but a clinician should evaluate symptoms to determine the appropriate diagnosis and treatment.",curated_project_dataset,validation
2760,E-commerce,damaged_product,My item is broken,I'm sorry about the damaged item. You can request a return or replacement using your order details.,curated_project_extension,train
2761,Healthcare,symptoms_information,I want information about my symptoms (request 92),"I can provide general health information, but a clinician should evaluate symptoms to determine the appropriate diagnosis and treatment.",curated_project_dataset,train
2762,E-commerce,product_information,Where can I find product specifications? (request 67),Product specifications are usually listed on the product page under the description or specifications section.,curated_project_dataset,train
2763,Healthcare,emergency_guidance,What should I do in a medical emergency? (request 73),"For a serious or life-threatening emergency, seek immediate emergency medical care or contact your local emergency service. Do not rely on a chatbot for emergency treatment.",curated_project_dataset,train
2764,E-commerce,account_issue,I cannot access my shopping account (request 77),"Use the account recovery or password-reset option. If you still cannot sign in, contact customer support through the official channel.",curated_project_dataset,train
2765,E-commerce,wrong_product,The product I received is not what I ordered (request 59),Please report the mismatch through customer support or the order return process so the issue can be investigated.,curated_project_dataset,train
2766,Finance,bank_account,Can you help me with this? What documents are needed to open an account? Can you guide me?,Requirements vary by bank and account type. Check the bank's official documentation for current identity and address requirements.,curated_project_dataset,train
2767,E-commerce,cancel_order,Please cancel my order (request 87),I can guide you through cancellation. Check your order details for the Cancel Order option.,curated_project_dataset,train
2768,Finance,transaction_issue,Why is my transaction not showing? (request 55),Transaction updates can take time depending on the transaction type. Check again later and contact your bank if the expected posting time has passed.,curated_project_dataset,train
2769,E-commerce,wrong_product,My order contains a different product (request 82),Start a return or replacement request for the incorrect item and follow the seller's instructions.,curated_project_dataset,train
2770,Healthcare,lab_test,How do I book a lab test? (request 73),"Select the required test, choose an available laboratory or collection service, and confirm the appointment if booking is available.",curated_project_dataset,train
2771,Finance,credit_card,How can I apply for a credit card? (request 45),Credit-card eligibility and application requirements vary by issuer. Check the issuer's official application process and terms.,curated_project_dataset,train
2772,E-commerce,refund,I want to know my refund status (request 28),Please provide your order details or check the refund section of your account for the latest status.,curated_project_dataset,train
2773,Finance,card_payment,Can you help me with this? Why did my card payment fail? Can you guide me?,"A card payment may fail because of insufficient funds, incorrect details, security checks, or merchant restrictions.",curated_project_dataset,train
2774,Healthcare,appointment_cancel,I need help with this: How do I cancel my appointment?,"You can cancel the appointment from your booking details. If cancellation is unavailable online, contact the healthcare provider.",curated_project_dataset,train
2775,E-commerce,payment_failed,My card payment did not go through (request 56),Please verify your card details and contact your bank if the transaction continues to be declined.,curated_project_dataset,train
2776,Healthcare,medical_report,Can you explain my medical report? (request 26),"I can explain general medical terminology, but a healthcare professional should interpret your results in the context of your symptoms and medical history.",curated_project_dataset,validation
2777,E-commerce,return_order,What is the process for returning an item? (request 72),"Start a return request from your order details, select the reason, and follow the packaging and pickup or drop-off instructions.",curated_project_dataset,train
2778,E-commerce,wrong_product,Please help me: I received the wrong item.,Please report the issue through your order details and provide the order number and photos of the received product if requested.,curated_project_dataset,train
2779,E-commerce,product_information,Please help me: Where can I find product specifications?,Product specifications are usually listed on the product page under the description or specifications section.,curated_project_dataset,train
2780,E-commerce,payment_failed,My card payment did not go through (request 88),Please verify your card details and contact your bank if the transaction continues to be declined.,curated_project_dataset,train
2781,Finance,loan_information,What documents are required for a loan? (request 83),"Requirements depend on the lender and loan type. Commonly requested documents may include identity, income, and address information.",curated_project_dataset,train
2782,E-commerce,damaged_product,My product arrived damaged (request 53),"Please take photos of the damaged item and packaging, then report the issue through the order's return or support process as soon as possible.",curated_project_dataset,train
2783,Finance,balance_inquiry,What is my account balance? (request 65),"You can check your current balance through your bank's official mobile app, online banking portal, ATM, or branch.",curated_project_dataset,train
2784,Finance,credit_card,What is my credit card limit? (request 26),"Your current credit limit is available through your card issuer's official app, online account, statement, or customer service.",curated_project_dataset,train
2785,E-commerce,wrong_product,My order contains a different product (request 46),Start a return or replacement request for the incorrect item and follow the seller's instructions.,curated_project_dataset,train
2786,Finance,transaction_issue,Why is my transaction not showing? (request 79),Transaction updates can take time depending on the transaction type. Check again later and contact your bank if the expected posting time has passed.,curated_project_dataset,validation
2787,E-commerce,cancel_order,Please cancel my order (request 35),I can guide you through cancellation. Check your order details for the Cancel Order option.,curated_project_dataset,train
2788,Finance,transfer_failed,I cannot send money (request 71),"Verify the recipient details and available balance, then try again. If the transfer still fails, contact your bank.",curated_project_dataset,train
2789,Healthcare,emergency_guidance,This feels like an emergency.,"Please seek immediate emergency medical assistance. If possible, have someone stay with you while help is arranged.",curated_project_dataset,validation
2790,E-commerce,delivery_time,How long does delivery take? (request 10),"Delivery time varies by location, seller, and shipping option. Check the estimated delivery date shown during checkout or in your order.",curated_project_dataset,train
2791,Healthcare,health_insurance,How can I check my medical insurance coverage? (request 58),Review your policy documents or contact the insurer using the official customer-service channel to confirm coverage.,curated_project_dataset,train
2792,Finance,transfer_failed,The transfer was unsuccessful (request 88),Please review the transaction details and any error message. Your bank can provide the exact reason if the transaction was rejected.,curated_project_dataset,validation
2793,Healthcare,lab_test,I need information about a medical test (request 84),"Please provide the test name. Preparation, timing, and interpretation can vary by test.",curated_project_dataset,train
2794,E-commerce,wrong_product,I received the wrong item (request 49),Please report the issue through your order details and provide the order number and photos of the received product if requested.,curated_project_dataset,train
2795,Finance,fraud_transaction,Someone may have used my card (request 34),"Contact your card issuer immediately using the official number or app, secure your account, and follow the issuer's instructions for reporting suspected fraud.",curated_project_dataset,train
2796,Finance,transfer_pending,When will my pending transfer be completed? (request 48),Processing time varies by bank and transfer type. Check the transaction status for the latest update.,curated_project_dataset,train
2797,Finance,loan_information,I need information about a personal loan (request 90),"Personal-loan terms vary by lender, including eligibility, interest rate, tenure, and fees. Review the lender's official terms before applying.",curated_project_dataset,train
2798,Healthcare,appointment_booking,I need help with this: Can I make an appointment for tomorrow?,"Yes, if appointments are available. Please select the doctor and check tomorrow's available time slots.",curated_project_dataset,train
2799,Finance,lost_or_stolen_card,What should I do if I lose my card?,Block the card immediately using your bank's official app or contact customer support to report it lost.,curated_project_extension,train
2800,Finance,credit_card,How do I pay my credit card bill? (request 91),"You can usually pay through the issuer's official app, online banking, bank transfer, or another supported payment method.",curated_project_dataset,train
2801,E-commerce,wrong_product,I received the wrong item.,Please report the issue through your order details and provide the order number and photos of the received product if requested.,curated_project_dataset,train
2802,Finance,cash_withdrawal,I need help with this: My ATM transaction failed. Can you guide me?,Check your account and ATM transaction status. Contact your bank if money was debited or the issue continues.,curated_project_dataset,validation
2803,Healthcare,medication_information,Can you help me with this? I want information about my medication.,Please share the medicine name if you want general information. Do not change the prescribed dose without consulting your healthcare professional.,curated_project_dataset,train
2804,Healthcare,medical_report,How do I download my lab report? (request 28),"If online access is provided, sign in to the patient portal and look under reports or test results.",curated_project_dataset,train
2805,E-commerce,product_information,Is this item available? (request 64),Check the product page for the latest stock status. Availability can change quickly.,curated_project_dataset,train
2806,E-commerce,account_issue,I forgot my account password (request 70),Use the password-reset option associated with your account email or phone number.,curated_project_dataset,train
2807,Finance,transfer_pending,My bank transfer has not completed (request 75),"Please check the transfer status and expected processing time. If it remains pending longer than expected, contact your bank.",curated_project_dataset,train
2808,Healthcare,symptoms_information,I want information about my symptoms (request 72),"I can provide general health information, but a clinician should evaluate symptoms to determine the appropriate diagnosis and treatment.",curated_project_dataset,train
2809,Healthcare,appointment_cancel,I need to cancel my doctor's appointment (request 86),Please open your appointment details and select the cancellation option. Check the provider's cancellation policy for any applicable conditions.,curated_project_dataset,train
2810,Healthcare,appointment_booking,I need to schedule a consultation (request 54),Sure. Please choose the required doctor or specialty and select an available appointment slot.,curated_project_dataset,train
2811,Healthcare,health_insurance,Please help me: Can I use insurance for my hospital visit?,This depends on your plan and the healthcare provider. Confirm eligibility and any pre-authorization requirements with your insurer.,curated_project_dataset,train
2812,Healthcare,health_insurance,Can I use insurance for my hospital visit? (request 71),This depends on your plan and the healthcare provider. Confirm eligibility and any pre-authorization requirements with your insurer.,curated_project_dataset,train
2813,Finance,loan_information,How can I apply for a loan? (request 89),"Loan eligibility, documents, interest rates, and application procedures vary by lender. Check the lender's official application process.",curated_project_dataset,train
2814,Finance,bank_account,Can I open a bank account online? (request 44),"Many banks offer online account opening, subject to eligibility and verification requirements. Check your bank's official website.",curated_project_dataset,train
2815,E-commerce,cancel_order,I want to cancel my order (request 81),"If the order has not shipped, you may be able to cancel it from your order details. Once shipped, cancellation may no longer be available.",curated_project_dataset,train
2816,Finance,loan_information,I need information about a personal loan.,"Personal-loan terms vary by lender, including eligibility, interest rate, tenure, and fees. Review the lender's official terms before applying.",curated_project_dataset,train
2817,Healthcare,prescription,How do I view my prescription? (request 92),"If your provider offers online records, sign in to your healthcare account and open the prescription or medication section.",curated_project_dataset,train
2818,E-commerce,product_information,Does this product have the features I need? (request 74),"Please check the product specifications and description. If a required feature is unclear, contact the seller for confirmation.",curated_project_dataset,train
2819,Finance,balance_inquiry,How can I check my balance? (request 30),Use your bank's official app or online banking service to view your current account balance.,curated_project_dataset,validation
2820,E-commerce,delivery_time,When will my order be delivered? (request 25),The estimated delivery date is usually shown in your order details and may depend on your location and shipping method.,curated_project_dataset,train
2821,E-commerce,product_information,Is this item available? (request 76),Check the product page for the latest stock status. Availability can change quickly.,curated_project_dataset,validation
2822,Finance,loan_information,I need information about a personal loan (request 62),"Personal-loan terms vary by lender, including eligibility, interest rate, tenure, and fees. Review the lender's official terms before applying.",curated_project_dataset,train
2823,E-commerce,payment_failed,My card payment did not go through (request 40),Please verify your card details and contact your bank if the transaction continues to be declined.,curated_project_dataset,train
2824,Finance,transfer_pending,When will my pending transfer be completed? (request 64),Processing time varies by bank and transfer type. Check the transaction status for the latest update.,curated_project_dataset,validation
2825,Finance,balance_inquiry,How can I check my balance? (request 34),Use your bank's official app or online banking service to view your current account balance.,curated_project_dataset,train
2826,E-commerce,refund,When will I get my refund? (request 41),Refund timing depends on the payment method and seller's processing time. Check your order's refund status for the latest update.,curated_project_dataset,train
2827,Finance,fraud_transaction,I do not recognize a transaction (request 45),"If you do not recognize a transaction, contact your bank or card issuer through its official channel immediately and follow its fraud-reporting process.",curated_project_dataset,train
2828,E-commerce,payment_failed,Why was my online payment declined? (request 54),"A payment can fail because of incorrect details, bank restrictions, insufficient funds, or security checks. Contact your bank if the problem continues.",curated_project_dataset,validation
2829,Finance,cash_withdrawal,Why did my cash withdrawal fail? (request 83),"A withdrawal may fail because of insufficient funds, card restrictions, ATM issues, or withdrawal limits.",curated_project_dataset,train
2830,E-commerce,wrong_product,I received the wrong item (request 45),Please report the issue through your order details and provide the order number and photos of the received product if requested.,curated_project_dataset,validation
2831,E-commerce,cancel_order,Can I cancel my purchase? (request 66),Cancellation depends on the order status. Please open the order details and check whether the cancellation option is available.,curated_project_dataset,train
2832,E-commerce,refund,I want to know my refund status (request 48),Please provide your order details or check the refund section of your account for the latest status.,curated_project_dataset,validation
2833,Finance,transfer_failed,The transfer was unsuccessful (request 72),Please review the transaction details and any error message. Your bank can provide the exact reason if the transaction was rejected.,curated_project_dataset,train
2834,Finance,lost_or_stolen_card,I need assistance. My credit card is missing,"If your card is lost or stolen, block it immediately through your bank's official app or contact the bank's customer support.",curated_project_extension,train
2835,Healthcare,appointment_cancel,How do I cancel my appointment? (request 37),"You can cancel the appointment from your booking details. If cancellation is unavailable online, contact the healthcare provider.",curated_project_dataset,train
2836,Finance,loan_information,What documents are required for a loan? (request 91),"Requirements depend on the lender and loan type. Commonly requested documents may include identity, income, and address information.",curated_project_dataset,train
2837,Healthcare,health_insurance,How can I check my medical insurance coverage? (request 42),Review your policy documents or contact the insurer using the official customer-service channel to confirm coverage.,curated_project_dataset,train
2838,E-commerce,product_information,Where can I find product specifications? (request 51),Product specifications are usually listed on the product page under the description or specifications section.,curated_project_dataset,train
2839,Healthcare,medication_information,What is this medicine used for? (request 77),Medication uses depend on the specific medicine and your circumstances. Check the medicine label or consult a pharmacist or doctor for reliable guidance.,curated_project_dataset,train
2840,Healthcare,symptoms_information,I have been feeling unwell. What should I do? (request 95),"If symptoms are mild, monitor them and consider contacting a healthcare professional. Seek urgent medical care if symptoms are severe or rapidly worsening.",curated_project_dataset,train
2841,Healthcare,medical_report,Where can I see my medical report? (request 93),"If digital records are available, check your healthcare account or patient portal. Otherwise, contact the healthcare provider that performed the test.",curated_project_dataset,train
2842,E-commerce,cancel_order,I want to know: Can I cancel my purchase?,Cancellation depends on the order status. Please open the order details and check whether the cancellation option is available.,curated_project_dataset,validation
2843,E-commerce,refund,I want to know my refund status (request 44),Please provide your order details or check the refund section of your account for the latest status.,curated_project_dataset,train
2844,E-commerce,track_order,My order has not arrived yet (request 40),"Please check the latest tracking update first. If the expected delivery date has passed, contact customer support with your order number.",curated_project_dataset,train
2845,Finance,transfer_pending,My money transfer is pending (request 53),Pending transfers can take time depending on the bank and transfer type. Please check the transaction status and contact your bank if it remains pending beyond the expected processing period.,curated_project_dataset,train
2846,Healthcare,medication_information,Can you give me information about a medicine? (request 26),"Please provide the medicine name. I can give general information, but medication decisions should be confirmed with a qualified healthcare professional.",curated_project_dataset,train
2847,Finance,balance_inquiry,I want to know my bank balance. Can you guide me?,Please check the balance section of your official banking app or online banking account.,curated_project_dataset,train
2848,Healthcare,medical_report,Where can I see my medical report? (request 33),"If digital records are available, check your healthcare account or patient portal. Otherwise, contact the healthcare provider that performed the test.",curated_project_dataset,train
2849,Finance,lost_or_stolen_card,Can you help? Someone stole my card,"If your card is lost or stolen, block it immediately through your bank's official app or contact the bank's customer support.",curated_project_extension,train
2850,Healthcare,appointment_booking,I want to see a doctor (request 80),I can help you schedule a consultation. Please provide the medical specialty or doctor you want to visit.,curated_project_dataset,train
2851,Healthcare,lab_test,Where can I get my blood test done? (request 42),You can use an authorized laboratory or collection center. Follow the test-specific preparation instructions provided by your healthcare provider.,curated_project_dataset,train
2852,Healthcare,medication_information,What is this medicine used for? (request 97),Medication uses depend on the specific medicine and your circumstances. Check the medicine label or consult a pharmacist or doctor for reliable guidance.,curated_project_dataset,train
2853,Finance,fraud_transaction,I think my account has been compromised (request 56),"Contact your bank immediately through an official channel, secure your account credentials, and follow its instructions for protecting the account.",curated_project_dataset,train
2854,E-commerce,return_order,How do I return a product? (request 37),"Open your order details, select the return option if eligible, choose a return reason, and follow the provided instructions.",curated_project_dataset,train
2855,E-commerce,wrong_product,My order contains a different product (request 98),Start a return or replacement request for the incorrect item and follow the seller's instructions.,curated_project_dataset,train
2856,Finance,transfer_failed,Why did my transfer fail?,"Transfers can fail because of incorrect details, account restrictions, insufficient funds, or bank-side issues. Check the transaction information and contact your bank if needed.",curated_project_dataset,train
2857,E-commerce,cancel_order,Please cancel my order (request 55),I can guide you through cancellation. Check your order details for the Cancel Order option.,curated_project_dataset,train
2858,Finance,lost_or_stolen_card,My credit card is missing Please tell me what to do.,"If your card is lost or stolen, block it immediately through your bank's official app or contact the bank's customer support.",curated_project_extension,train
2859,Healthcare,symptoms_information,I want information about my symptoms (request 100),"I can provide general health information, but a clinician should evaluate symptoms to determine the appropriate diagnosis and treatment.",curated_project_dataset,train
2860,Healthcare,appointment_booking,How can I book a doctor appointment? (request 13),"You can book an appointment by selecting a doctor, choosing an available date and time, and confirming the booking.",curated_project_dataset,train
2861,E-commerce,delivery_time,Do you offer fast delivery? (request 72),"Available delivery speeds depend on the product, seller, location, and shipping options shown at checkout.",curated_project_dataset,validation
2862,E-commerce,cancel_order,I want to cancel my order (request 17),"If the order has not shipped, you may be able to cancel it from your order details. Once shipped, cancellation may no longer be available.",curated_project_dataset,train
2863,Healthcare,prescription,How do I view my prescription? (request 28),"If your provider offers online records, sign in to your healthcare account and open the prescription or medication section.",curated_project_dataset,train
2864,Finance,transfer_failed,Why did my transfer fail? (request 34),"Transfers can fail because of incorrect details, account restrictions, insufficient funds, or bank-side issues. Check the transaction information and contact your bank if needed.",curated_project_dataset,train
2865,Healthcare,medication_information,What is this medicine used for? (request 65),Medication uses depend on the specific medicine and your circumstances. Check the medicine label or consult a pharmacist or doctor for reliable guidance.,curated_project_dataset,train
2866,Healthcare,appointment_booking,Can I make an appointment for tomorrow? (request 71),"Yes, if appointments are available. Please select the doctor and check tomorrow's available time slots.",curated_project_dataset,train
2867,E-commerce,refund,I want to know my refund status (request 52),Please provide your order details or check the refund section of your account for the latest status.,curated_project_dataset,train
2868,Healthcare,appointment_cancel,Please cancel my consultation (request 44),I can guide you through cancellation. Open the appointment record and choose Cancel Appointment.,curated_project_dataset,train
2869,Finance,card_payment,I cannot pay with my card (request 27),"Verify that your card is active and has sufficient funds. If payments continue to fail, contact your card issuer.",curated_project_dataset,validation
2870,Finance,balance_inquiry,Please help me: How can I check my balance? Can you guide me?,Use your bank's official app or online banking service to view your current account balance.,curated_project_dataset,train
2871,Healthcare,appointment_booking,I need to schedule a consultation (request 50),Sure. Please choose the required doctor or specialty and select an available appointment slot.,curated_project_dataset,train
2872,Healthcare,appointment_cancel,Please cancel my consultation (request 32),I can guide you through cancellation. Open the appointment record and choose Cancel Appointment.,curated_project_dataset,train
2873,Finance,cash_withdrawal,I could not withdraw cash (request 29),"Check whether your card is active and whether you have sufficient available balance. If the ATM charged you without dispensing cash, contact your bank promptly.",curated_project_dataset,train
2874,E-commerce,product_information,Please help me: Does this product have the features I need?,"Please check the product specifications and description. If a required feature is unclear, contact the seller for confirmation.",curated_project_dataset,train
2875,Healthcare,health_insurance,I need information about health insurance (request 48),"Please specify whether you need help with coverage, claims, eligibility, or policy information so the appropriate guidance can be provided.",curated_project_dataset,train
2876,Finance,lost_or_stolen_card,I need help: Someone stole my card,"If your card is lost or stolen, block it immediately through your bank's official app or contact the bank's customer support.",curated_project_extension,test
2877,Finance,loan_information,I need information about a personal loan (request 34),"Personal-loan terms vary by lender, including eligibility, interest rate, tenure, and fees. Review the lender's official terms before applying.",curated_project_dataset,validation
2878,E-commerce,wrong_product,I received the wrong item (request 65),Please report the issue through your order details and provide the order number and photos of the received product if requested.,curated_project_dataset,train
2879,Finance,lost_or_stolen_card,I need help: I lost my bank card,"If your card is lost or stolen, block it immediately through your bank's official app or contact the bank's customer support.",curated_project_extension,train
2880,E-commerce,wrong_product,My order contains a different product (request 10),Start a return or replacement request for the incorrect item and follow the seller's instructions.,curated_project_dataset,train
2881,E-commerce,delivery_time,Please help me: When will my order be delivered?,The estimated delivery date is usually shown in your order details and may depend on your location and shipping method.,curated_project_dataset,train
2882,Finance,loan_information,How do I check loan eligibility? (request 48),"Eligibility depends on the lender's criteria, which may include income, credit history, employment, and existing obligations.",curated_project_dataset,train
2883,E-commerce,return_order,I want to return something I bought (request 70),You can request a return from the order details if the item meets the seller's return conditions.,curated_project_dataset,train
2884,Finance,lost_or_stolen_card,Can you help? My ATM card was stolen,"If your card is lost or stolen, block it immediately through your bank's official app or contact the bank's customer support.",curated_project_extension,train
2885,Finance,cash_withdrawal,Why did my cash withdrawal fail? (request 43),"A withdrawal may fail because of insufficient funds, card restrictions, ATM issues, or withdrawal limits.",curated_project_dataset,train
2886,Healthcare,lab_test,I need information about a medical test (request 40),"Please provide the test name. Preparation, timing, and interpretation can vary by test.",curated_project_dataset,train
2887,E-commerce,product_information,How can I get information about a product? (request 41),"Open the product page to view its description, specifications, availability, price, and seller information.",curated_project_dataset,train
2888,E-commerce,cancel_order,How do I stop an order before it ships? (request 88),Open your order details and select cancellation if the option is still available.,curated_project_dataset,train
2889,E-commerce,account_issue,I cannot access my shopping account (request 57),"Use the account recovery or password-reset option. If you still cannot sign in, contact customer support through the official channel.",curated_project_dataset,train
2890,Healthcare,prescription,Where can I find my prescription? (request 53),Your prescription may be available in your healthcare account or provided by your doctor. Check your medical records or contact the clinic.,curated_project_dataset,train
2891,E-commerce,cancel_order,I want to cancel my order (request 37),"If the order has not shipped, you may be able to cancel it from your order details. Once shipped, cancellation may no longer be available.",curated_project_dataset,train
2892,Finance,loan_information,How can I apply for a loan? (request 93),"Loan eligibility, documents, interest rates, and application procedures vary by lender. Check the lender's official application process.",curated_project_dataset,train
2893,Healthcare,emergency_guidance,I want to know: When should I seek emergency care?,"Emergency care may be needed for severe or rapidly worsening symptoms. When in doubt about a potentially serious condition, seek immediate professional medical help.",curated_project_dataset,train
2894,Finance,transfer_pending,My money transfer is pending (request 93),Pending transfers can take time depending on the bank and transfer type. Please check the transaction status and contact your bank if it remains pending beyond the expected processing period.,curated_project_dataset,train
2895,E-commerce,return_order,What is the process for returning an item? (request 28),"Start a return request from your order details, select the reason, and follow the packaging and pickup or drop-off instructions.",curated_project_dataset,train
2896,Healthcare,lab_test,Where can I get my blood test done? (request 10),You can use an authorized laboratory or collection center. Follow the test-specific preparation instructions provided by your healthcare provider.,curated_project_dataset,validation
2897,Healthcare,medical_report,How do I download my lab report? (request 56),"If online access is provided, sign in to the patient portal and look under reports or test results.",curated_project_dataset,train
2898,E-commerce,delivery_time,Can you help me with this? How long does delivery take?,"Delivery time varies by location, seller, and shipping option. Check the estimated delivery date shown during checkout or in your order.",curated_project_dataset,train
2899,Finance,transfer_pending,My bank transfer has not completed (request 95),"Please check the transfer status and expected processing time. If it remains pending longer than expected, contact your bank.",curated_project_dataset,train
2900,Finance,loan_information,How can I apply for a loan? (request 57),"Loan eligibility, documents, interest rates, and application procedures vary by lender. Check the lender's official application process.",curated_project_dataset,train
2901,E-commerce,payment_failed,Why was my online payment declined? (request 50),"A payment can fail because of incorrect details, bank restrictions, insufficient funds, or security checks. Contact your bank if the problem continues.",curated_project_dataset,train
2902,E-commerce,cancel_order,Can I cancel my purchase? (request 94),Cancellation depends on the order status. Please open the order details and check whether the cancellation option is available.,curated_project_dataset,train
2903,E-commerce,cancel_order,Can I cancel my purchase? (request 34),Cancellation depends on the order status. Please open the order details and check whether the cancellation option is available.,curated_project_dataset,train
2904,Healthcare,emergency_guidance,This feels like an emergency (request 52),"Please seek immediate emergency medical assistance. If possible, have someone stay with you while help is arranged.",curated_project_dataset,train
2905,Healthcare,appointment_reschedule,Can I change my appointment time? (request 81),"Yes. If another slot is available, you can reschedule the appointment from your booking details.",curated_project_dataset,train
2906,E-commerce,cancel_order,I want to cancel my order (request 65),"If the order has not shipped, you may be able to cancel it from your order details. Once shipped, cancellation may no longer be available.",curated_project_dataset,train
2907,Healthcare,health_insurance,Can I use insurance for my hospital visit? (request 55),This depends on your plan and the healthcare provider. Confirm eligibility and any pre-authorization requirements with your insurer.,curated_project_dataset,validation
2908,Healthcare,health_insurance,Can I use insurance for my hospital visit? (request 19),This depends on your plan and the healthcare provider. Confirm eligibility and any pre-authorization requirements with your insurer.,curated_project_dataset,train
2909,Finance,card_payment,Why did my card payment fail? (request 26),"A card payment may fail because of insufficient funds, incorrect details, security checks, or merchant restrictions.",curated_project_dataset,train
2910,Healthcare,emergency_guidance,When should I seek emergency care? (request 71),"Emergency care may be needed for severe or rapidly worsening symptoms. When in doubt about a potentially serious condition, seek immediate professional medical help.",curated_project_dataset,train
2911,Finance,lost_or_stolen_card,My ATM card was stolen Please tell me what to do.,"If your card is lost or stolen, block it immediately through your bank's official app or contact the bank's customer support.",curated_project_extension,train
2912,Finance,credit_card,What is my credit card limit? (request 78),"Your current credit limit is available through your card issuer's official app, online account, statement, or customer service.",curated_project_dataset,train
2913,E-commerce,track_order,Where is my order? (request 29),I can help with order tracking. Please provide your order number or tracking details.,curated_project_dataset,train
2914,E-commerce,track_order,How can I track my package? (request 38),Use the tracking link in your order details or provide your order number to check the shipment status.,curated_project_dataset,validation
2915,Finance,fraud_transaction,Can you help me with this? There is a suspicious transaction on my account. Can you guide me?,Review the transaction and report it to your bank promptly if you did not authorize it. Use only official banking contact channels.,curated_project_dataset,train
2916,Healthcare,health_insurance,I need information about health insurance (request 96),"Please specify whether you need help with coverage, claims, eligibility, or policy information so the appropriate guidance can be provided.",curated_project_dataset,train
2917,Healthcare,health_insurance,Can I use insurance for my hospital visit? (request 75),This depends on your plan and the healthcare provider. Confirm eligibility and any pre-authorization requirements with your insurer.,curated_project_dataset,train
2918,E-commerce,product_information,Does this product have the features I need? (request 46),"Please check the product specifications and description. If a required feature is unclear, contact the seller for confirmation.",curated_project_dataset,train
2919,Healthcare,health_insurance,I need information about health insurance (request 100),"Please specify whether you need help with coverage, claims, eligibility, or policy information so the appropriate guidance can be provided.",curated_project_dataset,train
2920,E-commerce,payment_failed,Why was my online payment declined? (request 18),"A payment can fail because of incorrect details, bank restrictions, insufficient funds, or security checks. Contact your bank if the problem continues.",curated_project_dataset,train
2921,Healthcare,lab_test,Where can I get my blood test done? (request 74),You can use an authorized laboratory or collection center. Follow the test-specific preparation instructions provided by your healthcare provider.,curated_project_dataset,train
2922,Finance,loan_information,How can I apply for a loan? (request 41),"Loan eligibility, documents, interest rates, and application procedures vary by lender. Check the lender's official application process.",curated_project_dataset,train
2923,Finance,fraud_transaction,Someone may have used my card (request 58),"Contact your card issuer immediately using the official number or app, secure your account, and follow the issuer's instructions for reporting suspected fraud.",curated_project_dataset,train
2924,E-commerce,wrong_product,My order contains a different product (request 74),Start a return or replacement request for the incorrect item and follow the seller's instructions.,curated_project_dataset,train
2925,E-commerce,wrong_product,I want to know: I got the wrong product. What should I do?,"Keep the item and packaging, then submit an incorrect-item request through your order details.",curated_project_dataset,train
2926,Finance,loan_information,How do I check loan eligibility? (request 32),"Eligibility depends on the lender's criteria, which may include income, credit history, employment, and existing obligations.",curated_project_dataset,train
2927,E-commerce,damaged_product,What should I do if my item is damaged? (request 6),"Keep the product and packaging, document the damage with photos, and submit a damage claim or return request through the order details.",curated_project_dataset,validation
2928,Finance,card_payment,I cannot pay with my card (request 47),"Verify that your card is active and has sufficient funds. If payments continue to fail, contact your card issuer.",curated_project_dataset,train
2929,E-commerce,track_order,What is the status of my order? (request 27),Please provide your order number so the current delivery status can be checked.,curated_project_dataset,train
2930,Healthcare,lab_test,Do I need an appointment for a lab test? (request 79),It depends on the laboratory and test. Check the laboratory's booking requirements before visiting.,curated_project_dataset,train
2931,E-commerce,track_order,What is the status of my order? (request 67),Please provide your order number so the current delivery status can be checked.,curated_project_dataset,train
2932,Finance,transaction_issue,There is a problem with my transaction (request 53),"Review the transaction details and status in your banking account. If the issue is unresolved, contact your bank with the transaction reference.",curated_project_dataset,train
2933,E-commerce,track_order,Where is my order? (request 85),I can help with order tracking. Please provide your order number or tracking details.,curated_project_dataset,train
2934,Healthcare,medical_report,I received my test report. What does it mean? (request 43),"Please discuss the report with your healthcare professional, who can interpret the findings using your clinical history and examination.",curated_project_dataset,train
2935,Finance,lost_or_stolen_card,I have a problem: My debit card is missing,"If your card is lost or stolen, block it immediately through your bank's official app or contact the bank's customer support.",curated_project_extension,validation
2936,E-commerce,delivery_time,Can I know the expected delivery date? (request 91),Yes. Check your order details for the current estimated delivery date.,curated_project_dataset,train
2937,Healthcare,symptoms_information,I have been feeling unwell. What should I do? (request 35),"If symptoms are mild, monitor them and consider contacting a healthcare professional. Seek urgent medical care if symptoms are severe or rapidly worsening.",curated_project_dataset,train
2938,E-commerce,damaged_product,My product arrived damaged (request 81),"Please take photos of the damaged item and packaging, then report the issue through the order's return or support process as soon as possible.",curated_project_dataset,train
2939,Finance,bank_account,Can I open a bank account online? (request 48),"Many banks offer online account opening, subject to eligibility and verification requirements. Check your bank's official website.",curated_project_dataset,train
2940,Finance,loan_information,I need information about a personal loan (request 74),"Personal-loan terms vary by lender, including eligibility, interest rate, tenure, and fees. Review the lender's official terms before applying.",curated_project_dataset,train
2941,Finance,transaction_issue,Why is my transaction not showing? Can you guide me?,Transaction updates can take time depending on the transaction type. Check again later and contact your bank if the expected posting time has passed.,curated_project_dataset,train
2942,Finance,transfer_pending,My money transfer is pending. Can you guide me?,Pending transfers can take time depending on the bank and transfer type. Please check the transaction status and contact your bank if it remains pending beyond the expected processing period.,curated_project_dataset,train
2943,Healthcare,symptoms_information,I have been feeling unwell. What should I do? (request 55),"If symptoms are mild, monitor them and consider contacting a healthcare professional. Seek urgent medical care if symptoms are severe or rapidly worsening.",curated_project_dataset,train
2944,Finance,lost_or_stolen_card,"Please help, My ATM card was stolen","If your card is lost or stolen, block it immediately through your bank's official app or contact the bank's customer support.",curated_project_extension,train
2945,Healthcare,medication_information,How should I learn about my prescribed medicine? (request 7),"Review the prescription and medication leaflet, and ask your doctor or pharmacist about dosage, interactions, and precautions.",curated_project_dataset,train
2946,E-commerce,account_issue,How do I update my account details? (request 15),"Open your account settings and edit the available profile information, then save the changes.",curated_project_dataset,train
2947,E-commerce,damaged_product,My product arrived damaged (request 49),"Please take photos of the damaged item and packaging, then report the issue through the order's return or support process as soon as possible.",curated_project_dataset,train
2948,Finance,bank_account,How do I open a bank account? (request 97),"Account-opening requirements vary by bank. Check the bank's official website or branch for eligibility, documents, and application steps.",curated_project_dataset,train
2949,Finance,transaction_issue,I need help with this: My transaction looks incorrect. Can you guide me?,"Please verify the amount, date, and transaction details. If you do not recognize or agree with the transaction, contact your bank promptly.",curated_project_dataset,train
2950,Finance,cash_withdrawal,Why did my cash withdrawal fail? (request 91),"A withdrawal may fail because of insufficient funds, card restrictions, ATM issues, or withdrawal limits.",curated_project_dataset,train
2951,Healthcare,health_insurance,Can I use insurance for my hospital visit? (request 63),This depends on your plan and the healthcare provider. Confirm eligibility and any pre-authorization requirements with your insurer.,curated_project_dataset,train
2952,Finance,transfer_pending,My money transfer is pending (request 97),Pending transfers can take time depending on the bank and transfer type. Please check the transaction status and contact your bank if it remains pending beyond the expected processing period.,curated_project_dataset,train
2953,Healthcare,medical_report,Can you explain my medical report? (request 82),"I can explain general medical terminology, but a healthcare professional should interpret your results in the context of your symptoms and medical history.",curated_project_dataset,train
2954,E-commerce,damaged_product,My delivery was damaged,Please report the damaged delivery through your order page and request a return or replacement.,curated_project_extension,train
2955,Healthcare,appointment_cancel,I need to cancel my doctor's appointment (request 50),Please open your appointment details and select the cancellation option. Check the provider's cancellation policy for any applicable conditions.,curated_project_dataset,train
2956,Healthcare,appointment_reschedule,Can I move my appointment to next week? (request 35),You can reschedule if the provider has an available slot next week.,curated_project_dataset,train
2957,Finance,transfer_failed,Please help me: My money transfer failed. Can you guide me?,"Please check the transfer details and your account status. If the problem persists, contact your bank for the specific reason for failure.",curated_project_dataset,train
2958,Finance,cash_withdrawal,The ATM did not give me cash (request 46),"If your account was debited, keep the ATM receipt or transaction details and contact your bank immediately for investigation.",curated_project_dataset,train
2959,Healthcare,appointment_reschedule,Please help me: Can I move my appointment to next week?,You can reschedule if the provider has an available slot next week.,curated_project_dataset,train
2960,Finance,transfer_failed,Why did my transfer fail? (request 46),"Transfers can fail because of incorrect details, account restrictions, insufficient funds, or bank-side issues. Check the transaction information and contact your bank if needed.",curated_project_dataset,train
2961,Finance,transfer_pending,My bank transfer has not completed (request 99),"Please check the transfer status and expected processing time. If it remains pending longer than expected, contact your bank.",curated_project_dataset,train
2962,E-commerce,damaged_product,What should I do if my item is damaged? (request 42),"Keep the product and packaging, document the damage with photos, and submit a damage claim or return request through the order details.",curated_project_dataset,train
2963,E-commerce,track_order,Where is my order? (request 9),I can help with order tracking. Please provide your order number or tracking details.,curated_project_dataset,train
2964,Healthcare,health_insurance,Does my health insurance cover this treatment? (request 93),"Coverage depends on your insurance plan, provider network, and policy terms. Check your policy or contact your insurer for confirmation.",curated_project_dataset,train
2965,E-commerce,track_order,Where is my order? (request 97),I can help with order tracking. Please provide your order number or tracking details.,curated_project_dataset,train
2966,Finance,credit_card,How do I pay my credit card bill? (request 55),"You can usually pay through the issuer's official app, online banking, bank transfer, or another supported payment method.",curated_project_dataset,train
2967,Healthcare,lab_test,How do I book a lab test? (request 57),"Select the required test, choose an available laboratory or collection service, and confirm the appointment if booking is available.",curated_project_dataset,train
2968,Finance,transaction_issue,I need help with a bank transaction (request 52),Please check the transaction status and reference number. Your bank can investigate account-specific transaction issues.,curated_project_dataset,train
2969,Healthcare,medical_report,How do I download my lab report? (request 96),"If online access is provided, sign in to the patient portal and look under reports or test results.",curated_project_dataset,train
2970,Finance,transaction_issue,There is a problem with my transaction (request 37),"Review the transaction details and status in your banking account. If the issue is unresolved, contact your bank with the transaction reference.",curated_project_dataset,train
2971,Healthcare,prescription,Where can I find my prescription? (request 65),Your prescription may be available in your healthcare account or provided by your doctor. Check your medical records or contact the clinic.,curated_project_dataset,train
2972,Finance,cash_withdrawal,I need help with this: I could not withdraw cash. Can you guide me?,"Check whether your card is active and whether you have sufficient available balance. If the ATM charged you without dispensing cash, contact your bank promptly.",curated_project_dataset,train
2973,Finance,lost_or_stolen_card,I cannot find my credit card Please help.,"If your card is lost or stolen, block it immediately through your bank's official app or contact the bank's customer support.",curated_project_extension,train
2974,E-commerce,return_order,What is the process for returning an item? (request 88),"Start a return request from your order details, select the reason, and follow the packaging and pickup or drop-off instructions.",curated_project_dataset,train
2975,Finance,bank_account,What documents are needed to open an account? (request 70),Requirements vary by bank and account type. Check the bank's official documentation for current identity and address requirements.,curated_project_dataset,train
2976,Finance,card_payment,Why did my card payment fail? (request 58),"A card payment may fail because of insufficient funds, incorrect details, security checks, or merchant restrictions.",curated_project_dataset,train
2977,Healthcare,medical_report,I received my test report. What does it mean? (request 39),"Please discuss the report with your healthcare professional, who can interpret the findings using your clinical history and examination.",curated_project_dataset,train
2978,Healthcare,appointment_cancel,Can I cancel my appointment today? (request 15),"Yes, if cancellation is allowed by the provider. Please check your appointment details for the applicable cancellation policy.",curated_project_dataset,train
2979,Healthcare,prescription,Where can I find my prescription? (request 89),Your prescription may be available in your healthcare account or provided by your doctor. Check your medical records or contact the clinic.,curated_project_dataset,train
2980,E-commerce,payment_failed,Why was my online payment declined? (request 94),"A payment can fail because of incorrect details, bank restrictions, insufficient funds, or security checks. Contact your bank if the problem continues.",curated_project_dataset,train
2981,E-commerce,product_information,How can I get information about a product? (request 69),"Open the product page to view its description, specifications, availability, price, and seller information.",curated_project_dataset,train
2982,Finance,lost_or_stolen_card,I need help: What should I do if I lose my card?,"If your card is lost or stolen, block it immediately through your bank's official app or contact the bank's customer support.",curated_project_extension,train
2983,Healthcare,appointment_reschedule,I need to reschedule my doctor's visit (request 94),"Open your appointment and select Reschedule, then choose another available date and time.",curated_project_dataset,train
2984,E-commerce,refund,My refund has not arrived (request 78),"Please check the refund status and original payment method. If the stated processing period has passed, contact customer support with your order details.",curated_project_dataset,train
2985,Finance,balance_inquiry,How can I check my balance? (request 98),Use your bank's official app or online banking service to view your current account balance.,curated_project_dataset,train
2986,Finance,loan_information,How can I apply for a loan? (request 97),"Loan eligibility, documents, interest rates, and application procedures vary by lender. Check the lender's official application process.",curated_project_dataset,train
2987,Healthcare,appointment_reschedule,Can I change my appointment time? (request 29),"Yes. If another slot is available, you can reschedule the appointment from your booking details.",curated_project_dataset,train
2988,E-commerce,track_order,Where is my order? (request 77),I can help with order tracking. Please provide your order number or tracking details.,curated_project_dataset,train
2989,Healthcare,lab_test,Can you help me with this? How do I book a lab test?,"Select the required test, choose an available laboratory or collection service, and confirm the appointment if booking is available.",curated_project_dataset,train
2990,E-commerce,delivery_time,Do you offer fast delivery? (request 68),"Available delivery speeds depend on the product, seller, location, and shipping options shown at checkout.",curated_project_dataset,train
2991,Healthcare,health_insurance,I need help with this: Can I use insurance for my hospital visit?,This depends on your plan and the healthcare provider. Confirm eligibility and any pre-authorization requirements with your insurer.,curated_project_dataset,train
2992,E-commerce,track_order,Please help me: Where is my order?,I can help with order tracking. Please provide your order number or tracking details.,curated_project_dataset,train
2993,E-commerce,payment_failed,Can you help me with this? Why was my online payment declined?,"A payment can fail because of incorrect details, bank restrictions, insufficient funds, or security checks. Contact your bank if the problem continues.",curated_project_dataset,train
2994,E-commerce,delivery_time,Please help me: Can I know the expected delivery date?,Yes. Check your order details for the current estimated delivery date.,curated_project_dataset,train
2995,Finance,fraud_transaction,I need help with this: There is a suspicious transaction on my account. Can you guide me?,Review the transaction and report it to your bank promptly if you did not authorize it. Use only official banking contact channels.,curated_project_dataset,train
2996,Healthcare,symptoms_information,Can you help me with this? What should I do about these symptoms?,"I can provide general information, but symptoms alone cannot establish a diagnosis. For persistent, severe, or worrying symptoms, consult a qualified healthcare professional.",curated_project_dataset,train
2997,E-commerce,account_issue,How do I update my account details? (request 63),"Open your account settings and edit the available profile information, then save the changes.",curated_project_dataset,train
2998,E-commerce,payment_failed,I cannot complete my payment (request 31),"Check the payment method and billing details, then retry. If it still fails, try another supported payment method.",curated_project_dataset,train
2999,E-commerce,delivery_time,Do you offer fast delivery? (request 20),"Available delivery speeds depend on the product, seller, location, and shipping options shown at checkout.",curated_project_dataset,train
3000,Finance,balance_inquiry,Please help me: Can I check my balance online? Can you guide me?,Yes. Most banks provide balance information through their official online banking or mobile application.,curated_project_dataset,train
3001,Healthcare,appointment_reschedule,Can I change my appointment time? (request 93),"Yes. If another slot is available, you can reschedule the appointment from your booking details.",curated_project_dataset,train
3002,E-commerce,product_information,How can I get information about a product? (request 65),"Open the product page to view its description, specifications, availability, price, and seller information.",curated_project_dataset,train
3003,Finance,card_payment,My debit card payment did not work (request 40),"Please check your card balance and status. If the issue continues, contact your bank for assistance.",curated_project_dataset,train
3004,E-commerce,product_information,How can I get information about a product? (request 25),"Open the product page to view its description, specifications, availability, price, and seller information.",curated_project_dataset,train
3005,Finance,card_payment,My card payment was declined (request 29),"Check your card status, available funds, payment details, and any bank security restrictions. Contact your bank if the decline continues.",curated_project_dataset,train
3006,E-commerce,damaged_product,Can you help me with this? The package arrived damaged.,Document the package condition and contact customer support or the seller with your order number and photos.,curated_project_dataset,train
3007,Finance,cash_withdrawal,Can you help me with this? My ATM transaction failed. Can you guide me?,Check your account and ATM transaction status. Contact your bank if money was debited or the issue continues.,curated_project_dataset,train
3008,Healthcare,appointment_reschedule,Can I move my appointment to next week? (request 75),You can reschedule if the provider has an available slot next week.,curated_project_dataset,train
3009,Finance,transaction_issue,I need help with a bank transaction (request 96),Please check the transaction status and reference number. Your bank can investigate account-specific transaction issues.,curated_project_dataset,train
3010,E-commerce,refund,My refund has not arrived (request 30),"Please check the refund status and original payment method. If the stated processing period has passed, contact customer support with your order details.",curated_project_dataset,train
3011,E-commerce,damaged_product,The package arrived damaged (request 92),Document the package condition and contact customer support or the seller with your order number and photos.,curated_project_dataset,train
3012,Healthcare,emergency_guidance,I have a severe medical problem. What should I do? (request 98),"Seek urgent medical attention immediately, especially if symptoms are severe, sudden, or life-threatening.",curated_project_dataset,train
3013,Finance,balance_inquiry,Please help me: I want to know my bank balance. Can you guide me?,Please check the balance section of your official banking app or online banking account.,curated_project_dataset,train
3014,Finance,cash_withdrawal,The ATM did not give me cash (request 26),"If your account was debited, keep the ATM receipt or transaction details and contact your bank immediately for investigation.",curated_project_dataset,train
3015,E-commerce,refund,How does a product refund work? (request 87),"After the return or cancellation is approved, the refund is generally processed to the original payment method, subject to the seller's policy.",curated_project_dataset,train
3016,Finance,credit_card,I need help with my credit card (request 92),"Please specify whether you need help with payments, limits, transactions, fees, or card access so the appropriate guidance can be provided.",curated_project_dataset,train
3017,Healthcare,medication_information,What is this medicine used for? (request 73),Medication uses depend on the specific medicine and your circumstances. Check the medicine label or consult a pharmacist or doctor for reliable guidance.,curated_project_dataset,train
3018,Healthcare,appointment_cancel,Please cancel my consultation (request 88),I can guide you through cancellation. Open the appointment record and choose Cancel Appointment.,curated_project_dataset,train
3019,Healthcare,appointment_booking,I need help with this: I need to schedule a consultation.,Sure. Please choose the required doctor or specialty and select an available appointment slot.,curated_project_dataset,train
3020,Healthcare,lab_test,Where can I get my blood test done? (request 62),You can use an authorized laboratory or collection center. Follow the test-specific preparation instructions provided by your healthcare provider.,curated_project_dataset,train
3021,Finance,transaction_issue,Why is my transaction not showing?,Transaction updates can take time depending on the transaction type. Check again later and contact your bank if the expected posting time has passed.,curated_project_dataset,train
3022,E-commerce,return_order,I want to return something I bought (request 74),You can request a return from the order details if the item meets the seller's return conditions.,curated_project_dataset,train
3023,Finance,card_payment,I want to know: Why did my card payment fail? Can you guide me?,"A card payment may fail because of insufficient funds, incorrect details, security checks, or merchant restrictions.",curated_project_dataset,train
3024,Healthcare,lab_test,Where can I get my blood test done? (request 26),You can use an authorized laboratory or collection center. Follow the test-specific preparation instructions provided by your healthcare provider.,curated_project_dataset,train
3025,E-commerce,delivery_time,Do you offer fast delivery? (request 100),"Available delivery speeds depend on the product, seller, location, and shipping options shown at checkout.",curated_project_dataset,train
3026,E-commerce,track_order,My order has not arrived yet (request 32),"Please check the latest tracking update first. If the expected delivery date has passed, contact customer support with your order number.",curated_project_dataset,train
3027,E-commerce,damaged_product,I received a broken product (request 83),Please report the issue promptly through your order support or return process and provide clear photos of the damage.,curated_project_dataset,train
3028,Healthcare,lab_test,I need information about a medical test (request 88),"Please provide the test name. Preparation, timing, and interpretation can vary by test.",curated_project_dataset,train
3029,Healthcare,medication_information,What is this medicine used for? (request 25),Medication uses depend on the specific medicine and your circumstances. Check the medicine label or consult a pharmacist or doctor for reliable guidance.,curated_project_dataset,train
3030,E-commerce,product_information,Is this item available? (request 52),Check the product page for the latest stock status. Availability can change quickly.,curated_project_dataset,train
3031,E-commerce,account_issue,My account is not working (request 60),"Try signing out and back in or resetting your password. If the problem continues, contact customer support.",curated_project_dataset,train
3032,Finance,card_payment,Why did my card payment fail? (request 30),"A card payment may fail because of insufficient funds, incorrect details, security checks, or merchant restrictions.",curated_project_dataset,train
3033,Healthcare,symptoms_information,Can you tell me what my symptoms mean? (request 70),Symptoms can have many possible causes. Please consult a healthcare professional for an appropriate evaluation rather than relying on a chatbot for diagnosis.,curated_project_dataset,train
3034,Healthcare,health_insurance,I need information about health insurance (request 64),"Please specify whether you need help with coverage, claims, eligibility, or policy information so the appropriate guidance can be provided.",curated_project_dataset,train
3035,E-commerce,wrong_product,I got the wrong product. What should I do? (request 92),"Keep the item and packaging, then submit an incorrect-item request through your order details.",curated_project_dataset,train
3036,Finance,fraud_transaction,Please help me: There is a suspicious transaction on my account. Can you guide me?,Review the transaction and report it to your bank promptly if you did not authorize it. Use only official banking contact channels.,curated_project_dataset,train
3037,Healthcare,prescription,I lost my prescription. What should I do? (request 99),Contact the prescribing healthcare provider or pharmacist. They can advise whether a replacement or copy can be issued.,curated_project_dataset,train
3038,Finance,fraud_transaction,I want to know: There is a suspicious transaction on my account. Can you guide me?,Review the transaction and report it to your bank promptly if you did not authorize it. Use only official banking contact channels.,curated_project_dataset,train
3039,Finance,transfer_pending,Please help me: Why is my transfer still pending? Can you guide me?,A transfer may remain pending while the bank processes or verifies it. Check the transaction details for the expected processing time.,curated_project_dataset,train
3040,E-commerce,track_order,Where is my order? (request 65),I can help with order tracking. Please provide your order number or tracking details.,curated_project_dataset,train
3041,Finance,transfer_failed,I cannot send money (request 83),"Verify the recipient details and available balance, then try again. If the transfer still fails, contact your bank.",curated_project_dataset,train
3042,E-commerce,payment_failed,My payment failed (request 81),"Please verify your payment details, available funds, and any bank authentication requirements, then try again.",curated_project_dataset,train
3043,Healthcare,appointment_cancel,Can I cancel my appointment today? (request 67),"Yes, if cancellation is allowed by the provider. Please check your appointment details for the applicable cancellation policy.",curated_project_dataset,train
3044,E-commerce,payment_failed,Can you help me with this? I cannot complete my payment.,"Check the payment method and billing details, then retry. If it still fails, try another supported payment method.",curated_project_dataset,train
3045,E-commerce,refund,My refund has not arrived (request 50),"Please check the refund status and original payment method. If the stated processing period has passed, contact customer support with your order details.",curated_project_dataset,train
3046,E-commerce,cancel_order,Please cancel my order (request 27),I can guide you through cancellation. Check your order details for the Cancel Order option.,curated_project_dataset,train
3047,E-commerce,return_order,Can I return my product? (request 35),"Return eligibility depends on the product, seller policy, and purchase date. Check the return policy associated with your order.",curated_project_dataset,train
3048,Healthcare,emergency_guidance,What should I do in a medical emergency? (request 33),"For a serious or life-threatening emergency, seek immediate emergency medical care or contact your local emergency service. Do not rely on a chatbot for emergency treatment.",curated_project_dataset,train
3049,E-commerce,product_information,Is this item available? (request 32),Check the product page for the latest stock status. Availability can change quickly.,curated_project_dataset,train
3050,Finance,transfer_failed,My money transfer failed.,"Please check the transfer details and your account status. If the problem persists, contact your bank for the specific reason for failure.",curated_project_dataset,train
3051,E-commerce,payment_failed,I cannot complete my payment.,"Check the payment method and billing details, then retry. If it still fails, try another supported payment method.",curated_project_dataset,train
3052,E-commerce,cancel_order,I want to know: How do I stop an order before it ships?,Open your order details and select cancellation if the option is still available.,curated_project_dataset,train
3053,Healthcare,lab_test,I need information about a medical test (request 52),"Please provide the test name. Preparation, timing, and interpretation can vary by test.",curated_project_dataset,train
3054,Finance,transfer_failed,I cannot send money.,"Verify the recipient details and available balance, then try again. If the transfer still fails, contact your bank.",curated_project_dataset,train
3055,Healthcare,emergency_guidance,What should I do in a medical emergency? (request 37),"For a serious or life-threatening emergency, seek immediate emergency medical care or contact your local emergency service. Do not rely on a chatbot for emergency treatment.",curated_project_dataset,train
3056,Healthcare,medication_information,How should I learn about my prescribed medicine? (request 43),"Review the prescription and medication leaflet, and ask your doctor or pharmacist about dosage, interactions, and precautions.",curated_project_dataset,train
3057,Finance,bank_account,I need help with this: I want to open a new bank account. Can you guide me?,Choose an appropriate account type and follow the bank's official application process. You may need identity and address documents.,curated_project_dataset,train
3058,E-commerce,wrong_product,I received the wrong item (request 97),Please report the issue through your order details and provide the order number and photos of the received product if requested.,curated_project_dataset,train
3059,Finance,transaction_issue,I want to know: Why is my transaction not showing? Can you guide me?,Transaction updates can take time depending on the transaction type. Check again later and contact your bank if the expected posting time has passed.,curated_project_dataset,train
3060,E-commerce,wrong_product,I received the wrong item (request 5),Please report the issue through your order details and provide the order number and photos of the received product if requested.,curated_project_dataset,train
3061,Healthcare,appointment_booking,I need help with this: I want to see a doctor.,I can help you schedule a consultation. Please provide the medical specialty or doctor you want to visit.,curated_project_dataset,train
3062,Healthcare,medical_report,I received my test report. What does it mean? (request 47),"Please discuss the report with your healthcare professional, who can interpret the findings using your clinical history and examination.",curated_project_dataset,train
3063,Finance,credit_card,How can I apply for a credit card? (request 33),Credit-card eligibility and application requirements vary by issuer. Check the issuer's official application process and terms.,curated_project_dataset,train
3064,Finance,transaction_issue,My transaction looks incorrect (request 34),"Please verify the amount, date, and transaction details. If you do not recognize or agree with the transaction, contact your bank promptly.",curated_project_dataset,train
3065,E-commerce,payment_failed,I cannot complete my payment (request 95),"Check the payment method and billing details, then retry. If it still fails, try another supported payment method.",curated_project_dataset,train
3066,Healthcare,symptoms_information,I have been feeling unwell. What should I do? (request 31),"If symptoms are mild, monitor them and consider contacting a healthcare professional. Seek urgent medical care if symptoms are severe or rapidly worsening.",curated_project_dataset,train
3067,E-commerce,damaged_product,My product arrived damaged (request 97),"Please take photos of the damaged item and packaging, then report the issue through the order's return or support process as soon as possible.",curated_project_dataset,train
3068,Finance,balance_inquiry,How can I check my balance? (request 54),Use your bank's official app or online banking service to view your current account balance.,curated_project_dataset,train
3069,Finance,transfer_pending,My money transfer is pending.,Pending transfers can take time depending on the bank and transfer type. Please check the transaction status and contact your bank if it remains pending beyond the expected processing period.,curated_project_dataset,train
3070,Finance,card_payment,My debit card payment did not work (request 84),"Please check your card balance and status. If the issue continues, contact your bank for assistance.",curated_project_dataset,train
3071,E-commerce,refund,How does a product refund work? (request 79),"After the return or cancellation is approved, the refund is generally processed to the original payment method, subject to the seller's policy.",curated_project_dataset,train
3072,E-commerce,account_issue,How do I update my account details? (request 75),"Open your account settings and edit the available profile information, then save the changes.",curated_project_dataset,train
3073,Finance,balance_inquiry,How can I check my balance? (request 78),Use your bank's official app or online banking service to view your current account balance.,curated_project_dataset,train
3074,E-commerce,delivery_time,When will my order be delivered?,The estimated delivery date is usually shown in your order details and may depend on your location and shipping method.,curated_project_dataset,train
3075,E-commerce,refund,How does a product refund work? (request 55),"After the return or cancellation is approved, the refund is generally processed to the original payment method, subject to the seller's policy.",curated_project_dataset,train
3076,Finance,credit_card,How can I apply for a credit card? Can you guide me?,Credit-card eligibility and application requirements vary by issuer. Check the issuer's official application process and terms.,curated_project_dataset,train
3077,Healthcare,emergency_guidance,When should I seek emergency care? (request 79),"Emergency care may be needed for severe or rapidly worsening symptoms. When in doubt about a potentially serious condition, seek immediate professional medical help.",curated_project_dataset,train
3078,E-commerce,return_order,What is the process for returning an item?,"Start a return request from your order details, select the reason, and follow the packaging and pickup or drop-off instructions.",curated_project_dataset,train
3079,Finance,transfer_failed,My money transfer failed (request 65),"Please check the transfer details and your account status. If the problem persists, contact your bank for the specific reason for failure.",curated_project_dataset,train
3080,Healthcare,lab_test,Can you help me with this? Where can I get my blood test done?,You can use an authorized laboratory or collection center. Follow the test-specific preparation instructions provided by your healthcare provider.,curated_project_dataset,train
3081,E-commerce,refund,I want to know my refund status (request 100),Please provide your order details or check the refund section of your account for the latest status.,curated_project_dataset,train
3082,Finance,card_payment,Why did my card payment fail? (request 50),"A card payment may fail because of insufficient funds, incorrect details, security checks, or merchant restrictions.",curated_project_dataset,train
3083,Finance,loan_information,How do I check loan eligibility? (request 84),"Eligibility depends on the lender's criteria, which may include income, credit history, employment, and existing obligations.",curated_project_dataset,train
3084,Healthcare,appointment_booking,How can I book a doctor appointment? (request 89),"You can book an appointment by selecting a doctor, choosing an available date and time, and confirming the booking.",curated_project_dataset,train
3085,Finance,transfer_pending,My money transfer is pending (request 45),Pending transfers can take time depending on the bank and transfer type. Please check the transaction status and contact your bank if it remains pending beyond the expected processing period.,curated_project_dataset,train
3086,Healthcare,prescription,I lost my prescription. What should I do? (request 31),Contact the prescribing healthcare provider or pharmacist. They can advise whether a replacement or copy can be issued.,curated_project_dataset,train
3087,Healthcare,health_insurance,I need information about health insurance (request 92),"Please specify whether you need help with coverage, claims, eligibility, or policy information so the appropriate guidance can be provided.",curated_project_dataset,train
3088,Healthcare,appointment_reschedule,Can I move my appointment to next week? (request 55),You can reschedule if the provider has an available slot next week.,curated_project_dataset,train
3089,Healthcare,emergency_guidance,I need help with this: This feels like an emergency.,"Please seek immediate emergency medical assistance. If possible, have someone stay with you while help is arranged.",curated_project_dataset,train
3090,Finance,balance_inquiry,I want to know my bank balance (request 59),Please check the balance section of your official banking app or online banking account.,curated_project_dataset,train
3091,Healthcare,prescription,Where can I find my prescription? (request 85),Your prescription may be available in your healthcare account or provided by your doctor. Check your medical records or contact the clinic.,curated_project_dataset,train
3092,Finance,loan_information,I need information about a personal loan (request 46),"Personal-loan terms vary by lender, including eligibility, interest rate, tenure, and fees. Review the lender's official terms before applying.",curated_project_dataset,train
3093,E-commerce,wrong_product,I got the wrong product. What should I do? (request 80),"Keep the item and packaging, then submit an incorrect-item request through your order details.",curated_project_dataset,train
3094,E-commerce,damaged_product,Please help me: I received a broken product.,Please report the issue promptly through your order support or return process and provide clear photos of the damage.,curated_project_dataset,train
3095,E-commerce,delivery_time,How long does delivery take?,"Delivery time varies by location, seller, and shipping option. Check the estimated delivery date shown during checkout or in your order.",curated_project_dataset,train
3096,Healthcare,emergency_guidance,I have a severe medical problem. What should I do? (request 70),"Seek urgent medical attention immediately, especially if symptoms are severe, sudden, or life-threatening.",curated_project_dataset,train
3097,Finance,cash_withdrawal,Why did my cash withdrawal fail? (request 55),"A withdrawal may fail because of insufficient funds, card restrictions, ATM issues, or withdrawal limits.",curated_project_dataset,train
3098,Finance,lost_or_stolen_card,I cannot find my bank card,"If your card is missing, block it immediately through your bank's official app or contact your bank.",curated_project_extension,train
3099,Finance,lost_or_stolen_card,Someone took my ATM card,Please block your ATM card immediately and report the incident to your bank through an official channel.,curated_project_extension,train
3100,Finance,lost_or_stolen_card,I lost my bank debit card,"If your card is lost, block it immediately through your bank official app or contact your bank customer support.",curated_project_extension,train
3101,Finance,lost_or_stolen_card,I lost my bank debit card,"If your card is lost, block it immediately through your bank official app or contact your bank customer support.",curated_project_extension,train
